-7.198214719653590166e+00,1.147485560871131227e+01,2.331683445416168254e+01,3.007627037626863142e+01,3.706069625868506989e+01,-7.799390270702092565e+00,1.133151652994576786e+01,2.564500817227806806e+01,2.920086062077724876e+01,4.073513222586744575e+01,-5.336688030734491051e-01,9.914234717271247277e+00,2.767056723022773213e+01,3.159406683931192816e+01,4.160413706555804936e+01,-1.453582902276328248e+00,6.286606368316874693e+00,1.947723814741641135e+01,2.693888979361570080e+01,4.313673170605309792e+01,-3.815299073971575972e+00,4.821324468388446860e+00,2.437562051596481183e+01,3.194195412825946789e+01,4.290873295201967608e+01,-5.560570240741714798e+00,9.516046888622085476e+00,2.904043783501262865e+01,2.648830634071445900e+01,3.718566797655425660e+01,-1.105981213439606536e+00,1.179994173143936642e+01,1.981214662192000375e+01,3.223904061164824952e+01,4.254044715970924528e+01,-7.251692403203761073e-01,1.208447471408615037e+01,2.317680614897989955e+01,2.529058072213881303e+01,3.590428371581339206e+01,2.639141323225746127e+00,7.174702222415916708e+00,2.139131448138084579e+01,2.890659937682164582e+01,4.375030146406577103e+01,-6.130220339812271213e-01,9.306739934716629747e+00,1.775652718078817571e+01,3.411200374342747210e+01,4.171782213267614736e+01,-2.525340350957387514e+00,1.106299399130580774e+01,2.654981278009740464e+01,3.136842952242589888e+01,4.295505484593682155e+01,5.458306721427915953e+00,6.818967418040554840e+00,1.804699435098572025e+01,3.000035849667924026e+01,3.675031869174489429e+01,-2.917769945868075254e+00,8.914883270767509416e+00,2.081878119031313190e+01,2.762444669890466642e+01,3.730170035000885775e+01,2.637389390125341571e+00,1.139905479399781107e+01,2.274989222406430756e+01,3.605683747617535317e+01,4.255303607360422546e+01,-2.829584986143713010e+00,1.308764711994722596e+01,1.507140437057292459e+01,2.664584473868731251e+01,4.028132326634773364e+01,1.681126871608881190e+00,9.938306218854055629e+00,1.477424136342271055e+01,3.060724002272849376e+01,3.833730214164143746e+01,-4.208750967896719430e+00,6.471867972086799981e+00,1.591689624357016619e+01,2.853234591687373367e+01,3.876587129329159609e+01,-2.171300068924320037e+00,1.142422901653035794e+01,1.786840718543193418e+01,2.730920310296335884e+01,4.129705522917056726e+01,3.418601800880328057e+00,6.463898741875676812e+00,1.682680244591395535e+01,3.060460526470247089e+01,4.264499909949785206e+01,-2.786851980636842363e+00,1.148678788182569477e+01,2.094753957605500716e+01,2.886577568436973351e+01,3.762635670217958506e+01
-2.233154143968248739e+00,8.617247623981473481e+00,2.054065495197944102e+01,2.866072408654499171e+01,4.159511074313564905e+01,1.620218085695984689e-01,7.181869186631033131e+00,2.518926883143275219e+01,3.089493779978890942e+01,4.394942441312743142e+01,1.786517797368307070e+00,1.129656227213263442e+01,1.914603847230084455e+01,2.919934112976951468e+01,4.301770330078847593e+01,5.347485468287775490e+00,1.454889026834841381e+01,2.158367281971548834e+01,3.180177255462011132e+01,3.634498480474658066e+01,-9.622276494754835596e-01,7.739927155096301803e+00,1.883019752147455961e+01,3.315641434717339564e+01,3.822450217567419628e+01,-1.058573310744197249e+00,1.506600387563901577e+01,1.829941731579671682e+01,3.487715849578449934e+01,3.679127302328220850e+01,-1.708667355886102079e-01,9.821845690150674102e+00,2.187224861500613571e+01,2.562211615414846122e+01,4.227586026971987110e+01,1.656187173268416579e+00,1.176809618217838427e+01,1.649454536170946284e+01,3.189803474594527799e+01,4.250381479312675737e+01,-3.182878728393121470e+00,9.329982220215704558e+00,1.965847126871565109e+01,3.406598261068813827e+01,3.829945135272555490e+01,5.460293229607964705e+00,1.326661448758099837e+01,1.686933513272453666e+01,3.294202532813109485e+01,3.968816192091020412e+01,5.631388410874449413e+00,1.076544096281857144e+01,2.265023326598842957e+01,2.675580966363449065e+01,4.092628881776639105e+01,-7.000673221303463922e-01,1.039879822215762850e+01,1.597734771529543885e+01,2.773258694457093654e+01,4.015686437395297048e+01,-1.224894681827616516e+00,1.189836918489790385e+01,1.581882995518060220e+01,3.666488121512117004e+01,4.058364543721552309e+01,1.670116839419666377e-01,1.025653126887264577e+01,2.424306008374736265e+01,3.388016292973460253e+01,4.145472526938499414e+01,1.287145733217984533e+00,4.109763521744059567e+00,2.424489886993708865e+01,3.060848097134710954e+01,4.186390910645844343e+01,4.147284015104620636e+00,1.169934991412317338e+01,2.003201563309331590e+01,3.264383164880921839e+01,4.393847952606328278e+01,4.538579729148101372e+00,1.372046090519309480e+01,2.194859862462562461e+01,2.939374007227507590e+01,4.225972925172017369e+01,-1.414175232504963464e+00,1.144815177910147241e+01,2.093019106888028702e+01,3.305889448101143557e+01,4.178045655907404665e+01,-2.940186629583821931e-01,9.364555783149482338e+00,1.727152376288481506e+01,3.004101318761705741e+01,3.891513070501630267e+01,1.284295992144533383e+00,2.291195836084207293e+00,1.764375602843190549e+01,3.045172424327903116e+01,4.197119428525673612e+01
2.619157165960772637e-01,8.817199531326499695e+00,2.114524268025567721e+01,3.150672264369614695e+01,4.380064174947440137e+01,-1.460802246633702284e-01,1.249272543331900387e+01,2.120081412251295561e+01,3.411583937879554185e+01,4.123652292563672006e+01,3.183233168035919380e-01,6.120836857721167590e+00,2.244437530213215837e+01,2.661889583585909591e+01,3.788733855581213561e+01,1.768284363870132436e+00,1.241378925942601086e+01,1.972052991823882806e+01,3.068478940281728029e+01,3.912844102052492445e+01,-2.110246708672087745e+00,9.990565621459166934e+00,2.150945344008798088e+01,3.060448768666273978e+01,4.407816585180982827e+01,-4.766080746811898194e-01,1.575141671912557229e+01,1.791414585199802190e+01,3.221300643452401857e+01,3.938140589146891557e+01,-2.663416744747589160e+00,1.032223160312660326e+01,1.699215591852164309e+01,2.371482858686999151e+01,3.837116678358301414e+01,-4.061575272082738053e-01,1.106712018890874916e+01,1.723977040834180485e+01,2.929588601411967730e+01,3.978233048989658016e+01,-5.920490728643301281e+00,1.362200475360052287e+01,1.880328923488816883e+01,3.400138105764045804e+01,4.013584092280352422e+01,1.844830061276876432e+00,1.325754451720872495e+01,1.589428960265050961e+01,2.764420628597434870e+01,3.949611471208801561e+01,2.327213891916623645e+00,8.699713406001393423e+00,2.187552249878626753e+01,3.119673877866843981e+01,4.073456157514807074e+01,-2.148151299317538676e+00,9.953534818666319950e+00,1.814845049337688110e+01,3.312430545718896724e+01,4.370708833366251156e+01,-1.537965347683784234e+00,1.169406240031025845e+01,1.665786725935582524e+01,3.135782224792109574e+01,3.887096044183270038e+01,3.511707482611725162e+00,1.082315823421847867e+01,2.264274680836223297e+01,2.637054550890789528e+01,4.221988764472164490e+01,-1.470000302662595404e+00,6.907743863850219768e+00,2.582188553957111665e+01,2.839506925164383588e+01,4.202050774597490346e+01,5.512575796444783904e+00,1.052513501756370928e+01,2.065260122429150513e+01,3.196243414016446138e+01,4.138031416156809428e+01,3.689316793909616976e+00,7.865308935535089141e+00,2.247929202142428551e+01,3.035941048542980170e+01,4.099631333767361951e+01,-6.308110315158257375e-01,7.286131207742958971e+00,1.845582528386738375e+01,2.893525156151301303e+01,4.006059557418937089e+01,-3.896697223243468233e-01,8.140477259719071768e+00,1.800106128294637031e+01,2.495173630463099812e+01,3.976103095254905639e+01,3.816796645904547702e+00,6.802402530230786226e+00,1.974684485389828126e+01,2.817029065500672402e+01,3.870112543772606273e+01
3.725560221542237205e+00,1.065015334553229032e+01,2.316836807000643006e+01,3.075252391243047967e+01,3.653057138363436707e+01,-1.217068432478110918e+00,1.643308431068589215e+01,1.732478634788206406e+01,2.787951181915504861e+01,3.857445140191227040e+01,1.684225717259596689e+00,8.794941378312620017e+00,2.093766311147838621e+01,2.772765764153061596e+01,3.473138323564913321e+01,-3.790449427099981117e-01,1.132350380256541733e+01,1.983643855471770223e+01,2.973918758944160956e+01,3.942676047974221376e+01,-4.624248739941062780e+00,1.286181769075121828e+01,1.648602313210730586e+01,2.780658853458622914e+01,3.971689858648486648e+01,6.257247868410905411e+00,1.027630365704940552e+01,1.654110188477918442e+01,2.931549170980900598e+01,4.145271961339459921e+01,-1.182835389394780057e+00,6.007460605227016082e+00,1.713918175479766859e+01,2.457714250602410644e+01,4.215879939940568732e+01,3.648808104216438863e+00,1.179976986862499189e+01,2.607228954508252627e+01,2.839253346671428346e+01,3.810841071340710329e+01,-2.444834371724787125e+00,1.563397398703660279e+01,1.323230692320555058e+01,3.230964723984527609e+01,3.387018792519971555e+01,1.466253099041445296e+00,1.193069945919622832e+01,1.515342620395734485e+01,2.858826409727933537e+01,3.467076604735358814e+01,1.807115600446749237e-01,1.084783485224671118e+01,1.605050666471356280e+01,3.127366785728307264e+01,4.066117149840499678e+01,-4.336715131840984672e-01,7.993157977295907379e+00,2.396266075573353760e+01,2.213364627042575705e+01,4.669153308991398887e+01,5.342973532131088277e+00,4.277249123026170885e+00,1.639168393012668901e+01,2.933307120108000632e+01,4.403907912321764684e+01,7.289791028615436375e+00,1.682497439448439280e+01,1.622197974909772000e+01,2.460215892325989628e+01,4.602574733271666929e+01,9.290566684536487596e-01,1.109344976702871932e+01,2.133144241449426914e+01,2.938243345515766691e+01,4.199238215347208580e+01,-8.351568027080763512e-01,1.192591910105563180e+01,1.714327457313769187e+01,3.175103260429273888e+01,4.270080782130183650e+01,5.467428778251406385e+00,9.878160346912990164e+00,2.331636853766218920e+01,2.893092987018838613e+01,3.701956314318565688e+01,-2.381547584896424485e+00,4.100661803551843398e+00,1.431299255390686476e+01,2.911599140803075514e+01,3.671510257188153759e+01,-2.945825166594507327e-01,1.216433553054937455e+01,2.328893903419766787e+01,1.822906910427543536e+01,3.936781652420570765e+01,-2.056649815647936030e+00,6.510134789471273109e+00,1.851156853842512362e+01,3.358538715580336032e+01,3.688654216121341278e+01
2.321088867495464392e-01,1.531851989881464426e+01,1.912709071155419949e+01,3.192050703389819333e+01,3.837245692700260946e+01,4.532155861672502728e-01,1.185409681527907466e+01,2.055742279226300084e+01,2.912927837663243125e+01,4.027218456039535965e+01,6.742918239282180703e-01,1.108471392530222488e+01,1.723621203156974957e+01,2.653710518850946087e+01,3.874100308139998106e+01,3.881740833220148623e+00,1.329044956356612772e+01,2.645701493353634604e+01,3.196209087767796575e+01,4.192474986338271492e+01,-3.598755869831252063e+00,1.040266721572889352e+01,1.988488691667549801e+01,2.715908339493373447e+01,4.203323277284588499e+01,4.174487058511892279e+00,1.224378311495786065e+01,1.840439775481819495e+01,2.809406769739572951e+01,4.459775476361323854e+01,4.926101778914072638e-01,7.903194206676918299e+00,2.015240888113649120e+01,2.806236298809310270e+01,3.767379281941858693e+01,-5.491605082400149662e+00,1.444300152441453733e+01,2.144542793271386216e+01,3.070436958308680175e+01,4.091379303305645720e+01,-6.511068290323880348e-01,1.291067192532368679e+01,1.935107166045490956e+01,2.669562944523018544e+01,3.999788367304254422e+01,-6.167642305060256014e+00,1.140486024384325781e+01,2.094317881609536514e+01,2.832591928252818292e+01,3.955290668372386875e+01,2.905979369684050795e-01,1.052426815400943561e+01,1.704671943878735263e+01,3.200303212604500658e+01,3.840853829711388556e+01,-2.188875193758556659e+00,1.264770031168771602e+01,1.551935195410361779e+01,3.596224060900807018e+01,3.907302175706172420e+01,2.694895142768774843e+00,9.777670681354171833e+00,1.993507292694287969e+01,3.037091883589036811e+01,3.849354729143413323e+01,-3.213078138893266100e-03,1.031834093256079932e+01,2.394144719746296701e+01,2.871659189017874425e+01,4.304575450487102728e+01,1.549736435070990792e-01,9.076446183259248457e+00,2.247410681403913202e+01,2.706045021734531630e+01,3.880341103440630945e+01,-1.918229316307881849e+00,1.068576574539937241e+01,1.717929965947949356e+01,2.587934990593229045e+01,3.875477278170045281e+01,-5.968735239560190031e-01,7.979728003097404709e+00,1.796401401910766893e+01,3.147983760410147624e+01,4.005085423821471835e+01,-4.269168897301711674e+00,1.378960705381015295e+01,2.724667886820179774e+01,2.599760111320463807e+01,4.044271314224579328e+01,-1.157887020681495294e+00,9.487023224934603149e+00,2.097555863478647353e+01,2.891093720038325188e+01,3.567507896560932323e+01,5.441101545371336279e+00,1.158262716180371399e+01,1.817100953452811041e+01,3.089097772222217131e+01,3.910801099138859627e+01
-1.852434486717667417e+00,1.008931963544732113e+01,1.621298546963086551e+01,2.479621551531991486e+01,4.426172310213842565e+01,-6.033613618051401950e+00,8.428726770231518728e+00,1.991258034441724334e+01,2.890296696269674115e+01,3.898816447882386171e+01,-2.600242850233627667e+00,1.051041402600229446e+01,2.250934329708084647e+01,3.377847247493716765e+01,3.695877365343827847e+01,1.680574924851181429e-01,1.355138842022937951e+01,2.226607793509668554e+01,2.877065786374288692e+01,4.024633288841950218e+01,-1.245731129712039920e-01,7.339079496530849234e+00,1.822268057959281506e+01,2.763207827374298375e+01,4.061939578350376223e+01,4.049836323926354176e+00,2.121304705621536613e+01,2.340276208415758319e+01,3.163355518839743041e+01,3.751754733833164579e+01,-5.207550530136952460e+00,1.092111062980456460e+01,2.328380162819765431e+01,3.257609349515924180e+01,5.117134824662053205e+01,3.331073518391509225e+00,6.336449964039207572e+00,2.069838193320179798e+01,3.384535127040471281e+01,3.913700137116831712e+01,-2.791114195968283918e-01,1.653283540858717515e+01,1.698674178899997855e+01,2.990830048946531505e+01,4.036101280319957851e+01,2.324585460272104331e+00,8.802677077230704583e+00,2.222650589585454739e+01,3.507692965415289166e+01,3.368615405166405452e+01,-9.091594532064997125e-01,1.215599522990227044e+01,1.662645080195823155e+01,2.870156523118184211e+01,4.058704682246632700e+01,-3.195852432693086165e+00,7.223910638814660778e+00,1.632704905416817809e+01,2.618133096988090003e+01,4.221226083217548108e+01,6.769951132525767967e+00,5.231712244148133628e+00,2.066210288165523323e+01,2.848366669735743528e+01,4.217710498385579143e+01,4.420130696233477430e+00,1.495196651731652082e+01,2.048989211354302498e+01,3.232316818888945420e+01,3.576636990599212140e+01,-5.449284868367346490e+00,1.137865739851716818e+01,1.918475202679668001e+01,2.956431497450367019e+01,3.720844042727196666e+01,1.257327611012853508e+00,1.340007763609678015e+01,2.085170463731455115e+01,2.959731726902714755e+01,3.573221101516446652e+01,-5.197057468669886049e+00,1.875047022487914816e+01,1.660448937416465398e+01,2.803625642883159941e+01,3.473940731737510390e+01,-1.045876736370122684e+00,1.322435633734535365e+01,2.535531640014132648e+01,3.134320451255572948e+01,3.735863866959667234e+01,-5.468275726051389007e+00,1.058008504938139716e+01,1.732335799536733845e+01,3.404844366830997160e+01,3.739952124671224709e+01,-1.722542119499842261e+00,6.495728370453637268e+00,1.720964329346427135e+01,2.342803862875951992e+01,3.837131631063526527e+01
-2.898200437440752619e+00,1.102267178231009659e+01,1.898623659520195872e+01,3.063477361170953728e+01,4.565235104767982932e+01,2.249505299127432245e+00,1.039067309153787022e+01,1.974233795305250183e+01,3.527890824340674669e+01,4.071709943474928650e+01,-5.634175625218384997e-01,8.156081986990402655e+00,1.534544435747912416e+01,3.000626037730002693e+01,3.420654295538413692e+01,3.665341618663948697e+00,5.673631221737567287e+00,1.487492997025262298e+01,2.836330748957010428e+01,3.947887379167684685e+01,5.364712041767816686e+00,6.926545515825514698e+00,1.753777500546194545e+01,2.743968895566264621e+01,4.117119988601118763e+01,-3.712825141929774198e+00,1.416117755569893610e+01,1.768677466201548043e+01,3.325679494650151469e+01,3.839347109878968212e+01,-1.147635448573015182e+01,1.249207255342421163e+01,1.715074851658591015e+01,2.929688201837466721e+01,4.180768601827716680e+01,-2.051559265534563803e-01,6.543912882384507412e+00,1.859323816704276311e+01,3.391865169666011326e+01,4.147977374580151633e+01,-1.604568143398101832e+00,1.540059433538072398e+01,1.986509983722551098e+01,3.075974699873333762e+01,4.231675709719738876e+01,2.679997766962727734e+00,9.880952144135306980e+00,1.727724612821463523e+01,3.322004809892833777e+01,4.066134886635254020e+01,-1.797660002928185730e+00,1.077962551014580761e+01,1.587829405203587640e+01,2.597852040329330947e+01,4.246956325435174762e+01,-8.052495055786531575e-01,1.337582532500988286e+01,1.750150533273236420e+01,3.126766125355120352e+01,3.960491366679777769e+01,-2.978452950542947342e+00,1.317263003487613737e+01,2.520955364756034456e+01,3.046350516704961109e+01,3.730730555964343864e+01,4.082716658216694938e+00,6.367807710701534063e+00,1.815661904888692746e+01,2.658597103505082515e+01,3.582009715580631593e+01,-1.848035612109174775e+00,8.440748105814448010e+00,1.896160481490875682e+01,2.985315738755335246e+01,3.982325092364001051e+01,3.802943481257180292e+00,1.005175130887302259e+01,1.914868024920916412e+01,2.435485230090814923e+01,3.862787938138763622e+01,8.230160067089759002e-01,1.149267741508128360e+01,2.134671259487999606e+01,3.165851574018307701e+01,4.152424545584913318e+01,3.477193751813482336e+00,8.918193662898307394e+00,2.188835581493549043e+01,3.445019007603212202e+01,3.497708413600456367e+01,-5.521271937437131960e+00,9.650860486906699620e+00,1.508355028011771104e+01,3.599351636643481811e+01,4.272649653234108058e+01,3.569365037269383589e-01,1.272244465818448944e+01,1.777139426226376173e+01,2.566045141251399642e+01,3.698646923978434842e+01
4.354498352490187685e+00,1.266503733240958773e+01,2.351103102138433698e+01,3.298284705995327926e+01,4.009698640397688507e+01,-2.098283283979614833e+00,1.916281018259429914e+01,1.410661394439211236e+01,2.733356728807245162e+01,3.890950085033519201e+01,-1.230944320878740728e-01,1.381280170905571580e+01,1.894506800044838357e+01,2.514774174223905234e+01,3.578560329838921916e+01,6.647756051244426700e-01,1.147234512531674255e+01,1.314132596838994615e+01,3.313597164193557632e+01,3.991406147431111862e+01,-1.153421710273053513e+00,1.159357799875810180e+01,2.036176944591424487e+01,2.906376444184304120e+01,4.189491054982570262e+01,5.142752478197667010e+00,6.407670475060463389e+00,1.448937475590823709e+01,2.838757216345815237e+01,3.287938853335256795e+01,4.629416838423340508e+00,8.475679950847760935e+00,2.110547482110592199e+01,3.041029245848363516e+01,3.928578031711371210e+01,4.028618828396266061e+00,1.002524573509635175e+01,2.942213687802465927e+01,3.246245611280774312e+01,3.682713831178281083e+01,-3.652614515127164729e+00,9.578337017691596955e+00,1.646972796193326261e+01,2.785968988045317118e+01,3.844224347495832461e+01,5.258515625466330334e+00,1.447286648700413103e+01,2.366070067016937628e+01,2.422877065772809857e+01,4.141976441861487501e+01,8.891187202598074268e-01,1.086645323818374997e+01,1.285296894289353631e+01,3.244516906475011808e+01,4.352843927198724572e+01,9.928474233008937055e-01,1.328199669281070605e+01,2.141114168927883199e+01,2.512527329257056508e+01,3.878500315931758280e+01,-3.520243252318359328e+00,6.711385167066956647e+00,1.876553750551269317e+01,2.669235749265670776e+01,4.061161391722068714e+01,7.715428013251706130e-01,1.251825754581115646e+01,1.624517398448348970e+01,2.488478452961749454e+01,4.065492483100781129e+01,1.325450923315185214e+00,1.111355999381951065e+01,1.482301552043451132e+01,2.948863521532360821e+01,3.867100987093197517e+01,-2.820682534212973103e+00,1.334347652901707981e+01,1.884862725480456191e+01,3.171062504056645182e+01,4.178733232058609559e+01,-2.985678125325759602e+00,1.193785731342844514e+01,2.543912230617138093e+01,3.047609853888671694e+01,4.170045064948376989e+01,-4.031709585382992955e+00,8.025453370775315065e+00,1.302302560498258543e+01,2.730770092914991309e+01,3.899665331346289321e+01,-7.047476489962904989e-01,6.493778333675095382e+00,2.374553838561139329e+01,2.715177617701451851e+01,4.064744884335379993e+01,-4.318693510733218943e+00,1.238020595820040448e+01,2.215145145488964573e+01,2.955626646762167553e+01,4.210681645944677598e+01
9.277209776525694451e-01,1.339212156824934041e+01,1.851459388344294155e+01,2.633475718773535945e+01,4.229097756147014309e+01,2.958171798602515778e-01,6.289094305393001960e+00,1.393564821295166389e+01,3.273118448384876444e+01,3.993998355275908807e+01,5.527823498477035802e-01,1.285073714447891469e+01,1.424476169186513097e+01,3.175865199927800830e+01,3.925677623880009293e+01,-4.985747123517516588e-01,1.309792434930831639e+01,2.060343447373272596e+01,3.186004024864719142e+01,4.263334115751325726e+01,2.994977161301628055e+00,1.513895440949015381e+01,2.158623514497043416e+01,2.831577670283495252e+01,3.788408969456814646e+01,-1.425639928760323194e+00,8.120116730510350322e+00,1.591112186668885542e+01,3.370015158326179971e+01,3.732983355497815126e+01,1.865612744170491277e+00,1.067248850115575820e+01,2.142796747408326041e+01,3.609700188068040205e+01,3.765484212955422549e+01,1.292169487544734541e-01,4.185491560030557778e+00,1.794677354034805461e+01,3.454796808438756273e+01,4.534973326327774146e+01,-2.258828936415396615e+00,4.817700402504107693e+00,2.528094067993637850e+01,2.760122627028797382e+01,4.458428522866935140e+01,5.650607992641498711e-01,1.224349599350392737e+01,2.121628517571227235e+01,3.192121928908155226e+01,3.818977726079963730e+01,1.865804116151212444e+00,4.972733260697840052e+00,1.683325610029136143e+01,2.714372073148658870e+01,4.182620727945165129e+01,-9.571715907877398344e-01,1.229514018094188899e+01,2.315575262071705254e+01,2.946250098408268059e+01,3.282047432207188109e+01,-5.210409461091851213e+00,1.708161978234431189e+01,2.290674110281938525e+01,2.927539535180326169e+01,3.917906505794969263e+01,-6.549676415962928822e+00,9.711167821518888132e+00,2.146897884473709439e+01,3.261152918117338828e+01,3.604327715216341232e+01,2.879466597597921229e+00,1.479669228605481912e+01,1.111322183978774802e+01,2.911723758058719369e+01,4.071017889083521624e+01,-7.872908951482564532e-01,7.301800040767425060e+00,2.367885559472868096e+01,2.824954091291273173e+01,3.717611382292988509e+01,-3.460228385834446030e+00,1.184053614843896440e+01,1.726298335539924267e+01,3.042030726498265736e+01,4.336789642994650507e+01,2.578387624223372754e-01,1.289212228701984486e+01,2.358624319594449759e+01,3.466039259408945128e+01,3.865444723438669428e+01,-2.183462252784646118e+00,1.393158306819756298e+01,1.960926482202146914e+01,3.717513587041478473e+01,4.101733553123894183e+01,-6.325987682777098886e-01,1.347928134472108752e+01,2.185597880243853197e+01,2.888129170266618573e+01,4.228128330291107062e+01
1.715209409584401712e+00,9.311492163503380937e+00,2.221083915489141702e+01,2.874772209354791386e+01,4.347474182088371464e+01,3.642364081559605005e+00,9.434075622217482859e+00,1.693541504252468854e+01,3.595578044289913322e+01,4.331036985686404961e+01,4.474579804391233928e+00,1.705880593493897379e+01,1.790683937731645159e+01,2.767699981711553647e+01,4.403534413582345763e+01,1.292525639073544452e+00,1.103873328138314847e+01,1.992382364463021460e+01,2.968057658925915732e+01,3.567747171788413851e+01,-2.933782174381123653e+00,1.266582999675643251e+01,1.775394194641575396e+01,2.614390024933457468e+01,3.868010014300045185e+01,-1.594518888807480383e+00,1.032290906208611325e+01,1.591249698522425149e+01,2.999298090974177100e+01,4.366154846400502976e+01,5.739040313607238986e+00,1.361887976965996927e+01,1.768909743439670024e+01,3.179827553367831783e+01,3.885241223830028190e+01,-1.524888291750320812e+00,1.181952357566808587e+01,1.362301866700640396e+01,3.374547836638744513e+01,4.051569478887492437e+01,-3.219498715718220438e+00,1.053026588736135594e+01,2.631629360263814732e+01,2.936215595806406853e+01,4.036280193166382446e+01,1.998928667015385852e+00,1.284838552500135833e+01,1.765045033771671612e+01,2.573836270018837880e+01,3.886739640243671801e+01,1.723760879357262965e+00,1.302252178545935024e+01,2.010761841269299310e+01,2.507212471853272717e+01,3.729090709197348019e+01,-3.369266757621789399e+00,1.032035168169475270e+01,2.523024089749803878e+01,3.225912885878865666e+01,3.975066644778337377e+01,-4.617939030029175385e+00,1.324686702438999575e+01,1.444772677273399353e+01,3.238797731611280994e+01,3.928817127161938316e+01,-6.799620537666495323e+00,1.091982735453181697e+01,2.453297732589137681e+01,3.048880939526034695e+01,3.775464398691148205e+01,3.245474058591073074e+00,6.463896035165783260e+00,2.407805477586097709e+01,3.115025421277705675e+01,4.166804336767689421e+01,6.288783781755067359e+00,1.242898595024993647e+01,2.044452280473748473e+01,2.701005191033273434e+01,4.238965815796138514e+01,1.232861091295673361e+01,6.868531426689461483e+00,1.834125755784516443e+01,3.064254001952207673e+01,4.304961214729583219e+01,-1.964086710601734787e+00,7.531439827861338365e+00,2.071175201105689467e+01,3.683521562924755699e+01,3.667351824565922414e+01,-2.689830111025097281e+00,1.066922354893586800e+01,2.135831890133597355e+01,2.869210691992818241e+01,3.854454208174915664e+01,2.814859731358429595e+00,1.113132715996790267e+01,1.357019002569126087e+01,3.358257859713849314e+01,4.281423043807486550e+01
6.528577488219834413e-01,2.073391004885718036e+00,2.021007774826860626e+01,3.288015486629355166e+01,4.061486968311985635e+01,-1.589676788680073338e+00,1.008205966508440632e+01,2.253991489467965081e+01,3.021391780636696112e+01,3.908982196092281214e+01,-1.943087400913859453e+00,1.173065498281476593e+01,2.410391240557241943e+01,3.080478530873795506e+01,3.439648261645856309e+01,1.025993535644760923e+00,7.551447632158224010e+00,1.789741783236421213e+01,2.448136367167424510e+01,3.791755897166117961e+01,4.309302971006541583e+00,8.797353775957539312e+00,2.004412144770686410e+01,2.981050021364892189e+01,3.777534390452809276e+01,-1.107887655430306317e-01,1.895162463099050498e+01,2.193715483595405757e+01,3.268347591780387518e+01,3.417015521495994790e+01,-2.506450938534019901e+00,7.073723293953545266e+00,1.631753193433698357e+01,3.219128902817330840e+01,4.173090567855752653e+01,2.453985532793350632e+00,8.579588457376575050e+00,1.816277777617127498e+01,3.261714980589506752e+01,4.508955824403137314e+01,7.475290268005103655e-01,1.412444407671322111e+01,1.283265842004649571e+01,3.356297444724059886e+01,3.388322258302864753e+01,2.738268440568425888e+00,6.666656820555158625e+00,1.750853559605915066e+01,2.975538025916771545e+01,4.015140529652465773e+01,-1.992865446120337225e+00,1.421317691768577340e+01,1.815646031645880498e+01,2.691633193620933184e+01,4.246906063550469668e+01,-3.740950812185144692e+00,9.295337450850237104e+00,1.757802821031073748e+01,2.824174096782622101e+01,4.158993405691649770e+01,5.027995953240535165e+00,8.931909173383221656e+00,1.716506035400742647e+01,2.970908893937349760e+01,4.157893199005715701e+01,4.682881093575860021e+00,1.012211590327973454e+01,1.240311154857248255e+01,3.002434203125294943e+01,4.601325317295312800e+01,2.159904779451318646e+00,1.136520671081474276e+01,1.442771235863737367e+01,2.949358478038546494e+01,4.238846973191926537e+01,4.785506648682982700e+00,1.333892032040264652e+01,2.479278731731622543e+01,2.876959886146086376e+01,3.813776251892392111e+01,1.356331689975410759e+00,1.099718032873154883e+01,1.611942445161299986e+01,3.459585217470309715e+01,3.550811869745705707e+01,4.508692527793956017e+00,9.132615732216610382e+00,1.660191412210457784e+01,3.303734818122620709e+01,3.799626510672531055e+01,-2.111659128959790799e+00,1.296963322956569087e+01,2.054234411167403351e+01,3.124964133287602763e+01,4.101007314100279899e+01,-4.339465638771089928e+00,1.020589073300097205e+01,1.743870689196943857e+01,2.201349564796968750e+01,3.971968115905149688e+01
-4.081769668816283003e-01,6.433949033961889441e+00,2.131608661103419422e+01,3.062697858065767775e+01,4.779503440992928631e+01,-2.095300587435691586e+00,1.297774078819743160e+01,2.426373282289900146e+01,3.087690783235147407e+01,4.480299277340310482e+01,-6.726671858765007173e+00,1.716479715195546163e+01,2.304470149957265335e+01,2.359930426847011020e+01,3.963776049171278260e+01,-1.138528127679812041e+00,1.720465011691618074e+01,1.929876555546455563e+01,3.180817224653394248e+01,4.586902951485116375e+01,-4.165743944621253192e+00,1.142859928063423425e+01,1.991731328922983479e+01,3.908172160584940258e+01,3.582370154229317194e+01,-3.013926145772225507e+00,8.824286552557824237e+00,1.904670725435828516e+01,2.847518290944007546e+01,3.711259386316209685e+01,-7.618359533177990528e+00,1.167019200800016598e+01,2.438515421000324679e+01,2.878034472090269347e+01,4.742775195910138564e+01,-3.827734662885376338e+00,1.005130182682606055e+01,2.379048851210405857e+01,2.952103106934890064e+01,4.150500215919692693e+01,-1.608873915014134903e+00,1.377154828677039333e+01,1.494894075481782281e+01,2.289981599319453309e+01,3.953787195653040953e+01,-6.116405795973795634e+00,1.327055194941090122e+01,2.882980239645510068e+01,3.537998187128982153e+01,4.010276575284130018e+01,-2.010786216792146419e-01,1.772811562378367256e+01,1.700319218284837319e+01,2.783049110394656722e+01,3.532477981751347329e+01,2.345409230752218743e+00,1.238175921522974932e+01,1.685150717383959318e+01,2.465609133709976319e+01,3.652557919170246237e+01,-1.541367002686589327e+00,1.080674566485434518e+01,1.471853423671101524e+01,3.154906859127265406e+01,3.581425881496717523e+01,1.584101309059245288e+00,6.631165453067030313e+00,1.539439544394403470e+01,3.228192059442834960e+01,4.109063013413924637e+01,1.744858559703089673e+00,6.546773954825036768e+00,1.303915096598257151e+01,2.973505008980719211e+01,3.857621919236343899e+01,4.165504576899991207e+00,1.434842731063974952e+01,1.333526567713455080e+01,2.359268698217145754e+01,3.808488120183274361e+01,3.352586262296690656e+00,1.086892222926107010e+01,1.709154041900028886e+01,2.804286044104670950e+01,3.930952084786397904e+01,5.169374479941216904e+00,1.096264250259466166e+01,1.413219140832418397e+01,3.135211341943285746e+01,3.846855073638123912e+01,-3.767716921493122206e-03,1.265033367319863089e+01,1.461245964572293587e+01,3.174529377760331883e+01,4.189632540011417206e+01,-2.131806453027001780e+00,4.137918859437558439e+00,2.383338298995630566e+01,2.412726448407147117e+01,3.931340684557913079e+01
2.481235443900685400e+00,5.413718099264034578e+00,2.421932091367145290e+01,3.181795141133114058e+01,3.736701529497904772e+01,-3.431461787470937441e-01,8.705626757848186514e+00,1.605682528620892313e+01,2.406279028154919786e+01,4.008162692113481995e+01,1.722327432498921951e+00,7.582267916186707701e+00,1.919498500561277865e+01,3.327862197256835231e+01,3.823226985035034176e+01,4.617027206152598540e-01,1.185168941502974960e+01,1.490048436679143862e+01,2.808442536684118451e+01,2.768712865828737790e+01,3.928189885032057127e+00,5.398517440283917779e+00,1.457044102416949727e+01,2.807277222756027868e+01,4.093505025928866559e+01,7.371884431579528218e+00,1.373775924762089318e+01,2.183356441941451109e+01,3.430125962334799539e+01,3.445839010263694746e+01,1.658301268499533299e+00,9.354576384673066514e+00,1.892639202811119503e+01,3.092830146383698420e+01,4.052084732508527765e+01,8.967322426004863400e-01,6.699913150815849150e+00,2.025792710195946356e+01,3.243041353363643253e+01,3.605883494953582868e+01,1.872715695552628290e+00,1.597236760004211220e+01,1.346242366809279645e+01,3.481214942609544494e+01,4.010043816696781960e+01,3.896321973719962806e+00,5.287493298370994133e+00,2.005964047843841769e+01,3.550335795330487798e+01,3.511242840363214412e+01,-3.750587310926520423e+00,1.114363667284136206e+01,2.018823833409873458e+01,2.743513907110920158e+01,3.541208544235249889e+01,-4.261885666716784371e+00,1.120241993349419474e+01,1.793363780813203689e+01,3.012558088038756310e+01,4.269322607940264902e+01,3.096187302051149448e+00,1.582118854189631385e+00,1.754618457732089354e+01,3.082958175469510920e+01,4.461254589482945221e+01,-3.522414415389678588e+00,8.036404938112854168e+00,1.758969144212852243e+01,2.547328364443910687e+01,3.863723906927543794e+01,2.454200218606179984e+00,6.995503029751910518e+00,2.168226064062249137e+01,3.283771301822148558e+01,4.491393870531518928e+01,7.098483671802631179e+00,1.333556569061128272e+01,2.473684725503241566e+01,2.921261717300768623e+01,4.321568476190750374e+01,1.149361138980204755e+00,3.253976770700382826e+00,2.260304642133973374e+01,2.889828860614410289e+01,4.040290208258097238e+01,-1.562655234072300781e+00,5.546259297676128242e+00,2.030119213881706841e+01,2.738539507064342970e+01,4.091094542179169480e+01,-2.378955770427772620e+00,8.363693484623281549e+00,2.528926161277750140e+01,2.852185045403131625e+01,3.700954856658972147e+01,-2.331924390053587981e+00,1.415171022420296154e+01,2.098063790850063981e+01,2.950165601468859933e+01,4.111689829044587441e+01
3.245660356666496771e+00,1.808884198393357678e+01,1.963461744715060675e+01,2.871019210280332246e+01,4.275783955431393224e+01,-3.628273778779413483e+00,9.313150183054064613e+00,2.868991270406623428e+01,2.779318101389714712e+01,4.279308919271176137e+01,9.471962561557771831e-01,5.117619923875825982e+00,1.872342823726303607e+01,3.309501661805447270e+01,3.420723174396395194e+01,-1.228132657243932391e+00,1.360993026417742691e+01,1.765107812385116404e+01,2.823989102026127185e+01,3.902769204884032916e+01,-5.554356664763746565e-01,1.382733272808498626e+01,1.646547926357998293e+01,3.161350764546525838e+01,3.954160090486885792e+01,-3.784233137566541672e+00,1.086934115833356884e+01,1.977011467827140123e+01,3.691271236270083023e+01,3.928153282728117546e+01,-2.500329367895911314e+00,9.780955373763047689e+00,2.352017501517322984e+01,3.043630453441965500e+01,3.775561575264184455e+01,3.467498180562519572e+00,1.182715549862757598e+01,2.009970329217910745e+01,2.904315218298255274e+01,4.159160778662221958e+01,-1.525662701809858302e+00,5.150568541910667264e+00,1.913183694503408461e+01,2.926066022364391372e+01,4.236307758963591397e+01,-4.878648820894938787e+00,6.571078139771218574e+00,1.810939430503338698e+01,3.385996998138028147e+01,3.906979695215822090e+01,-4.316073756255257798e+00,1.052514865814969625e+01,1.920252698322959617e+01,2.891411239277221767e+01,3.768375322751949597e+01,1.975165511600688539e+00,7.928662975941675128e+00,1.454413705692298997e+01,3.523166698582390666e+01,4.055763979948473263e+01,-2.460076069702370027e+00,1.134907868322397917e+01,2.130577329320185243e+01,2.793915843953299216e+01,3.786461379782238623e+01,-8.100501767106653705e-01,9.343456708083799356e+00,1.458117532336661526e+01,3.177233418800458864e+01,4.193389866290202406e+01,2.759213706120224874e+00,6.682506922266409966e+00,2.053618681928646694e+01,3.408119630828361579e+01,4.125626576104838961e+01,-2.358684793846273831e+00,1.479363115758816605e+01,2.095825719934101272e+01,3.109475430173899113e+01,3.645611070462611281e+01,1.803597226227932948e+00,1.148527942638166266e+01,1.968270544159706859e+01,3.063278344347387616e+01,4.298804118961042775e+01,-5.202020486122808096e-01,1.193266237658043316e+01,1.778464585044812551e+01,2.944305858298328360e+01,4.079526248411885803e+01,-8.787778408877473524e-01,1.292299752205977725e+01,1.344011280506551564e+01,2.582515762658163894e+01,4.048636083108846861e+01,7.532720619026541664e-01,1.134352341118388097e+01,1.630224992185743105e+01,2.548784123894648701e+01,4.000505252853237437e+01
-3.149543431357280099e+00,4.893189016117817758e+00,1.969801020381971668e+01,3.190289772265332857e+01,3.880793953084995707e+01,2.313796513420282253e+00,9.998040752670814157e+00,2.491103385910280821e+01,3.604619347811938468e+01,4.314355608480229165e+01,1.266477321574541515e+00,1.142065830676772542e+01,2.115023582146458736e+01,3.407442433557378081e+01,4.007786761388598507e+01,8.426037725892854269e-02,8.285315800663754615e+00,2.034483596298738206e+01,3.081444260887288422e+01,4.191632765301769581e+01,-1.789024955289468366e+00,7.038597709367494737e+00,2.174732064498682504e+01,3.164363865227233674e+01,3.148681569423455073e+01,-5.820801779603381743e-01,1.051464054819460259e+01,1.949558809648845425e+01,2.960318995408860587e+01,4.004198206173466446e+01,-2.878317251922454467e+00,1.223801830408954494e+01,2.128374145132343642e+01,2.502017442641868783e+01,4.142486648087553647e+01,-6.647774429523817474e+00,1.375115797512832749e+01,1.563622257409088867e+01,2.613146720487136676e+01,3.872965791279411718e+01,1.354133996716877064e+00,9.365483728811287989e+00,1.510006312056772337e+01,2.846896711553982939e+01,3.411257526927939665e+01,-4.836986390778381661e+00,9.376742179087564466e+00,2.223930845609707063e+01,2.838829989591705072e+01,3.970227716810387619e+01,-4.581567148173920856e+00,1.057165277560176619e+01,2.145616866590762228e+01,3.146194515589533580e+01,4.123715526042872881e+01,-4.970441297657194890e-01,9.278802833106546188e+00,1.656248027290642710e+01,2.916852828063012382e+01,4.553280339935968613e+01,1.849052306477884544e+00,1.111362568259253969e+01,2.070880271415553153e+01,3.247842285188279021e+01,3.896520391050643894e+01,1.674694233317622682e+00,1.281564653741652293e+01,1.761726577518884440e+01,3.235574284485522156e+01,4.013037579371813734e+01,-9.595274062848674346e-01,1.024336663322973706e+01,1.874923589637723609e+01,2.633364604579568891e+01,4.192176838991731103e+01,2.813187142244081507e+00,1.409089497893704745e+01,1.625984777701009065e+01,2.763702169614898452e+01,3.810858893619678156e+01,1.122719058322495744e+00,9.709540482139443540e+00,1.819241336033632450e+01,2.675007782723180938e+01,3.979707849923447327e+01,-2.928604028724850483e-01,1.002819607834538296e+01,1.595925087261514363e+01,2.793863547080967535e+01,3.952276658821833166e+01,-1.255311221615295958e+00,1.294257385846987063e+01,1.950821296422106599e+01,2.821286256820737037e+01,4.406614923720297838e+01,-1.081226730319835294e-01,7.953877520415876923e+00,1.424711948455031063e+01,2.723554082376529806e+01,3.968147273085078552e+01
-1.198108033944130790e+00,6.104912071771636306e+00,1.870920518372482988e+01,3.193397159016851816e+01,3.527686609542565321e+01,2.512657596709663377e+00,5.796288909490917796e+00,1.915266915779786672e+01,3.329333448563313880e+01,3.623350074412380195e+01,-3.348498961444620337e-01,1.065036022474068211e+01,1.941955758878867400e+01,3.249157434028620628e+01,3.807938945387562057e+01,-4.074247091437105617e+00,5.767072436982783046e+00,1.728821981492036031e+01,3.075676100252309908e+01,4.082091788001101662e+01,6.835979979873093804e+00,1.341620454847149269e+01,2.110241275444848696e+01,3.009506706672821252e+01,3.867626085816713299e+01,-2.213966432871226075e+00,3.031741130983333310e+00,1.327235917749155725e+01,3.118477173368010469e+01,3.338659649390820050e+01,2.801253794802693875e+00,8.391093602327664769e+00,1.862086235288295200e+01,3.590297629951889036e+01,3.507520410216920226e+01,-2.978905265821407689e-01,1.022989252198022214e+01,2.293304557102501207e+01,3.315668621893713208e+01,4.074892427297886854e+01,1.719511667547022338e+00,7.150179476184648664e+00,2.331589350880037870e+01,2.664663485234718721e+01,4.265977922075966688e+01,3.763637981541120059e+00,1.100404547305004499e+01,1.891821269547819284e+01,2.955540364222925476e+01,4.055722744110649103e+01,1.726166588984226369e+00,4.869401848925071441e+00,1.759058759022763496e+01,2.477300712379712877e+01,4.403222542644759585e+01,-4.182853044810055376e-01,1.206237331247878153e+01,2.495513007147820872e+01,2.960615179148340204e+01,3.513363794670775775e+01,-4.388028267710864405e+00,1.318708728010550857e+01,2.359131412484064327e+01,2.999391222030653026e+01,3.931987809230634667e+01,-4.395912775981475562e+00,7.472691645336703381e+00,1.753554786517594266e+01,2.653969926800279211e+01,3.823026712806705518e+01,2.546894374169037967e+00,1.305793041413809519e+01,1.703385160532085507e+01,3.036772001308333202e+01,3.938782330992468417e+01,-1.854840624731859400e+00,9.090742880314188312e+00,2.558719250491943953e+01,3.153336242608750339e+01,3.830120568798183456e+01,-6.207728011196999240e+00,1.364115607246769990e+01,1.955355192708997336e+01,3.083013987069566042e+01,4.126927633763312997e+01,9.549884935100930727e-01,1.168734531095280182e+01,2.054361260137281420e+01,2.415926457262608196e+01,4.033215613346953177e+01,4.174693489954244718e+00,1.391939390793168840e+01,2.273516620964026913e+01,3.601545760802515161e+01,4.416231452329383700e+01,-3.817097103092162325e+00,1.318112954553803995e+01,1.985335666140518285e+01,2.640378970437543416e+01,3.997622156903446466e+01
-3.174960150066668874e+00,8.442904449684576207e+00,1.982354105994244264e+01,2.781278435224036016e+01,4.254201238789089956e+01,2.175640432269352775e+00,1.223396605532036041e+01,1.796252206926858008e+01,3.354961470776776622e+01,4.020045134834231959e+01,-2.245334263548527609e+00,4.370995394676957524e+00,2.620000468933811888e+01,3.093760030333369215e+01,3.929926818614791983e+01,5.054658509770886710e+00,5.813314822336039356e+00,1.732690596540918904e+01,2.730436714725271941e+01,3.875546859057907056e+01,2.024111914758251363e+00,5.007440178442658762e+00,2.114742048679702080e+01,2.853699354965134916e+01,3.718936546121295095e+01,-4.664543888571495156e-01,8.889977733149365235e+00,1.881511297007373429e+01,2.391966562903112248e+01,4.171502504342501538e+01,2.271736705637689369e+00,1.040406711690419073e+01,1.302212930137662283e+01,2.938697040682178852e+01,4.159693785641904640e+01,5.574294202661849162e+00,9.641016472096668011e+00,1.856017806015886862e+01,3.254284824690557087e+01,3.733059704573760484e+01,-9.957869104564518459e-01,1.031349952677263815e+01,2.095635197520634208e+01,3.136238139296904137e+01,3.759261472910792179e+01,6.486791541467362698e+00,8.321414344122045392e+00,2.055456666031964019e+01,2.394474420843694062e+01,4.531231556348944878e+01,3.841606073533164967e+00,1.014557942522423062e+01,1.883785399725617893e+01,2.996227558780243427e+01,4.550454879761418425e+01,-2.155574233697129749e+00,1.224894818754359704e+01,2.098458304108679329e+01,2.642945469283207771e+01,4.150204257681218678e+01,-2.152957985622811155e+00,1.138576875007511013e+01,2.123669675742846508e+01,2.821203885620172969e+01,3.753282470611102184e+01,-2.960895850850990829e-01,1.453780304001612045e+01,1.996414563490577976e+01,2.781797157054966974e+01,3.791747125587592393e+01,3.771823104030999740e+00,1.037569052429756766e+01,2.096780042448688874e+01,2.866690371549423233e+01,4.587116298286563421e+01,5.959801033670770742e+00,1.256850397796116781e+01,1.628212015878358443e+01,2.812211085627616569e+01,4.183526467973235441e+01,-3.111914540266349505e+00,9.828653860159327849e+00,2.003515634736130835e+01,3.438663902870761291e+01,4.912141774611625777e+01,-2.403919876641789077e+00,5.070262695546525755e+00,2.026622741582290743e+01,3.333997426465651870e+01,4.089208800382095177e+01,-6.659957753168846750e+00,7.245785808405419637e+00,2.696969870255318114e+01,3.219013107228681747e+01,4.020434989154738048e+01,-1.016925288928723248e+01,1.451285178799246900e+01,2.217388864228338363e+01,2.406082705510023700e+01,3.767234841468977891e+01
-3.092789275748772937e+00,8.846748891430864958e+00,2.356028249208396730e+01,3.485331204405162708e+01,4.474980785527992566e+01,-6.295228734056772524e+00,1.066258878835202140e+01,2.268718111710788676e+01,3.246238452030012667e+01,4.098461932142001274e+01,3.069223826688398660e+00,5.178547728140700634e+00,2.393520099360762288e+01,3.142004619911474350e+01,3.500364816559242342e+01,-1.700497999299151353e+00,5.314569275851011021e-01,1.663901317956942094e+01,3.216874606592190133e+01,3.783140067982322563e+01,-7.902986858554372773e-01,6.596541755583832156e+00,2.742381918912283822e+01,3.305137676126107493e+01,3.904274151987605990e+01,-6.554395432742136762e+00,7.037028111229115090e+00,2.446046264405319803e+01,3.454709079830614371e+01,3.658887864415083158e+01,-9.710052412674194944e-01,1.119263182275328106e+01,2.316366135571399809e+01,3.089948926031396326e+01,4.065193654102572651e+01,3.612961837363950046e+00,9.986703186863820747e+00,2.317154657835123999e+01,2.737230509045237881e+01,3.802863268774625283e+01,2.632225122363789360e+00,1.106839141564981155e+01,1.900789120401468324e+01,2.970352502359010316e+01,3.977880533072740832e+01,4.664212224790222905e+00,3.514176644724604337e+00,1.867907037440395257e+01,2.858783789196474956e+01,4.343036048055097353e+01,1.940499227614269184e+00,6.038887130291152872e+00,2.650961469234151124e+01,3.443233414307277940e+01,4.278217628944613438e+01,7.711057247015715710e+00,4.572055993435461652e+00,2.165862909204303932e+01,2.925516163585961138e+01,3.849964714776439223e+01,-9.059792037562128808e-01,1.257224211690527760e+01,2.164651891822791185e+01,3.027071732254292158e+01,4.104050636748917924e+01,3.453999260418989081e+00,8.603591165882406244e+00,1.337283420823086821e+01,3.305674934014782451e+01,4.471783124860412073e+01,-6.312741716564467254e+00,1.516199876988732775e+01,1.515239050216464456e+01,2.554090977218660541e+01,4.152600249945226096e+01,4.300369158194351726e+00,9.690050229213120758e+00,1.865116568411668041e+01,3.580036012828283276e+01,4.106604796112488742e+01,-7.726648097912298674e-01,1.026187580641484587e+01,1.732007982019465331e+01,2.778675055450844411e+01,3.684921178260503893e+01,2.744730047698145992e+00,6.197269668574515222e+00,1.564135235242305910e+01,2.299737195786847721e+01,3.939840393931596196e+01,4.201396156912862168e+00,9.221407407060093320e+00,1.498643890563067416e+01,2.433166888816693074e+01,4.410393099150587659e+01,-6.839649024723273740e+00,5.831128632435796710e+00,2.236676718200995140e+01,2.832963680116889194e+01,3.577238004402715887e+01
-1.010200248874021378e+00,2.176586645159720490e+01,1.795247717917097674e+01,2.526330632982912050e+01,3.926662604966995929e+01,-2.494758003144975866e+00,8.131061369700937291e+00,1.976479903967971552e+01,3.759118294662902571e+01,4.108975033754708051e+01,-4.893565217987250193e+00,9.081630577779607805e+00,2.062084001642039155e+01,3.016402020264525774e+01,3.998559133322587655e+01,-1.474146401397363082e+00,7.779431422654110584e+00,2.008743927287511610e+01,2.818223729979179026e+01,4.048743568063306242e+01,1.400902365334589339e+00,1.251480185749738716e+01,1.591221409562256994e+01,3.015661722627831409e+01,3.773962814831875079e+01,3.758192526493568497e+00,3.517703544364520596e+00,2.286340331074268306e+01,3.288264513478500106e+01,4.358619837471191261e+01,-4.487614444716004236e+00,9.214419676591155905e+00,1.789532893860770457e+01,3.323810912368855242e+01,3.921563550031905976e+01,3.401701571481521302e-01,1.015964219842117089e+01,2.430401111864196650e+01,3.091048141196947441e+01,4.012113169227450982e+01,2.460941576975109957e+00,7.185420534829103367e+00,2.028623325045764858e+01,2.932621493327791029e+01,4.876916330399411947e+01,-3.723430798311227363e+00,8.848669268638072793e+00,1.890402424839734152e+01,3.339931406254328294e+01,3.586159007773215279e+01,-4.405098485527418894e+00,5.369641145894409107e+00,1.860978281460587525e+01,2.549094734539090368e+01,3.786030364451565333e+01,-6.369168476408153978e+00,5.875765572118497815e+00,2.378964738053812766e+01,3.040505257833702046e+01,3.960175598154806664e+01,-1.227966215107138215e+00,4.429931655821238934e+00,2.073696097526834947e+01,2.701564053654594844e+01,3.918177180130868464e+01,-7.742500989941352163e-01,1.041126637761934326e+01,1.550555152538619375e+01,3.167426577200968296e+01,3.989159655408088412e+01,-8.034870772744828749e-01,1.518529704052844487e+01,1.723291552226243795e+01,3.119321756623944353e+01,4.417050173521155187e+01,-1.737579028759853816e+00,8.941718926861868866e+00,1.742891669314995085e+01,3.110480452460680922e+01,3.774687062095392776e+01,-2.138180309835030712e+00,4.603293696881102903e+00,2.135529687542181421e+01,2.890986851424469961e+01,3.993056312867587110e+01,-1.062804015679970959e+00,6.125971678526015651e+00,1.990307676690904515e+01,3.118901739736357825e+01,3.418540032777209348e+01,-5.893728634872418048e+00,1.130000544046193056e+01,2.072653234209380813e+01,2.848439137218484518e+01,3.787193470402380768e+01,7.265910485434862176e-02,1.271920022091983604e+01,1.612816299277478294e+01,3.049623291075763021e+01,3.539496526859468872e+01
-1.382976392486718664e+00,1.138236209330342774e+01,2.227532916602158153e+01,2.738969330398180801e+01,3.829518981938912958e+01,-5.790584487123784374e-01,1.238058750613327419e+01,1.834624961649953079e+01,3.466218825561923467e+01,4.229041235266021204e+01,-4.789460130555671213e+00,7.743563118865084860e+00,2.344722782502896763e+01,3.177775037791216661e+01,3.524599467277580089e+01,-6.728878970877618659e-01,8.767586409988652463e+00,1.543122302939402779e+01,2.940653396730320424e+01,4.047850858753620429e+01,2.048991313589303864e+00,1.062095058593668817e+01,1.989973849909585368e+01,3.388591860400532596e+01,3.674710872593258415e+01,-1.951838268906397555e+00,9.315464792796065652e+00,1.928821854606484365e+01,2.821498555014605714e+01,3.701874632316176417e+01,-3.780525766192568415e+00,1.468266993345330818e+01,1.714333174840627549e+01,3.303217573766005444e+01,4.508303904312464994e+01,4.330619298174104514e+00,1.042809497543562536e+01,2.262031272170593965e+01,3.197165491177343455e+01,3.471388477432021347e+01,-5.428929223092990419e+00,7.574193841331800847e+00,1.794168737773848932e+01,3.076219574177328298e+01,3.897323038548574203e+01,3.322418669801840529e+00,1.385522722700492437e+01,1.473653564265847038e+01,2.840007670144490959e+01,4.223347323336391668e+01,7.869219331896627478e-01,1.089278963955601753e+01,1.797147271902383281e+01,2.675087870411979196e+01,4.526478824676934920e+01,1.125485526414216952e+00,1.296059800529657835e+01,1.972024916523912097e+01,2.455879136708685806e+01,4.187971969123557869e+01,9.300858146185647657e-01,9.576525741191423080e+00,1.644385806364750735e+01,2.544371250736303836e+01,3.707628739787895711e+01,8.661311151749488957e+00,1.296052441863652227e+01,1.561827290676535362e+01,2.823228088152194459e+01,3.938864526453035353e+01,-1.112526078120694706e-01,8.138719797740614936e+00,1.552670509500391027e+01,2.929649817842398818e+01,4.087366891593985940e+01,1.609558316252301058e+00,1.137386822453911250e+01,1.539616363584373104e+01,3.220570177966540371e+01,3.815004128391569793e+01,-3.244527344434758209e+00,1.195408221852650854e+01,2.168601312136798853e+01,3.131703620729129511e+01,4.417226700353879210e+01,-2.196082181646215048e+00,7.352947250342110941e+00,1.560331130859700544e+01,3.257870242289565255e+01,4.149828868603437115e+01,-1.836669184636033236e+00,1.082846206431081093e+01,2.202478520562931408e+01,3.193863122645145936e+01,4.329130342908892004e+01,-8.318349231864628379e+00,1.195114155951510249e+01,2.137501575336256465e+01,2.142619201842173737e+01,3.636825256987651045e+01
2.692125750378658866e-01,5.457950305977748329e+00,2.167010113435664209e+01,2.839192997637756832e+01,4.380113033363137731e+01,2.945276334053222866e-01,5.390014672309759725e+00,1.788646930048038541e+01,2.753896055365170170e+01,4.137656329417089296e+01,4.097480899859770709e+00,1.277602681625054970e+01,2.449692128240631561e+01,3.062726756382989990e+01,4.106149248367846383e+01,1.140096484759952400e+00,9.195797650720665573e+00,1.891314923805445147e+01,3.160502635471335253e+01,3.272364646556382439e+01,-1.425967043463778339e+00,1.321508805149414023e+01,2.199210543488452885e+01,2.895185676840990396e+01,3.612921444018027017e+01,-2.322639542232959542e+00,1.336755303350559210e+01,2.013533576303578698e+01,3.360013721267473130e+01,4.107343109449638519e+01,8.862342431721165426e+00,1.751130044387809193e+01,1.940836159326827115e+01,3.439477643663961004e+01,3.664450593934462574e+01,-5.591869585457560632e-01,1.081965531358139998e+01,1.672679123034168214e+01,3.047297804193249249e+01,4.308856781082450027e+01,3.505300342647020173e+00,1.367613389149512670e+01,2.093005096245952146e+01,2.993273609750892206e+01,4.285300603616649795e+01,2.204105737481329097e+00,4.903589231607489829e+00,2.052578497779654754e+01,3.339066243029004255e+01,3.775967107541249845e+01,3.563328484721034695e+00,9.241808110889756733e+00,1.924899004255211210e+01,2.860408930432777908e+01,4.017657747517618105e+01,2.979320211678975650e+00,7.468688162745523051e+00,2.070161657434601921e+01,3.631760804288764177e+01,3.711188104416460476e+01,-4.981576783598887559e+00,1.246248350561626417e+01,2.091771331082299668e+01,3.456273197951440324e+01,3.824818452481208908e+01,-7.398511368869634452e+00,6.313519155979206765e+00,1.845686383915394302e+01,3.223674086987235654e+01,4.044992950542853549e+01,1.412683772958007289e+00,8.271826683767379507e+00,2.808398425195976245e+01,2.875948765034839738e+01,3.985667214863573093e+01,5.074324022866468775e-01,7.760671937747689597e+00,2.711109772330895495e+01,3.519101640343566118e+01,4.688338991978167769e+01,1.929499277599038276e+00,4.392159184251226201e+00,1.915886214911545338e+01,3.258280952466017766e+01,4.175979596430101992e+01,2.843338477939611142e+00,9.721374528110722224e+00,1.949115906190424496e+01,1.803757145031531905e+01,4.018396141230389418e+01,-3.864067235028422864e+00,1.197216621508995615e+01,1.905013340309767145e+01,2.187789605637206591e+01,3.795708340722448781e+01,-7.655374757397389596e-01,1.163540517765586380e+01,2.123393948684082133e+01,3.458561192239282889e+01,4.235495316411578415e+01
-4.361579387286829146e+00,9.518046777709948003e+00,1.837941862212083421e+01,3.290521999762636085e+01,3.896621008166713551e+01,2.693511685762197239e+00,9.535096392410371990e+00,1.893310655216993155e+01,2.662087200099915307e+01,3.764358155212001833e+01,2.205335410183906664e+00,1.035993668493689412e+01,2.458192236337560033e+01,3.350928143919956881e+01,4.310909172112707921e+01,1.185311893774954495e+00,1.089538859711259455e+01,2.486452175884956972e+01,3.105249266004203079e+01,4.232827665345235602e+01,-1.116868928402475092e+00,7.034409950110059206e+00,2.259057812412576638e+01,2.845410330156450129e+01,4.034505033990676282e+01,-1.168066765286889908e+00,8.323284362686678151e+00,2.250210585860979506e+01,2.682883460780568541e+01,4.236602026974560431e+01,-2.316774439247825779e+00,1.143279034330604382e+01,1.800020675049516683e+01,2.689615085619316659e+01,4.264588967285622090e+01,-1.568193375327545880e+00,1.100678219952789583e+01,1.491688087080039971e+01,2.733620950740543165e+01,3.537336450251858366e+01,1.726404350065644744e+00,1.315203870031324662e+01,2.065455893913258478e+01,3.167448788824008332e+01,3.763770123353152286e+01,-1.788629069513704373e+00,5.946801399542234634e+00,1.968353404958288522e+01,3.002354395340528370e+01,4.234800216757599145e+01,1.005280305029630838e+00,9.120842782013003358e+00,2.412542494975659579e+01,3.114125938957622708e+01,4.161428565823152326e+01,3.512316995329654912e+00,1.134798261635408245e+01,2.035357816984076962e+01,3.155970255029545868e+01,3.882609165015166752e+01,7.072189536556041656e-01,1.363854553432025440e+01,1.567913402214156982e+01,2.830332243446164853e+01,3.917737839577997505e+01,2.861052744478074672e+00,9.925816439042577599e+00,2.160550669457219897e+01,3.006191956109458374e+01,4.389095899602591544e+01,-2.295860463998438128e+00,7.176029041434880185e+00,2.467829135334039137e+01,2.856292170414623754e+01,3.810245048827608372e+01,1.572974638758086741e-01,5.077428180533297031e+00,1.965314858410622634e+01,3.007391409145326122e+01,4.558574137436087170e+01,1.513509697168629486e+00,1.144834771727746769e+01,2.280699421247073033e+01,3.005951528350039581e+01,4.088420954493034998e+01,1.829713057335918158e+00,1.310781897897328108e+01,2.328910170627236198e+01,2.394237068176209959e+01,4.245276821357628450e+01,1.878754572574052428e+00,1.105117678040627105e+01,2.234144388551858995e+01,2.457724752314044991e+01,4.226879208206554495e+01,3.286600158470793787e+00,5.350096227692526796e+00,1.959472960608446002e+01,2.934690039286444829e+01,3.898350978237512265e+01
3.964550264524357992e-01,1.369846410316524477e+01,2.166622363353349456e+01,2.806963416694430791e+01,3.541237831579800854e+01,2.788744367783140277e-01,9.830835213863407418e+00,1.970754982755873286e+01,2.944771093264463246e+01,4.070153995943631742e+01,-1.180693430079795991e+00,1.237528395815970228e+01,1.876387579337900036e+01,3.433737826570597917e+01,4.154599042922571073e+01,-3.953940270853725014e+00,7.815988556711185531e+00,1.951106113233771566e+01,2.828257201098432105e+01,4.416502421174162407e+01,-2.227295517707064132e+00,1.451972664002621727e+01,1.872538195104709757e+01,3.154181057683672762e+01,3.412151939512993692e+01,1.220109947969023612e+00,2.328533966519316767e+00,1.933331195350274712e+01,3.086219145901815608e+01,3.704961740855801366e+01,3.812917290792109171e+00,1.172794022722708362e+01,2.453598395330128668e+01,3.484402235792379798e+01,4.226748979378513127e+01,-3.438911598479882148e+00,1.219863638615547785e+01,2.047624714450056160e+01,2.655970319131223079e+01,3.676003340839994848e+01,1.452177644190293160e+00,7.241115251751190307e+00,1.837951836089706248e+01,2.625535124683804611e+01,4.075742999550905665e+01,-1.149503822779974982e+00,9.505693491338242040e+00,2.072358542316585073e+01,2.930183706162427626e+01,3.513608630223957618e+01,-1.597855702396400179e+00,6.850581268691184889e+00,2.279321704045413810e+01,2.729210041195931780e+01,4.113434736545695358e+01,3.013999876056730365e+00,8.381508400970508532e+00,2.193281003318950795e+01,2.636435784110694058e+01,3.642335812507597836e+01,-2.541084004122251550e-01,9.581933436318132991e+00,2.040592841141890545e+01,2.982593819044793904e+01,3.865195297456309476e+01,-2.676373821079963022e+00,9.513359265152663724e+00,1.827016125586586170e+01,3.280050536978072273e+01,3.748544239320819571e+01,1.562163516024012822e+00,1.302129671641450059e+01,1.405988000045301156e+01,3.056533188803385315e+01,3.818424447224727913e+01,-2.740929131868694135e+00,1.059032459780211610e+01,1.770860498613670586e+01,3.004435677335024124e+01,3.746396019231251984e+01,2.209945963816795533e+00,1.055786541112864718e+01,1.807427503972146354e+01,2.744397260107710679e+01,4.193838993595114317e+01,-5.386793185507361414e+00,1.198024056511915880e+01,1.937837526483775719e+01,3.296630256121034108e+01,4.079460868515561600e+01,3.630874035688622659e+00,1.235663420556872971e+01,2.045328990632109978e+01,3.260622407626311769e+01,4.005641790643477407e+01,1.885140142321003243e+00,1.190250734609854000e+01,2.301550803169860515e+01,3.013441405825268049e+01,3.861009183558546454e+01
-1.572271760608446867e-01,1.308292364700065313e+01,1.899969186344920757e+01,3.239141740563846383e+01,4.014355731053001364e+01,6.155115543563380420e+00,1.392221009521863095e+01,1.829247962285168327e+01,2.883764434166480584e+01,3.560450151823751241e+01,2.959108701172670663e+00,8.434177344265130216e+00,1.875680207503249264e+01,3.167277025537150692e+01,3.724112714913658806e+01,1.393053947826246031e+00,9.217133699691839155e+00,2.019919884955631062e+01,2.954633858932577795e+01,3.981524326456862894e+01,9.235433654191266273e-01,1.011284713434118743e+01,2.251098172510470263e+01,2.555406816136709125e+01,4.228452898836822271e+01,-2.134203711601622810e+00,9.153285472403734246e+00,2.060870040842081607e+01,2.510171490899029578e+01,4.381894141058375425e+01,9.509937243916366523e-01,1.378213390077155331e+01,2.257626680144737108e+01,2.766085123574409366e+01,3.650075320195468009e+01,-5.785533703030358410e+00,1.574626060740457589e+01,1.947339745913956932e+01,3.168431927736096654e+01,3.670775019675575379e+01,4.042605030756176276e+00,8.503069166016461011e+00,1.753124775948289127e+01,2.718368498219724216e+01,4.639971874167824950e+01,-4.013113720552879293e+00,7.327258900836404187e+00,1.650162063486189012e+01,3.313268166575563356e+01,4.117608360237453269e+01,-3.474416760477017529e+00,1.021074595200439461e+01,2.367071340068179808e+01,3.626672148753853264e+01,3.712194377037125292e+01,3.605473931333835758e-02,7.377918085795799996e+00,1.501126152007161352e+01,3.509033228004790317e+01,4.396803004350582711e+01,8.791905338116079438e-01,1.211943715181176628e+01,2.059837528471892654e+01,2.887259986054296590e+01,3.564914971109786279e+01,-2.431836525981708519e+00,3.184362444781020596e+00,2.186848896137226816e+01,2.507635938629799810e+01,3.646875558285213259e+01,-1.579726163295287478e+00,5.456913945620362583e+00,2.172535108996655850e+01,2.825519472079878014e+01,3.695051941453047561e+01,-5.649088618393321326e+00,1.021741211584182629e+01,1.946496692792809213e+01,2.823038596716675741e+01,3.845104179703030667e+01,-6.468457670239113888e+00,1.217510898118141505e+01,1.776089295485313357e+01,3.034502396434906046e+01,4.109655715474888638e+01,1.853228029388787612e-01,1.676849583990285808e+01,2.828924049250346329e+01,2.479302576570187355e+01,4.429921626727390560e+01,-1.417873211917626941e+00,8.269520922424810294e+00,1.994160068148543985e+01,3.250285963207386430e+01,3.711784091191741908e+01,4.006186675471567149e+00,1.380330479991395443e+01,1.796702517420979106e+01,3.173430581740061029e+01,4.266859406966062807e+01
3.036138661643473569e+00,1.555291338797749034e+01,2.203713111333675556e+01,2.862443702059950112e+01,3.742497113658531305e+01,-9.130969581632856213e-01,1.255315646651638595e+01,2.294862714406334447e+01,2.978099725435266265e+01,4.155300217920672878e+01,-1.117332545461849680e+00,7.278526819325597863e+00,1.672508893897189708e+01,2.605314441404811276e+01,4.098668237019661120e+01,2.309177541137247047e+00,1.152700954780017284e+01,1.827530353471869518e+01,2.657796951481361347e+01,3.822621386182355252e+01,-3.267636987473842236e+00,7.665829715508731823e+00,1.580509711463479050e+01,2.860830282310296369e+01,4.975082813186500630e+01,7.416139247581130522e-01,1.617539016003749452e+01,2.121354669997109710e+01,2.560605981715696089e+01,4.577076885640769177e+01,5.067614136017433601e+00,5.647825818702444600e+00,2.123328779678394085e+01,2.655367304077417501e+01,4.290484301676521994e+01,2.844117453185508460e+00,9.048199415751543739e+00,2.314923492485645795e+01,2.918899138002335292e+01,3.966856172917790246e+01,-4.448304747242245227e+00,8.443661308188445958e+00,2.218824146777602735e+01,3.426199910024224238e+01,3.615128122658248344e+01,1.137528362977534124e+00,1.400001676378156468e+01,1.840013314708921754e+01,2.508083531594446924e+01,3.950343538001521182e+01,-2.990366988185615860e+00,9.069954419414449021e+00,2.110723999016665431e+01,3.057627501934163661e+01,3.831156016391536667e+01,-2.996296491506035053e+00,1.243828532249783336e+01,1.931929597332022652e+01,2.992643567151250039e+01,4.129960041686699412e+01,1.431812185019928796e+00,7.375652925087823775e+00,1.665533019104042722e+01,2.890154922832444129e+01,4.330407309869831067e+01,1.763795877797796230e+00,1.252997689131413139e+01,2.561256541222666172e+01,3.147645094370059482e+01,4.337202104836851646e+01,1.387046143557489231e+00,4.579306722709999278e+00,2.250754162929310098e+01,3.434806507404928766e+01,4.079012621119419180e+01,1.337638907419580248e+00,1.292368033283604589e+01,1.870845310179842613e+01,2.460723321309250977e+01,3.431187148257270536e+01,7.421434351683715569e+00,8.165719536969394454e+00,2.300929612603321672e+01,2.776344076287758966e+01,4.399975516866067693e+01,-1.698646942821424366e+00,7.977606472615675237e+00,2.003450640555819362e+01,3.682446332080256468e+01,3.926156514569252209e+01,5.499300501966885024e-01,1.094723124798464831e+01,1.861296796351800609e+01,2.957962817031548397e+01,3.519533383796659365e+01,3.437365748274867183e+00,9.665264971478254807e+00,1.653668283413331608e+01,2.845491513295437258e+01,3.996933973953350261e+01
-1.069077837219278848e+00,1.231436874159870243e+01,2.458255847648225156e+01,3.020039627486927003e+01,4.260702825834378160e+01,-7.126153256623817267e-01,9.748111682610023365e+00,1.685905329356107885e+01,3.159870328193303735e+01,4.148236520922300485e+01,-1.358881529283986200e-01,1.121743249320122082e+01,2.027361503798879028e+01,3.135074420670541784e+01,3.738443207101014565e+01,1.853175335287359449e+00,1.008465175389997803e+01,1.808183379180470141e+01,2.835984471227246928e+01,3.508682015954440914e+01,-5.537489947069634155e+00,1.380857442067247653e+01,1.459293761357677077e+01,3.026656170681548375e+01,3.854072238456038946e+01,-1.464010651831648691e+00,8.599980445665863726e+00,2.131970802859270009e+01,3.602250475467702273e+01,3.953656234988194029e+01,2.694688804217309830e+00,1.392971114780637798e+01,2.102362408554229134e+01,3.243201025682135707e+01,3.849050522425947207e+01,-3.207987092326689549e+00,1.344818360127325541e+01,2.342547010001570840e+01,3.045081744585973382e+01,4.041379029471259798e+01,-5.645316427322493169e-01,8.621865486168733383e+00,1.816773376362990078e+01,3.127779514443810882e+01,4.229617364747863206e+01,-7.878489359384274193e-01,1.054373151124095287e+01,1.973261729842092649e+01,3.085932342259207317e+01,3.626676139317513048e+01,3.715462444365331685e-01,1.049909661774625214e+01,1.798245054403424348e+01,3.001564765985193617e+01,3.863977208026989985e+01,4.337682688659429964e-01,1.185489964503323002e+01,2.012712088195626592e+01,3.067700206288735743e+01,3.942685263371517124e+01,-2.762994592566990537e+00,1.110229549831361595e+01,1.666993580277372544e+01,2.797050026565019110e+01,3.776850876770316034e+01,-3.148462056920630747e+00,4.899894372331233150e+00,1.711565962147380304e+01,3.211361864470213590e+01,4.245100682217830013e+01,8.877882274122681494e-01,5.853024659155009246e+00,2.094235711751338869e+01,2.885334916030235775e+01,4.243847402655509882e+01,-1.785976703501081619e+00,1.468888609660848488e+01,2.446520120692869682e+01,3.194195708743147222e+01,4.020870131961760308e+01,-9.182177929632506785e-02,4.926339692063089970e+00,2.001647766818184948e+01,3.168038472122059090e+01,4.501654594030262047e+01,-5.507397520668417812e+00,1.111665765773597414e+01,1.927863870206433106e+01,2.503907076323731218e+01,4.001930922404795865e+01,-3.254276651434457879e+00,1.103137009474811592e+01,1.551577073544732954e+01,2.815040613214639365e+01,4.158813871964856901e+01,-3.416906463435818164e-01,8.332873510459988253e+00,2.073492593230248104e+01,3.088535075198170077e+01,3.952588576511259788e+01
-1.253602627663202629e+00,1.421026007648609024e+01,2.107220943665366875e+01,3.353595249434791015e+01,4.077221896708000060e+01,-4.300031029653710313e+00,8.476606478624859164e+00,1.888867463141533065e+01,2.948514080809550109e+01,4.188703498376008127e+01,-1.609527689743274426e+00,5.473870401659434393e+00,2.152428307415404873e+01,2.847577643569055539e+01,3.658548597705334515e+01,1.020800772728146955e+00,7.491378864443249519e+00,1.515916914374307645e+01,2.610841206754809463e+01,3.837873760702962755e+01,3.042334666948111277e+00,1.029298580122721418e+01,2.066102245735128307e+01,3.257012197721921609e+01,4.043457351448310533e+01,-6.030842680308252657e-01,8.580704320101053995e+00,2.238071252602453853e+01,3.060441975184726004e+01,3.985701632758516411e+01,-3.711287391003680991e+00,8.003687081365013611e+00,1.596959454165497583e+01,3.248126178005026077e+01,3.792101188432831549e+01,3.555073033705690833e+00,7.898288549036058370e+00,2.308416095924552280e+01,2.768384948614872343e+01,4.016685248860299851e+01,-2.972725034876043448e+00,7.107931265062013892e+00,1.937071595548948011e+01,3.008017245473359225e+01,4.604091907590373012e+01,-1.843913615407489992e+00,1.059641041475664380e+01,1.773396011387410098e+01,3.332729501645907533e+01,4.309529496568261209e+01,-4.062085709032600356e+00,8.633476441140999214e+00,2.327112168001507797e+01,3.115325613215980027e+01,3.989642236938235698e+01,-9.965518567544283668e-01,1.117729522287266697e+01,2.109119606291023530e+01,3.232139725915980222e+01,4.143742201877940090e+01,-1.366188226316901622e+00,6.200111291013916670e+00,2.214339794401753281e+01,2.706472758127011957e+01,3.856609134413695728e+01,-3.462514736299850515e+00,9.864208633116904323e+00,1.876858728209835547e+01,2.827599862087297211e+01,3.635863764963813338e+01,-1.921435705144838302e+00,1.132816417486459315e+01,1.904361213344683179e+01,3.028053908000581274e+01,4.640308571013370198e+01,1.403081060561076399e+00,1.497785273977666698e+01,1.736768098050495013e+01,3.263496335550901506e+01,3.821800092851434272e+01,-2.425020119344742042e+00,7.152579191479480514e+00,1.977931212588350007e+01,2.996790547140111016e+01,3.682592955463626794e+01,-4.067671771839843631e-01,7.954393832694391264e+00,2.118360017835500386e+01,3.260185709157289580e+01,4.043562435059728699e+01,5.371314458617176824e-02,8.740712229915933662e+00,2.409318764452088502e+01,3.551548591954969680e+01,3.778547464514298326e+01,-1.962997886812712700e+00,1.374508282459537511e+01,1.865474061787946880e+01,2.980617125424353731e+01,4.093462148128818257e+01
-4.438195082720907125e-01,1.109513719814546739e+01,1.971819982570403695e+01,2.749238279276379515e+01,3.761754025216138331e+01,-9.378011335026540385e-01,8.044645150026621394e+00,1.566790175064326007e+01,2.512947525912166924e+01,3.590048098246111863e+01,-5.585612242889362200e+00,9.280425761073228585e+00,2.407420570578238994e+01,3.214281919139089183e+01,4.397426813914905352e+01,-1.730681173522548022e-01,1.300591545209697131e+01,1.477557007358400654e+01,3.070472361615961887e+01,3.532978232504656546e+01,-1.017710765434266085e+00,4.929282527378632039e+00,1.544324904572261836e+01,3.479428141482444659e+01,3.510209129713370402e+01,3.767963436322495419e+00,6.483035146395528692e+00,2.376635628637514941e+01,3.396955794986484278e+01,4.290769688678433624e+01,-1.034488420548523635e+00,1.222293538869823948e+01,2.215706175199701633e+01,2.891614672995457624e+01,3.875175488240002153e+01,-1.595001232236221700e+00,1.036245100885519044e+01,2.077292317129387555e+01,2.547696063494753460e+01,3.481153259928917265e+01,2.017345405155493709e-01,6.260680240171833333e+00,1.962855474424298308e+01,3.255002693797504776e+01,4.078178879146673808e+01,2.830397075283167752e+00,8.848491707233273829e+00,1.953153675119724753e+01,3.304923226246752677e+01,3.952257558861137454e+01,2.439363937362310164e+00,1.001152178934865944e+01,2.304587954448608045e+01,2.868502484576046996e+01,3.751237388539755813e+01,1.145060422808496625e+00,9.767679327458090199e+00,2.088759830410336349e+01,2.508361349098912285e+01,4.027607687872124131e+01,4.031399194130265151e-01,2.071236602199468257e-01,2.091694358963976086e+01,2.935443356956202621e+01,4.125645606569825219e+01,4.282066008270393631e+00,1.573719424523281774e+01,2.264538371614706946e+01,2.875618910468203993e+01,3.727497751269998361e+01,-5.178622547399703180e+00,1.031965799869745659e+01,2.014285829441102749e+01,3.563092830841063119e+01,3.995165943887121074e+01,2.991132760848492111e+00,1.067430591120717942e+01,1.702649862546735093e+01,3.786786238504341640e+01,4.236144679873402197e+01,-1.085085807915877165e+00,8.739384607979562958e+00,2.027466564855157571e+01,2.888655674955938224e+01,4.185746640380113348e+01,-1.676468230307757601e+00,6.048745343380799611e+00,1.347607601712030245e+01,3.373511649367317489e+01,4.096712509269453051e+01,3.036691658848104325e+00,8.665418292566743119e+00,2.169413936995833936e+01,2.796376291986348761e+01,3.547136611021897323e+01,3.420433947817945963e+00,1.217056596455844897e+01,2.762367371747313172e+01,3.201018797023181151e+01,3.929088946409255101e+01
-3.995252752094768933e-01,1.405396735625826743e+01,2.105802735251701563e+01,2.860263807762714450e+01,4.421079160131796471e+01,1.885613383079495775e-01,1.764048357067529338e+01,1.996675576968682719e+01,3.107837266834106771e+01,4.340736423191611948e+01,-2.440750333250233606e+00,9.366668384054319674e+00,2.049396492512605050e+01,2.797137000419434827e+01,4.043377021256971915e+01,-1.422110286735702944e+00,5.686494929103515616e+00,1.836574033442363429e+01,2.824049795422422093e+01,4.129958826090343393e+01,2.429556895262286353e+00,4.753984590589542591e+00,2.263492548341939781e+01,3.197612065128408432e+01,4.341464092493273341e+01,-1.858127539249093463e+00,1.291110400357950461e+01,2.328920282338725301e+01,2.581517727891023029e+01,3.907156751679911366e+01,-4.036670607556271939e+00,1.285350113603873723e+01,2.102434918917547080e+01,3.078782172212743262e+01,4.376611013763127289e+01,3.276716759538520485e+00,9.815564892214670323e+00,2.219068378930823471e+01,2.899828477272037119e+01,3.460461039350936119e+01,-1.111260370698444744e+00,1.248720200073294073e+01,1.602904259423313604e+01,2.871267522065836530e+01,4.208924994766032057e+01,1.622244318225129156e+00,1.015362712179478422e+01,2.056528869457204323e+01,3.608066842698332266e+01,3.773153495013232117e+01,8.009661685250550889e-01,1.628181701176352192e+01,2.325877619642557192e+01,3.038272584727893033e+01,4.128684235356784882e+01,3.515134882285644302e-01,4.911021302474205541e+00,1.813027333392136597e+01,2.548466453824148914e+01,4.174449818236737286e+01,-3.660189647993077888e-01,7.267545145150676511e+00,1.925753180209764892e+01,2.925771436548121329e+01,4.020611852198584302e+01,8.527535487012592341e+00,1.150606732568444102e+01,1.851938846893986579e+01,2.762068182698730467e+01,3.820777441149242293e+01,-4.264183895195950313e+00,9.426145938702857663e+00,1.651814887613048199e+01,2.961167216840365057e+01,3.385170183305615410e+01,2.422886650839295442e-02,6.971261779086079358e+00,1.442660595785928912e+01,2.752173323988441922e+01,3.914246796417548779e+01,4.071122715077095222e+00,9.958992884379474830e+00,1.927416403414845902e+01,2.964972019529702507e+01,3.512963847434375708e+01,1.865411994011982877e-01,7.009944381166249627e+00,1.669408962782423700e+01,3.562123292492550064e+01,4.203529443076690342e+01,2.625181952410466923e-01,8.832202190502705719e+00,1.900263267224716301e+01,3.505530603177148663e+01,4.044715681565637766e+01,1.594719503526825788e-01,9.060489434412904330e+00,2.384489820882069466e+01,2.684211580629864002e+01,3.896660179994786688e+01
-4.701643595342908100e+00,1.372035711261200852e+01,1.885597967664385521e+01,2.566989559315151936e+01,3.497730265046107689e+01,-3.392319163955290762e+00,5.130324929543437662e+00,1.727355106262945128e+01,2.615044358234530719e+01,3.257188414996355874e+01,3.297630517119558569e+00,1.157050688335595723e+01,2.185310159686695641e+01,3.075074021395925783e+01,3.722591897437037289e+01,1.649714568458280572e+00,6.556217625887335032e+00,2.507183681121239260e+01,2.904953189281449966e+01,4.502755136976046657e+01,-2.402373032251663432e+00,1.128636873699851506e+01,2.268223061880502200e+01,2.258989075248473100e+01,4.579686735661909580e+01,2.614709166275925423e+00,8.099516392563366196e+00,2.026985202337524328e+01,2.761447274489277248e+01,4.267546016424937960e+01,8.713211958689303316e+00,9.575519496567562072e+00,1.547957919673235594e+01,3.100037725693266566e+01,4.158454100622101635e+01,1.475685968624747435e+00,8.121563249691357456e+00,2.112807026004275102e+01,3.068983284773851494e+01,3.700053246867314982e+01,2.109388539667319762e+00,1.149348346671535204e+01,2.805481446350167829e+01,3.247443623851523142e+01,4.010147604298492752e+01,-3.431492271353029810e+00,6.843250913289910642e+00,2.365469894707930365e+01,2.433259511979828815e+01,4.025897498997742474e+01,-4.394433282749543590e-01,4.556723364249639197e+00,1.953605614757750786e+01,2.591896119686135691e+01,4.280460744563865205e+01,-9.605022605889977916e-01,1.355304512701558117e+01,1.978843627389555238e+01,3.169908417170455195e+01,3.906696320362534891e+01,1.333520685586628840e-01,1.316776138060832224e+01,1.679610582234753124e+01,2.917053818810081367e+01,4.068262057963665512e+01,-1.735382735905808271e+00,1.185311943074192342e+01,2.588986627263763651e+01,3.241681136391362372e+01,4.489659854361777036e+01,3.183117502313912883e+00,1.072807840227706677e+01,2.328636167926183731e+01,2.810956711415704135e+01,3.964228894461991359e+01,-6.182049804412776517e+00,6.940205888409285429e+00,1.653885048167558480e+01,2.498329790801813388e+01,3.952213096486291022e+01,-3.346532983400354322e+00,7.977763396752036940e+00,1.897417477819751497e+01,3.618174691606016324e+01,4.175178569368716808e+01,-5.446686676804673333e+00,1.268251651533115520e+01,2.477079636099950122e+01,2.705372848978660016e+01,3.704560302192493282e+01,-4.178176162150982975e+00,1.223823838565764177e+01,2.423082935774103674e+01,2.897360885037209854e+01,4.015199206307344326e+01,5.776513532142184548e-01,1.540270745329711133e+01,2.072260162449831000e+01,3.053730304137875251e+01,3.656378622334692352e+01
-2.050506362664601401e+00,1.066486385090878919e+01,1.895236470402552698e+01,3.316453742877280320e+01,3.898035879715902041e+01,-1.411475688980464493e+00,7.541910409851559471e+00,1.854750385881192187e+01,2.674924484824547477e+01,3.876140466003763407e+01,1.048042848531437476e+00,6.204614263006747343e+00,1.662557598416647764e+01,3.360020199993660839e+01,4.210472073288176631e+01,-6.103387916904448041e-01,1.334998092598739383e+01,2.059640349102657453e+01,3.109532445535176848e+01,4.236182699944891539e+01,-1.871112642557714700e+00,6.961513663930075424e+00,1.859200074301826078e+01,2.781585589872888065e+01,3.694547556246563857e+01,1.924942926734032334e+00,1.531662563798796839e+01,2.366979363417963356e+01,3.092973135442419874e+01,4.527107768912759411e+01,-9.993820353907267418e+00,1.052486264593269460e+01,2.195321615154786699e+01,2.602827302401390952e+01,4.083027368905836596e+01,-7.627217578751189109e+00,1.106056843326192585e+01,2.135078512717141308e+01,3.025207734878779320e+01,3.984260448920597497e+01,3.148958183573039804e+00,9.809163845859899311e+00,1.961126436283905505e+01,3.123774430611496200e+01,3.957185825459907136e+01,2.909244391420631626e+00,1.073683887384240876e+01,2.164905013286547231e+01,2.945607407241181264e+01,3.929436613716076465e+01,-2.159907943009551801e+00,1.247640324922707578e+01,1.734522497768694294e+01,2.969394229451221534e+01,4.171104530227630391e+01,-7.628880092600784923e-01,1.569467134648101947e+01,1.512947062280742649e+01,3.203859535093192079e+01,3.893363933501064622e+01,4.258484166796934645e+00,9.756988450933613777e+00,2.305511564238875266e+01,2.981485061726347396e+01,4.223620349008596264e+01,8.271117173551509882e-01,8.295070362003970743e+00,1.504955302242628967e+01,3.368670977815590106e+01,3.883982335629082172e+01,-2.554433225373744953e+00,9.572340607553851299e+00,1.738571222014514106e+01,2.812722702367615568e+01,3.797959651940722381e+01,-2.072651455670277976e+00,9.042330428672162412e+00,1.938572635219168561e+01,3.022861983377154971e+01,3.970258515175652292e+01,-3.810421387022750128e+00,1.189927822931868739e+01,2.158829453718628599e+01,3.105108073508069566e+01,3.667825505691303789e+01,-2.006094193042024632e+00,1.285258362363064144e+01,2.433380587423977204e+01,3.076155177769819815e+01,3.847123313983271942e+01,6.560507185206480019e-01,4.359862474033700863e+00,1.576381332685878611e+01,2.933669329888361332e+01,4.340323478127950096e+01,5.926310810731910905e+00,7.929403665995814698e+00,2.369945743537128990e+01,2.652443382303689745e+01,4.312723361169557279e+01
1.603498347505688315e+00,8.790643071296113220e+00,1.802688888283644886e+01,2.450811904353201243e+01,4.493253647812167628e+01,-1.594645519803830958e+00,1.140863117652776282e+01,2.016593501594341831e+01,2.407208052706168289e+01,3.695150091692999439e+01,4.147321733676541555e+00,9.858573181619060932e+00,2.510198827494285467e+01,2.938885756270961025e+01,3.870301373501313691e+01,1.806376025406548624e+00,1.365136504069767831e+01,2.453798214997704363e+01,3.398635757142029945e+01,4.034157652174339148e+01,-2.542221419725293696e+00,7.701813695040857333e+00,1.567212233301099289e+01,3.258865179915233057e+01,3.775730083255105285e+01,3.270391820211861145e+00,2.091499652938007259e+01,2.221490809053207371e+01,3.453238965199798116e+01,3.881949147465063987e+01,-3.668870757611658373e+00,1.452181420949632518e+01,2.225494682836787419e+01,2.534846472950231089e+01,4.516204910462893451e+01,4.973837789996520264e+00,1.138469034328676699e+01,1.742610150245270617e+01,3.038566604782242209e+01,4.227672998171717467e+01,-1.976309277860915481e+00,1.793317134654025580e+01,1.943227562588711521e+01,3.099399454179410895e+01,3.501697402344990451e+01,-3.218054905583676017e-01,1.355026384763804970e+01,2.059520340395546256e+01,3.007929825866441220e+01,3.249743058660011030e+01,5.625702684987149205e+00,1.058399531082207190e+01,1.752621042110385474e+01,3.328150235755812503e+01,4.362694475900837432e+01,6.951153081107177556e-01,1.036346685363939635e+01,1.400290882272963877e+01,3.179174364913735928e+01,4.420931235547066507e+01,3.046941384811587383e+00,9.248502105082238245e+00,1.572065235264972749e+01,3.171648530063230709e+01,4.281430035193219652e+01,9.991547336083586472e+00,1.628616662505410417e+01,1.780758911430549674e+01,2.853445458492689468e+01,4.705125971527506579e+01,2.010908183023853546e+00,8.203012036027098830e+00,2.261977840404347262e+01,2.820644943494907864e+01,3.309335379082966000e+01,-2.462484964950456767e+00,1.141391663069046203e+01,1.814831115625671387e+01,3.754461535780635018e+01,4.546508459525816193e+01,-2.319619146412903010e+00,1.539401029794727549e+01,2.191535600319581434e+01,3.330293140795428997e+01,4.051752013737810643e+01,6.716500972910999234e-01,9.308893092133118330e+00,1.677364270517393052e+01,2.393700474368857911e+01,4.115637727939573409e+01,-5.436394986469743174e+00,1.608037780863704569e+01,1.282783664441232041e+01,1.700130381981297489e+01,3.895270704201275436e+01,2.394779550051451711e+00,1.384087472749944370e+00,1.696791556384906841e+01,3.219228923774897311e+01,3.509530034193222292e+01
3.136603519125976902e+00,9.952447978897314584e+00,1.712117498780135705e+01,3.301637004575022161e+01,3.761024294010065461e+01,-5.264088112089979621e-01,1.232965760455466153e+01,1.906516380501404129e+01,3.010933070030583991e+01,4.026132085173029651e+01,-1.660592506754323239e+00,8.314288597499430722e+00,1.761782754728118405e+01,2.905474290305890861e+01,3.635331985006011735e+01,2.241044609862671955e+00,9.398258954475547711e+00,1.813272349479030510e+01,3.260895374024796212e+01,4.153019536882455043e+01,-1.325139389050002503e+00,1.224454115842439172e+01,2.189421529905084896e+01,2.596059802741788403e+01,4.252915376686650006e+01,-6.356367558023734432e-01,1.074489382873338172e+01,2.119653018555472812e+01,2.854052980203623946e+01,4.275162196708676277e+01,-1.064018826317666422e+00,7.036724289362409124e+00,1.733533308803303541e+01,2.269789674349633302e+01,3.735976378183662661e+01,1.073843672988445963e-01,1.386354826534217821e+01,2.246833541815526658e+01,2.708448161358737138e+01,4.083245548822132065e+01,-6.826744129043952336e-01,5.092206283482035190e+00,1.827908575527091273e+01,3.146294651004015819e+01,4.123095108968908562e+01,-2.569859203416381632e+00,9.552084410097632983e+00,1.722911731422617976e+01,2.675374461402709159e+01,4.267708796651150749e+01,1.839863160492502647e+00,9.069551927256267021e+00,1.681395058523562724e+01,3.329269224662327531e+01,4.130384080226529875e+01,-1.779068782623886680e+00,1.361892063825862387e+01,1.830197237027034518e+01,3.257613847434486587e+01,4.173861935068507734e+01,7.884093820752338111e-01,1.276794343230987572e+01,2.278450979663256248e+01,3.075069002911072502e+01,3.905045608278211944e+01,-1.479097969036632154e+00,6.741995234350179445e+00,2.028688942169372211e+01,2.684317868232110271e+01,3.950929046642514919e+01,2.422426572998688687e+00,6.435998732662360666e+00,2.145861673435211259e+01,2.777246920563259636e+01,3.974654555931495992e+01,-4.881153184299478198e+00,9.821113557547560546e+00,1.898886577110439688e+01,3.054535988127322099e+01,3.873830812171930660e+01,-1.133314928416652378e+00,1.156652813834468674e+01,2.073284469967718024e+01,2.971143869516453861e+01,4.379934902188049506e+01,-1.385793695895742417e+00,1.250685077318655480e+01,2.103648395634363766e+01,2.801701286047161332e+01,4.057275687586223967e+01,-7.156582671327382794e-02,8.794773242652652812e+00,2.174738735522494437e+01,2.779429736078320445e+01,3.909141009293314539e+01,2.287074577047661261e+00,9.455818587003776088e+00,1.508864861545731806e+01,3.114357320947928187e+01,3.740248548453704558e+01
5.433272675686970032e+00,1.348570931054239708e+01,1.990791588783166688e+01,2.899670604919962713e+01,3.836899176432836356e+01,-7.651549511007527116e-02,1.296410312318883662e+01,1.973564838667980226e+01,3.304535208994876427e+01,3.930438770955679928e+01,4.938689550084905400e-01,1.179186357598690016e+01,2.113518230830140965e+01,2.646558741658235192e+01,3.936023000718665799e+01,-3.260728500286816711e+00,1.060939886231328089e+01,1.807734810382900648e+01,3.110884678734507958e+01,4.258176558856361282e+01,1.174500418755556552e+00,1.349568382461949412e+01,2.067948428128805105e+01,2.644860519336323534e+01,4.308311977489164946e+01,7.467380319793196497e-01,9.400965218818170044e+00,1.596573991890728372e+01,2.827021762072349631e+01,3.867294161968629140e+01,5.078952488797914278e+00,6.636737901800469075e+00,2.002191940835608719e+01,2.968679039546972476e+01,3.847781746265148684e+01,7.948650245814064874e+00,8.201994590276200370e+00,1.926108917641843021e+01,2.522828260865543371e+01,3.714534075649255129e+01,-5.229472435851620027e+00,1.151645627604490052e+01,2.251758878188324076e+01,2.927785429906146319e+01,4.270937389906950443e+01,-1.747278934739400214e-01,1.307265902049815232e+01,1.753414418282032727e+01,2.662496915140073384e+01,3.884700570243537499e+01,5.934906671825440405e+00,6.538696322648467785e+00,1.706774855119358492e+01,3.008490021476056597e+01,3.987469004604717071e+01,1.017925217325166276e+00,7.267410402030595407e+00,2.514486916913980252e+01,2.681629370748350283e+01,4.316193572747213381e+01,-1.307982060841812455e+00,5.048329114556184827e+00,1.871926661090851240e+01,3.401024526137663884e+01,3.856255964544266135e+01,1.831849829200252522e+00,1.291655823826521576e+01,2.160674720059548548e+01,2.230464393554134617e+01,4.390972798033870106e+01,4.941625398551403592e+00,1.384474439284225511e+01,2.461423510841522599e+01,3.385510324816414141e+01,3.552634793190328111e+01,5.497947647907286406e-01,7.425323091012492327e+00,2.616073288203343594e+01,3.078711176941512306e+01,4.123547250174679135e+01,-9.993685461042310925e-01,1.231710797146588021e+01,2.476974724651486781e+01,2.631539834448075510e+01,3.528317742423281800e+01,1.794661430813305980e+00,9.613223142847726166e+00,1.797411651181507253e+01,2.706271213230695594e+01,4.002484110891086999e+01,-6.322175672802352597e-01,1.372508281358290638e+01,2.199966438701895299e+01,2.993829444432845577e+01,4.014249562872549859e+01,1.539999221861043432e+00,9.363483412910866832e+00,1.577945222623060673e+01,3.390924418952684505e+01,3.645306248211166888e+01
-7.541215875858905404e-01,1.413101083662332691e+01,2.181292800936660825e+01,3.498829061963024856e+01,4.019927626307399748e+01,3.274489098154715894e+00,8.696971380077613389e+00,1.525209836517809414e+01,2.854149276365686205e+01,3.837753669687448621e+01,3.357481809686048368e+00,1.208387080860207696e+01,1.776255013682024497e+01,2.638601178684015380e+01,4.015340721258219503e+01,2.314984142347191742e+00,1.045265589249538429e+01,2.276411726037175498e+01,3.339830741010754167e+01,4.715518179161964696e+01,8.749238598759947472e-01,1.024924998319355396e+01,2.309492486991162608e+01,2.890247281515807742e+01,3.822149128061212764e+01,-2.327364815070377624e+00,7.186403156470394293e+00,1.830193659668355011e+01,2.682831819275800100e+01,3.575198014016166326e+01,-2.131207032746678998e+00,1.444040931720145338e+01,2.463969282498436897e+01,3.236515515653216113e+01,3.903859893559243233e+01,-3.179894052927236370e+00,1.126836020437148278e+01,2.047082573783184500e+01,3.396775386058970980e+01,4.038910816474499654e+01,2.373634725556680536e+00,1.322846549848332920e+01,1.964189488334487166e+01,2.596006165302526014e+01,4.122295859521744887e+01,1.036372904816938778e+00,1.548067857525351343e+01,2.178091462037052040e+01,3.265898080874467269e+01,4.010811878451693957e+01,2.797356655902797140e+00,1.459842955682564281e+01,1.822299419766154571e+01,3.352438161876293776e+01,4.395277896392038741e+01,4.988279112659977699e+00,1.100136768366037465e+01,1.647368729847013569e+01,2.970197434569465500e+01,4.141556090648218458e+01,-3.359838761264506424e+00,1.153806283570707336e+01,1.828517834660504704e+01,3.071489650727288279e+01,4.074253515245565183e+01,7.549051160874531874e+00,6.857600678887999734e+00,1.839328066295741237e+01,2.581785668608417694e+01,4.037212738844771565e+01,-3.181006743020870609e+00,1.029626274355787707e+01,1.737024495154025061e+01,2.714032496677294759e+01,3.535998399021355709e+01,-4.538267603614546175e+00,6.690057008778963699e+00,2.246843582855198562e+01,3.015097828906968402e+01,4.376593710676124260e+01,-4.466380573384981290e+00,1.200640931244928744e+01,2.188732088025687261e+01,3.179347597399836545e+01,3.759876470889182798e+01,-1.452002891779068827e+00,1.408927319545813184e+01,1.970346142860229577e+01,2.822024351905300676e+01,4.311684145878911067e+01,1.612176935624407559e+00,1.248164089849216474e+01,1.533025252147856143e+01,3.595775177712873472e+01,4.253686241491291753e+01,2.933978430770896928e+00,8.381473902876892978e+00,2.426719171856628066e+01,3.360826146770265410e+01,4.122971702523906146e+01
-2.410793275350354037e+00,1.025714123610605277e+01,2.305361226020471577e+01,2.851107301185813014e+01,3.622243194355458229e+01,4.521600539608945368e-01,7.441803283253489276e+00,2.152143635013999301e+01,2.986163036520894210e+01,4.100795301180536256e+01,3.199581089747245422e+00,7.803266303638175749e+00,1.789052597128080180e+01,3.509960554004573652e+01,3.538925603583427204e+01,-1.308495566412864797e+00,6.075663989761853401e+00,2.017810535440186115e+01,3.006022661573786436e+01,3.962804124075392309e+01,-4.365952904017811331e-03,1.472776686997488227e+01,1.830171061343562044e+01,2.895285908063329572e+01,3.620714953289143523e+01,-1.691176989122737506e+00,1.068203759239994000e+01,2.336550626619245463e+01,3.736129798519731793e+01,3.023993210185688341e+01,2.696178396782642928e+00,1.241635443023493224e+01,2.122409156733151647e+01,3.283071278249965985e+01,4.334693917811932096e+01,3.189752881188563371e+00,7.749675063312361445e+00,1.754569697927574268e+01,2.888377101266259572e+01,3.279724743507405549e+01,7.016100352143261887e-02,7.309288193544603018e+00,1.788329547910855055e+01,2.995217971458415818e+01,3.887737334951604851e+01,-2.563610840839526617e+00,9.001494425668839838e+00,1.289916732391416510e+01,3.244821396890106513e+01,3.411937272658898479e+01,-9.624339376611386054e-01,9.213246853567451211e+00,2.451467237570895108e+01,2.850323838368480622e+01,4.216023875270725085e+01,7.908929921827250631e+00,6.825400287964249912e+00,1.817265925909573454e+01,3.261562828749446652e+01,3.713299457651761060e+01,-5.604840904788877864e+00,1.501975040497998570e+01,1.865640700500643234e+01,2.902762315921882674e+01,4.077359418492471832e+01,-3.955231206724647564e-01,8.436000982988018038e+00,1.841383571736388447e+01,3.271360089860672815e+01,4.326534498698910625e+01,1.520425983832806471e+00,8.763708037977192333e+00,1.812139853643775567e+01,2.751166629031608224e+01,3.499898707996687364e+01,-3.066563045660746667e+00,6.169881548825125961e+00,2.411945898927975307e+01,3.559209647984874181e+01,3.800021663902809621e+01,-1.854593682313528724e+00,1.340131313061127472e+01,2.287991197369732888e+01,2.735761596621634339e+01,4.358068157313898894e+01,-8.781691464678880621e+00,1.519916324190212897e+01,2.236822475700658330e+01,2.704882394029147363e+01,4.745206542083695211e+01,3.977907730138623421e+00,1.471439048053953513e+01,1.628487134756700172e+01,3.005053505247552437e+01,5.036810853334898042e+01,-1.990565172626577617e+00,8.130143937264341147e+00,2.019663283494691797e+01,3.108173315428447481e+01,3.409663485399853755e+01
1.311487738012627968e+00,5.064106654467199320e+00,2.077699873749378412e+01,3.318124333495848788e+01,3.532487364455433720e+01,2.986953875034419781e+00,8.339369567664773442e+00,2.177770665127683358e+01,2.901198440064733930e+01,3.711763152260029841e+01,4.863536863131153742e-01,1.714259169774020464e+01,1.877726406095458955e+01,3.589725520400056524e+01,4.432825068507414557e+01,-3.736669885216461928e+00,1.114559042024189139e+01,2.243770101490956392e+01,2.715475358629267433e+01,4.106407426940509708e+01,4.972302613005341598e-02,8.962757826387139914e+00,2.113583768267295682e+01,3.035622534103034198e+01,3.904732632829801986e+01,3.192558788859396479e+00,8.872942690899101592e+00,2.330837705914320779e+01,2.483079600216461458e+01,3.697238229089451522e+01,5.239480939664606041e+00,9.493795042879268564e+00,2.369982637120324753e+01,3.237499757832546265e+01,3.974278444347037720e+01,-8.269078776558940191e-01,1.231149611175079528e+01,1.770169975239270599e+01,2.715702429682558972e+01,3.746758799206624957e+01,3.555738112996071454e+00,9.060561455261705532e+00,1.909741920034991125e+01,2.939295381860227252e+01,3.522066925041558960e+01,-4.611112816800077674e+00,6.900322287841175850e+00,2.163269032789025204e+01,2.985820948541001485e+01,3.946913153135020735e+01,-2.655472130518486740e+00,1.368303433282340364e+01,1.971687088475632876e+01,2.837807954806989130e+01,3.815038029153840426e+01,2.575366610716164129e+00,7.287889250351449633e+00,1.581179055240104425e+01,3.024360973854537349e+01,4.253656735514780962e+01,2.809415222386009603e+00,1.281342780469890741e+01,1.721439936813663607e+01,2.777123723144301337e+01,4.091043980914449207e+01,-1.902716567660631908e+00,8.708989354226531532e+00,1.857541439492590030e+01,3.238209928995439668e+01,4.216724421824147839e+01,3.158763206506735699e+00,9.962211088982344975e+00,1.949367773115916336e+01,3.187159403257320989e+01,3.763401433449910627e+01,-1.015363104620375712e+00,1.023640301257251295e+01,2.067163458120798225e+01,2.409852467041805113e+01,3.616644896233137985e+01,3.647189335980265401e+00,1.131727052497136121e+01,1.582577239113748746e+01,3.074137658629536674e+01,4.029552633485878488e+01,-2.047839598943927530e+00,1.386359543316557286e+01,1.902499583396083338e+01,2.895103216185375672e+01,3.936225515707806011e+01,1.736734547226494563e+00,1.486899977028723185e+01,2.166612632919235182e+01,2.810919495661095979e+01,4.378375503527812640e+01,2.315462668700456472e-01,1.052176787016669834e+01,2.057910271504249522e+01,2.853868366735531481e+01,4.181003889026089837e+01
-3.289985979409085992e+00,1.519846590122776853e+01,2.179011136864198761e+01,2.588744734944749837e+01,4.291147836960763584e+01,-4.081144887392925691e-01,1.127625485845212161e+01,1.771654387501004990e+01,3.238419882783605885e+01,4.455244842658947135e+01,-2.038602803156156718e+00,8.866045625002184849e+00,2.102499797893691635e+01,2.899464704674673499e+01,3.549762347566111487e+01,3.183689999168676010e+00,8.102687201300305730e+00,1.843892562895358722e+01,2.729671224209743485e+01,3.888839017547133636e+01,-3.613053958682169720e-01,1.457897614890096172e+01,1.776148018407146623e+01,3.519494754012860227e+01,4.084502241183059823e+01,4.374292842548994642e+00,1.038564070545358753e+01,1.889625293187407706e+01,3.061020065749567465e+01,4.094505873005824270e+01,9.328613416449841322e-01,6.606697204656892808e+00,2.599879588007827280e+01,3.234377915538060932e+01,4.196756172359500425e+01,2.596366698105589954e+00,1.359915581116444727e+01,2.144187055020807975e+01,3.610788499940662177e+01,4.400178099940073650e+01,-3.311039607122521655e+00,4.414616124544330056e+00,1.676372945732852671e+01,2.502790202854127699e+01,4.322114081193129209e+01,5.852510623486661956e-02,1.110442634818696561e+01,2.487167108121216685e+01,3.273496353534369518e+01,4.197588865822762472e+01,-3.125677758478767387e+00,8.949803637419668334e+00,1.825559617100433840e+01,2.745855113737047759e+01,4.063925083195017862e+01,2.928209923104302170e+00,1.131956836477573702e+01,2.007543525429537112e+01,2.838857339233125998e+01,4.113905393639411301e+01,2.747550076462515367e+00,6.414263592180636131e+00,2.097042364579434093e+01,3.224529224556818008e+01,3.826127895548667368e+01,-5.210342873991710810e+00,1.361770079210944040e+01,1.708974014292011034e+01,3.308782002461894223e+01,3.764602269566405113e+01,3.136825080918696163e+00,1.346040172446335070e+01,1.499761416297852534e+01,2.986807325896507592e+01,4.133656989959509076e+01,-8.869625988343998735e-01,1.926076305441488401e+01,1.637196850371237389e+01,2.930529168568105902e+01,3.882437863055188387e+01,-2.123975227203212413e+00,1.104540443645307768e+01,1.370606987168598323e+01,3.146074966071282475e+01,4.375090277008652606e+01,-2.012119235964840769e+00,1.259034161652450656e+01,1.976525780938995425e+01,3.581104113196176542e+01,3.952614192659431325e+01,3.528164779421465447e-01,9.510816631826964240e+00,2.417417764433672644e+01,3.232438814230690127e+01,3.532599307514890796e+01,-5.869433862972321947e+00,1.276119646802231067e+01,1.596628568978726825e+01,2.531150236919377861e+01,4.418288979409405215e+01
3.143223677650404113e-01,1.437815878564265404e+01,2.394305316079310231e+01,3.473094812384511698e+01,3.826586487862480368e+01,5.428555682288450646e-01,1.168471854348005223e+01,1.851185184029888120e+01,3.020609553114682555e+01,4.147767002679449888e+01,-2.468839175545437747e+00,9.368365605114096439e+00,1.722566552873583490e+01,2.967315419886950423e+01,3.975294737978645543e+01,-5.285719428627924543e+00,9.492662813708935943e+00,1.918716867147055183e+01,2.817293233714351786e+01,3.949656603267340671e+01,6.338707022721467688e+00,1.262402085116799810e+01,2.190734836831051879e+01,3.001995747280466986e+01,3.705575656700703746e+01,3.304067124724818338e+00,6.575922804784800846e+00,2.362062199055004541e+01,3.274510916813171235e+01,3.721881940515656595e+01,-2.409240163266327173e+00,1.024720413634874383e+01,2.213754511406684244e+01,3.184673670406115775e+01,3.461836558989613621e+01,-2.378464355033596433e+00,1.087992924971124076e+01,2.291856760844711971e+01,3.216831349366398740e+01,3.752235433564465694e+01,-4.897298634152983943e-01,7.735414175224812006e+00,1.815530889864774977e+01,2.751989731577625520e+01,4.886446596897022943e+01,-7.872691125065679252e+00,9.749764666294090887e+00,2.191331935306343581e+01,3.278519574026538663e+01,3.836546367045270500e+01,-6.603934780954123340e+00,1.137047607375383329e+01,1.883624568146953493e+01,2.771079792567955025e+01,3.882197820587457215e+01,-5.898614823853027822e-01,9.834961798350869699e+00,1.973872866821479022e+01,3.130196133110694845e+01,3.954657617062655817e+01,-2.151821388537216606e+00,9.616585844450654008e+00,2.318375299937168421e+01,2.801118716694505295e+01,3.881011564025887139e+01,-5.268145621925333977e+00,5.216441348552134372e+00,1.617961929208964023e+01,2.752375297262972254e+01,3.865742065012123163e+01,2.412430547346998688e-01,1.066105950853307682e+01,1.587429823344282553e+01,3.255236908472714674e+01,3.996510207156563155e+01,-4.774896907969601756e+00,8.299445455223969148e+00,2.015936132791210511e+01,2.788420895177575076e+01,3.670299396745171094e+01,-1.248716819520726107e+00,9.583649122151655320e+00,2.058005795035186836e+01,2.867711395118712048e+01,3.878071108648924081e+01,-1.999018825787788334e+00,1.078952809329653384e+01,2.268772590628919161e+01,3.311708777272144033e+01,4.226242570252588138e+01,5.150214164184243160e+00,9.705085669159496220e+00,1.884568221793895049e+01,3.724079648737429693e+01,3.781252579055279028e+01,-1.594368651601212994e+00,1.505245704647707328e+01,2.090966757369272599e+01,3.255920046435610260e+01,4.157830802397594283e+01
3.156883642608899976e+00,9.227088159477677465e+00,1.853298969448897537e+01,3.009729278656868701e+01,3.878669484248847965e+01,-2.244046921328934907e+00,1.269524972910254412e+01,2.095736521817816467e+01,3.097525462010677444e+01,4.258072668309760900e+01,1.158963058792326750e+00,8.634672338606360853e+00,1.978651304864808935e+01,3.066026714027405831e+01,3.769229674585066903e+01,-2.661053586150132766e+00,7.408542752272869514e+00,2.087922057887028160e+01,2.911721448217288710e+01,4.038034881682013832e+01,1.021255479964418011e-01,1.222298722496860890e+01,2.236227590844959323e+01,2.760816949468826920e+01,4.314875310226172900e+01,3.894680109605222817e+00,1.239841794756897642e+01,2.070470863562105635e+01,3.310601573432939659e+01,4.146839470169189212e+01,2.877589425587458560e+00,4.949415841027972718e+00,1.809732176590019037e+01,2.822289475302978090e+01,4.070614215646298106e+01,1.235258829412276160e+00,1.098672824835393236e+01,1.891789838874841578e+01,2.787775415704637894e+01,3.987320760135534670e+01,-2.776905525213884562e+00,9.701258541232384403e+00,1.679793284825263910e+01,2.981031081926299109e+01,3.995888663926917417e+01,-7.141472374916371990e+00,6.908058700657345952e+00,1.931971658806320846e+01,3.105582077256474349e+01,3.859549585761228485e+01,-1.808741924347869290e+00,9.367427902567616371e+00,1.734140073587902720e+01,2.507250869081708800e+01,3.598206772557245614e+01,-7.672718710655823671e-01,9.155796741492423507e+00,2.186703163806236105e+01,3.341712156253348809e+01,4.618760223984388347e+01,2.808907393844202183e+00,1.354413988095696020e+01,1.867992722712390830e+01,3.177333166037249512e+01,4.100346683783287460e+01,-2.898719145602386416e+00,8.069346421545169790e+00,1.921049900561621016e+01,2.965027689460798044e+01,4.447385766520390860e+01,2.396450060189113884e+00,8.518891184921688620e+00,2.103200639264355942e+01,3.281696172013980828e+01,4.270738767891700860e+01,-1.866201977701882564e+00,9.524868216803742627e+00,2.074318470053410479e+01,2.674882647381276968e+01,3.909305491896776630e+01,3.005103674888494947e+00,8.101467655173646421e+00,1.831851756359304773e+01,3.243553887846587003e+01,4.017929806042341312e+01,1.248730533133647347e-01,1.200569173424417357e+01,2.001075703869081224e+01,2.979075082061969582e+01,3.967966312450988653e+01,3.373881647802835504e-01,1.327886267780005802e+01,2.225070947946560551e+01,2.408800642926079050e+01,3.939521991964838321e+01,-1.752415218256421436e+00,1.051653403500591999e+01,1.411104070526479681e+01,2.996117455780445837e+01,3.655768676171729226e+01
-2.500485683108173429e+00,1.129816167281150463e+01,1.848464056855764426e+01,3.464798779636925730e+01,3.285922729117620378e+01,-4.333484427725601940e+00,8.454784001308054187e+00,2.217712049438306821e+01,3.079025627065237813e+01,3.847677917811532922e+01,-1.981736904655910347e+00,1.343883914309482108e+01,1.915229767028553098e+01,3.046509152232237128e+01,3.759776333470816922e+01,-4.406475600335580722e+00,1.178275883843182115e+01,1.431833695617335422e+01,3.508939252701085820e+01,4.355751559257913641e+01,-1.509397675053882004e+00,1.308562014306519217e+01,2.103073395968248249e+01,3.113745839019778572e+01,3.993494760193168247e+01,-3.669632768540722623e-01,7.320782777878963588e-01,2.195903554735271968e+01,3.830452270746497589e+01,3.985552087298419366e+01,-1.057353206325567507e+00,8.260757741989863234e+00,1.449285380188773686e+01,3.048258444280914858e+01,3.762227585495615045e+01,-3.812542139880105374e+00,8.450746708415200814e+00,2.375209572681484360e+01,2.933175747191998894e+01,3.966302205729233776e+01,3.087254855723071678e+00,7.027884671983292364e+00,2.465497647520164648e+01,3.159650284326228942e+01,4.135943693878191851e+01,-1.086297303875768172e+00,7.257799544615238574e+00,1.796053498396286585e+01,2.934188924509444263e+01,3.803551768173241499e+01,-1.231781723268227990e+00,2.994312783748089846e+00,1.682867511300017327e+01,3.240227211760777237e+01,4.188212597259393988e+01,5.741046942672916042e-01,8.216345803041278373e+00,2.878718303516328092e+01,2.981933451704674098e+01,3.892637610604838017e+01,-1.077645382228027859e+00,9.565158368163537261e+00,2.091974174567079459e+01,3.014750560141911251e+01,4.029264868790171050e+01,-9.903371328221907133e-01,7.878515260533282216e+00,1.869073609507103839e+01,3.046066403423932556e+01,4.021238340698155866e+01,-3.462208267785902294e+00,1.034534099940699114e+01,1.540148857433078433e+01,3.257098599561472696e+01,4.327939865744927062e+01,3.197458849310467199e-01,7.572170260959468990e+00,2.161995291011941234e+01,3.270566428526748126e+01,3.946628141550099400e+01,-1.721861524760370132e+00,8.388339289234565399e+00,2.653715039277267351e+01,2.889778832083390014e+01,3.753384667098859495e+01,-3.002679063385747416e+00,9.353388731242855414e+00,1.883417096551015035e+01,2.481795177514787198e+01,3.521040338412846182e+01,4.107006537031189453e+00,1.402869483875035606e+01,2.192056179348676181e+01,2.812149168882904604e+01,4.465309065930858168e+01,5.388464037218475555e-01,9.784618873507103132e+00,2.262532627155621512e+01,3.410213611873528805e+01,3.089704166437583055e+01
3.105922791364706281e+00,7.130685686741993656e+00,2.015798896006638330e+01,3.071957431991586063e+01,3.900396341124580601e+01,7.333760826133137734e-01,9.517323956592909084e+00,2.011894702493523468e+01,3.183155697465887712e+01,4.038003675486405797e+01,-2.341147723689030791e+00,7.872471260252617675e+00,1.403308642081074709e+01,3.315001123010198825e+01,4.181202796705179736e+01,-2.999995038162279748e+00,9.387752005018956680e+00,1.767801681896806087e+01,3.069944960190585093e+01,3.995469438364534653e+01,-1.758461709024529696e-01,1.003992665904311288e+01,2.027440175156486291e+01,2.976664383919932177e+01,3.942924607092938061e+01,-3.562157091269570586e+00,6.670395895675996556e+00,2.013796855771411387e+01,2.980503387039648899e+01,3.686293376292584867e+01,3.668347146765229105e+00,1.162060358353626199e+01,2.442520671560097156e+01,3.202924919541816706e+01,3.654487096937014456e+01,-1.897927163785452898e+00,9.311265286527927287e+00,2.179112884689905982e+01,3.049090548356402408e+01,3.817096050570604149e+01,-6.853805961627879029e-02,6.237308568413954646e+00,2.355049765693120989e+01,3.082061330565712964e+01,3.926559259703139304e+01,1.078309193693975487e+00,9.327479906852865099e+00,2.290494330294857050e+01,2.691322682000785349e+01,4.031936532169658705e+01,-9.713699548565055686e-01,6.352754048831112499e+00,1.945168522961931856e+01,3.166330614024358425e+01,4.034264334227743376e+01,2.568919825429524018e+00,8.329190886455490883e+00,2.160453238194810055e+01,3.028034630729401755e+01,3.860642025155673451e+01,-3.659296209667050714e+00,1.147155595375375192e+01,2.091179759798437843e+01,2.943042279839336217e+01,4.065543432367736898e+01,-4.199417052913036130e+00,9.043336373635709080e+00,2.309867331252383238e+01,3.212578395046164559e+01,3.930159752103527637e+01,2.002082885191870609e+00,1.209830599926666928e+01,2.055859937971064255e+01,2.853657110159366894e+01,3.696015720806555294e+01,4.245389791078246766e-02,7.829479353604039460e+00,2.361370441997638281e+01,3.110414139839986092e+01,3.646195029273479804e+01,6.366014053582538246e+00,8.814025150720585344e+00,1.887210720206564929e+01,2.591767182000059222e+01,4.229380411621383473e+01,-1.809754770870364071e+00,9.592339237986776013e+00,1.856381629440055292e+01,3.062903282824348850e+01,3.995664084908753466e+01,3.031856257842440172e+00,1.159275318915821984e+01,2.038800417606789495e+01,3.107262324199087189e+01,4.075671867714894603e+01,2.839877268583461678e+00,9.519926169775951408e+00,2.074117068501125871e+01,3.055512272150649622e+01,3.988295437613348327e+01
9.921740626943396091e-01,9.092734485439166292e+00,1.916601956087104242e+01,3.275540400065684565e+01,4.155507052324481521e+01,4.288351042985492967e+00,7.383539408169182749e+00,1.971660803286059505e+01,2.623161801386054748e+01,4.121403450703318327e+01,6.126020045631128674e+00,7.503517285626160493e+00,1.887979865229727139e+01,3.315261590739888931e+01,3.634508761562032220e+01,6.059401269156657222e+00,5.716874133899751520e+00,2.595218238018317436e+01,2.854787344827597551e+01,3.747807747977834225e+01,4.160605350636912725e+00,1.035061203501413551e+01,2.239746721499736637e+01,2.777295236001675960e+01,4.165745256116180428e+01,-3.370071354356796167e-02,1.556445591492374803e+01,2.091788444512617673e+01,3.313243552396770752e+01,3.980870858439809012e+01,-2.890934370921746321e+00,7.407682235298793216e+00,2.367415932470807149e+01,2.692708264928061368e+01,3.604066607309096071e+01,-6.439845579530719677e-01,1.180517185691417836e+01,1.165406730819209713e+01,2.991979233912039149e+01,4.441911315888777523e+01,1.514623542860509486e+00,9.619151194704098629e+00,1.977957781263492620e+01,2.882088610287939190e+01,3.944608840547879680e+01,1.858613853811025063e+00,8.116496052253827642e+00,1.721086078045821566e+01,2.979364290261424841e+01,3.920401787877894861e+01,-5.584080716700832170e+00,1.003911179409439391e+01,2.421319962931503156e+01,2.773644940571051976e+01,4.015104928462289280e+01,3.627327386466711268e+00,1.168561122522300266e+01,1.661163386893068150e+01,3.431704063674096261e+01,3.969601345436630879e+01,2.906155119029858014e+00,1.371071065682264667e+01,2.459123633235225270e+01,3.353064959723399596e+01,4.303306038260532063e+01,-2.298135601406505302e+00,7.563078287380469611e+00,1.992912835937546490e+01,3.045733037753577221e+01,4.356371342621140030e+01,-1.227544456497015268e+00,1.102429384885704167e+01,2.195930203942792858e+01,2.879841306974633497e+01,4.475136182865310985e+01,-3.252347111890757425e+00,1.072232020658201357e+01,2.455471597290593877e+01,3.108216153713756214e+01,4.175266585400771646e+01,-1.104887281119333320e+00,1.320659515142127560e+01,1.388283927878599044e+01,3.103294404880333346e+01,3.896277365001441240e+01,3.396022443288949866e+00,1.619355672795150980e+01,2.195224165705474206e+01,3.278687295754980369e+01,4.152177338938133033e+01,2.627396250324916416e+00,1.139241635606667735e+01,1.652765668880565997e+01,2.960633401861462488e+01,4.195097920402295699e+01,2.273239980729745646e+00,6.857111931871743060e+00,1.847945252358055157e+01,2.779808663945673430e+01,4.478891036370205114e+01
-2.036196812459150962e+00,1.441005901304100689e+01,1.937434954681647881e+01,2.767117656757732647e+01,3.553663118052227787e+01,1.336898199433860235e+00,8.228907941458954767e+00,1.911239318760089390e+01,2.614744590658134982e+01,3.811428757381857224e+01,3.557065203283284571e+00,3.862343614542125714e+00,1.519210757652685473e+01,2.921112034285330950e+01,3.814510743487333855e+01,-2.786259613709602512e+00,9.599698291968229213e+00,2.347254044255712557e+01,3.080866825577822965e+01,4.325270612118963953e+01,-7.511529436307387009e-01,5.378003120590820529e+00,2.110523238097121634e+01,2.852268220888627326e+01,4.190672231474907505e+01,6.146552775969214011e+00,9.442552955438401341e+00,2.233823835309710049e+01,3.260756689615813286e+01,4.727080631806659028e+01,-4.248480837721809067e+00,8.383088497111060633e+00,2.545233457664646792e+01,2.713735137505780415e+01,3.692258629686715210e+01,-1.859669231857667970e+00,1.336256747240350862e+01,2.194838945788634632e+01,2.429295174937088220e+01,3.985139777741756006e+01,4.886668932360070272e+00,1.009595233523413960e+01,1.921447588697335362e+01,3.099471033064764214e+01,3.553430093921310373e+01,3.096793046500858626e+00,9.070118591264757058e+00,1.668416826877310655e+01,2.695040032399860763e+01,3.995170227681507669e+01,-4.716475561497363245e+00,5.432828774823070361e+00,1.973001568044881893e+01,3.506200644112329456e+01,4.097727604594781070e+01,-4.117135869349439758e-01,4.071669014601848602e+00,1.585660389026773132e+01,2.687498418219565011e+01,4.063755448441608564e+01,5.093818539702960280e+00,4.563101352688402557e+00,2.048928512712458883e+01,3.199680970588037354e+01,4.622538127828112664e+01,6.363702306661108921e+00,1.334842386351277455e+01,1.870457178176877022e+01,3.430842288000106066e+01,3.958268197260321131e+01,-1.492982006258132710e+00,1.640627378492478883e+01,1.854523815064409220e+01,2.747447114252806344e+01,3.355643737190303710e+01,-3.199791734781980868e+00,6.820065718738431926e+00,1.663945827955939194e+01,3.278699127411980641e+01,3.637653987372431885e+01,-3.432408857243863576e+00,1.372110286890325881e+01,1.900555784045506513e+01,2.644053373783190253e+01,3.626787204472290682e+01,4.650041910906917986e-01,1.047101049538977158e+01,2.032826695148040130e+01,2.900515409912928178e+01,3.868312192018823481e+01,3.811590586562811911e+00,8.640391121961314980e+00,1.705703466862934548e+01,2.455325423774917937e+01,3.836954612404301201e+01,8.774366186483321783e+00,6.283014441215332369e+00,2.460705886354136140e+01,3.597163713907504246e+01,3.936285477628264573e+01
8.186609467615405533e-01,9.475930120619430852e+00,1.879171744675596400e+01,3.212583118020428685e+01,3.503318815080268678e+01,-1.336388118260701807e-01,8.263358649741469719e+00,2.770813027078857971e+01,3.285858016406830018e+01,4.088823538848692607e+01,3.333327786568502482e+00,1.022952454790636345e+01,2.363528106409453855e+01,2.848954330691055503e+01,3.748267972732302411e+01,-8.707930085154993449e-01,8.096213092775689901e+00,2.367935840441898421e+01,2.811891065774267062e+01,4.395760605592917614e+01,-5.346314456177396757e-01,1.371565097753106066e+01,2.012604277564367550e+01,3.121049301118059205e+01,3.632233689471836158e+01,-2.460470595720478215e+00,1.227451562503054028e+01,2.333488081015365267e+01,3.513403337360177403e+01,3.753608601182558147e+01,-5.326134382971335235e+00,8.176122426567376422e+00,1.834130760755363099e+01,2.880079140658092740e+01,3.935457200119331844e+01,-1.710331239258031211e+00,1.327690115691916084e+01,1.769258071176884783e+01,2.998627840143557322e+01,4.650825166965594804e+01,2.367013638655759422e-01,4.909472843280477505e+00,1.953769321551452620e+01,3.173788454958588190e+01,4.332981223137431925e+01,-7.753255385814428635e+00,8.839003257426407245e+00,1.580265050244358527e+01,2.931543676085932759e+01,4.053775253984892402e+01,-3.404388074849208579e+00,9.117962964867471598e+00,1.935580002121001542e+01,3.079664052098596727e+01,4.292245523096128323e+01,-5.110432054604555629e-01,1.174431173414041396e+01,2.059283072320687680e+01,2.975715982076944854e+01,4.305983951221954698e+01,1.179512498479400318e+00,1.342535064670815359e+01,2.325169820195171866e+01,3.192298128783441769e+01,3.762352774844958958e+01,2.341957772415116601e+00,1.009762259097513848e+01,1.808265533298477834e+01,2.902642469929096336e+01,4.049983162511903600e+01,1.825413235484514507e+00,1.087548302169373571e+01,1.926391961012864229e+01,2.734334211028426864e+01,4.362080166365503686e+01,-7.225678429539459380e-01,9.153188958073425141e+00,2.115241356434504638e+01,3.294986214011493075e+01,3.650592852307636349e+01,-6.142818803151501861e-01,1.036122278509047767e+01,1.885539175910461296e+01,3.203900230225390544e+01,4.049453112300414404e+01,5.272081608179663093e+00,1.248068330658662539e+01,2.310196768394077793e+01,2.703684934479939983e+01,3.751121121659419799e+01,3.525920069568912574e+00,9.491367961378768925e+00,1.637092587771998353e+01,2.596977170588096584e+01,3.965163902202396429e+01,-8.365397712341908765e-01,8.597513729140443317e+00,1.560894777364005215e+01,2.854196897604926875e+01,3.771473098132877055e+01
1.158904157931865964e+00,6.285439879999655588e+00,2.347756488149277843e+01,3.347495075300571443e+01,4.390033624910873300e+01,1.308278783217377672e+00,1.098726808261323029e+01,1.990856531397140827e+01,3.749858720795442935e+01,4.580236220545588566e+01,3.525082364609733787e+00,1.404782559566607603e+01,1.759552750224158046e+01,2.486495306685218054e+01,3.991003918592429045e+01,2.472975000162656478e+00,1.042636994438778331e+01,2.275827751774067664e+01,3.288973152596366134e+01,4.279672961425600874e+01,-7.686725801354737930e-02,6.270887917034015047e+00,2.458379090224567065e+01,2.910252234023509388e+01,4.232470052377717451e+01,-2.905866949774235319e+00,1.665376180302243014e+01,1.826090084269629088e+01,2.874608026351955559e+01,3.877674001711123708e+01,-7.778649147004785824e+00,1.147931115306615979e+01,1.901517651993527380e+01,2.746791205750934495e+01,4.165143424019500884e+01,-4.565812238003754686e+00,7.811747378599763536e+00,2.045400391126679196e+01,3.467338684112201719e+01,4.266838760253909157e+01,5.085977438403330719e-01,2.117742113317574493e+01,1.717238068451449706e+01,3.347626366903754302e+01,3.740873254021722261e+01,1.204920172701138936e+00,1.201273585816771572e+01,2.044723953687732987e+01,2.892769722134398336e+01,4.182504719511688762e+01,-2.581625765626529123e+00,1.235904553998438971e+01,2.172246154716997424e+01,2.852477124885653481e+01,3.896254676707543751e+01,-7.678408878551253869e-01,8.382308477444315287e+00,1.646262244345032144e+01,2.367079653225973956e+01,4.396251177806310295e+01,-6.729121964906709108e-02,1.254972970494384299e+01,1.502344293921419016e+01,3.608365658386037467e+01,4.037758054680757169e+01,8.020413885653850272e+00,6.849545381571915392e+00,2.077397388855907678e+01,2.895823904607671651e+01,4.341272967139802574e+01,3.587031947525667341e-01,8.848555017788466870e+00,2.221851564390016520e+01,2.751419560596777814e+01,4.264538085563683012e+01,2.509008042157735208e+00,1.261503935148931177e+01,1.827436725548393426e+01,2.478548415504614866e+01,4.172679187300049364e+01,8.198476724772955748e+00,7.385289324667519750e+00,1.934099345201995490e+01,2.445200447213676753e+01,3.997271513343402205e+01,5.517390270860954793e+00,4.693057726539495711e+00,2.290887867408773459e+01,3.197760515119806612e+01,3.340985938743583716e+01,-4.985046326468259181e+00,9.282189807916980229e+00,1.651509863102202402e+01,3.284140659284507535e+01,3.918571083738311955e+01,9.469087047579943572e+00,4.894427913301592881e+00,1.473365249011897760e+01,3.219984430869028103e+01,3.840941263813908080e+01
-1.086908836228486441e+00,1.268387856107767675e+01,2.007818118909816718e+01,3.181632535565896092e+01,4.357865824261598675e+01,-1.200733381634419450e+00,9.616325153741819065e+00,2.092379233118866466e+01,3.232401501317621495e+01,4.188528185708176466e+01,-4.652533203807734274e+00,9.338351359927276718e+00,2.038706350027638337e+01,2.869366482804602825e+01,3.956561748560873326e+01,1.159186937744522305e+00,9.844719880101893139e+00,2.250702516536950171e+01,2.928365364773758373e+01,4.278917293235350883e+01,-5.080854219135062522e-01,1.392673873607803614e+01,2.251417854804715901e+01,3.143168072453023143e+01,3.653172739067080954e+01,-4.484879649615210795e+00,8.070572054420804164e+00,1.606358713937394000e+01,2.732650995692863916e+01,4.284876679515300424e+01,-2.210600156570386332e+00,1.238767437446607289e+01,1.866690512902794907e+01,2.927992994420048944e+01,4.133441425600447161e+01,-4.210366941525014006e+00,9.617145091353883402e+00,1.985338911731844291e+01,3.314392349741327592e+01,4.323647494373376077e+01,-1.852060710528661502e+00,9.829780410510132072e+00,2.018176013333687280e+01,2.600813974720791322e+01,4.440659157735746021e+01,-7.709814945279505061e+00,1.263485914941989385e+01,2.456540240609960790e+01,3.110011766848349524e+01,4.060335353280665771e+01,1.293835708852335342e+00,1.092108724480437054e+01,1.992726238975917141e+01,2.716041571365580864e+01,3.891402224825019829e+01,-1.761522352530998425e+00,1.137638692986109312e+01,2.168751250507959583e+01,3.013863556570885649e+01,4.192073549403687593e+01,-5.053759240982220291e+00,1.083343078034732976e+01,1.913138273859539495e+01,2.944622857587448550e+01,3.494428094793527606e+01,-2.326604632160044872e+00,9.964387084791683336e+00,2.247837061179874496e+01,3.033217693469991616e+01,3.513393036480802323e+01,2.266218109646355394e+00,9.290950258607402645e+00,2.102739031798587632e+01,3.048381198261984082e+01,3.784423548447206542e+01,-2.988471967124710638e-01,1.307571332361072614e+01,1.609866567111142999e+01,3.073011264154091293e+01,4.010914062534898505e+01,-1.595047717900560658e-01,9.447541675640232839e+00,1.855078712525096662e+01,2.781703205720346261e+01,4.231612363019912948e+01,-1.722646659894233601e+00,1.193073201786834581e+01,2.105819484630187333e+01,2.784665560508659254e+01,3.978141348726710902e+01,-9.342053889526105159e-01,8.122388879303610310e+00,1.837663198019876276e+01,2.975016087025237610e+01,3.979402007423652776e+01,2.363141927369113438e-01,1.026795838517101522e+01,1.604987119884349056e+01,2.928826469333079530e+01,3.827593170485338447e+01
7.613658637938276463e+00,1.668282518828635830e+01,2.446710858390936139e+01,3.794989295750211511e+01,3.697416528030566951e+01,3.739530535458639005e+00,1.357397461367544089e+01,1.763135174711340625e+01,3.730139567392487265e+01,4.194693200125039567e+01,2.678688912197853433e+00,1.088424333402869060e+01,1.094450524936996061e+01,2.967594691891090264e+01,3.667311492154402686e+01,-8.731238893346662255e-01,9.136288469610096996e+00,2.421492120186080399e+01,3.262036418721483244e+01,4.966740133087831310e+01,5.894840518657640249e-01,1.472493927088938470e+01,2.175041448788519816e+01,2.279157421737250644e+01,4.564105294012999536e+01,1.125331460304851650e+00,5.666873522829821930e+00,1.452306076541707824e+01,3.097515548369207039e+01,4.042266412429526667e+01,-1.356015612587785579e+00,7.626395507741062119e+00,2.118403111072491285e+01,2.486571522888312202e+01,3.485939092947693752e+01,-4.364669962766306810e+00,1.246308014923834051e+01,2.506164505426906430e+01,3.696545617649110937e+01,4.291062797025793429e+01,1.278449027712497688e-01,1.075824176526856313e+01,1.761166751492264027e+01,2.787139911895123845e+01,4.007380328756075727e+01,-7.235346787018304582e+00,1.209329170281201371e+01,2.219947937638517033e+01,2.537224677186937072e+01,3.906620847731922197e+01,-3.498265691716727854e+00,9.224655656759491507e+00,1.531050336529319544e+01,2.973355945991871252e+01,3.874633621042530507e+01,2.723449147601248121e+00,1.314782291262934599e+01,2.115438189908310918e+01,2.899179003118065268e+01,4.099884740076767997e+01,-3.778745205501530258e+00,9.956627471022565956e+00,2.049968414038031028e+01,3.063685104603198894e+01,4.118408553269780015e+01,-4.438870507214100591e+00,5.005327783268034736e+00,1.485340361547455323e+01,2.821641148699224644e+01,4.193717435947212380e+01,3.008336817405794950e+00,1.330015926255157055e+01,1.851859349496355023e+01,3.112045369900659253e+01,4.116908489604862353e+01,-7.560722762904876326e+00,8.146509308632754909e+00,2.063650275914239529e+01,2.319418063261534968e+01,4.013661345198826069e+01,4.707248708638599233e+00,9.311028777313520521e+00,2.528212271387048915e+01,2.874605035320594837e+01,3.733992981762161634e+01,1.796577351643457554e+00,1.142537496486851722e+01,1.810695524608965812e+01,2.841277532871568923e+01,3.903092777116916068e+01,4.645094076520541293e+00,1.470867115902568045e+01,1.928763411881299561e+01,3.139680260628135855e+01,4.473962096446661718e+01,3.751734804627846920e+00,5.851428837106845471e+00,1.449777738766109536e+01,3.417264086722261851e+01,3.897780926309764027e+01
-1.831514253155171801e+00,1.314221183378433189e+01,2.228941426438904472e+01,3.149463106566552995e+01,4.020228614936906553e+01,-1.513081854953068461e+00,1.135268949091395818e+01,1.940181315938418294e+01,3.058699919565534842e+01,4.172399000069243158e+01,1.539821127480034857e+00,1.704916922487904074e+01,2.238650403959609037e+01,2.254956730184850500e+01,3.867332169014854060e+01,-5.233380264880885813e-01,1.307924025289730707e+01,1.907016074828731789e+01,2.692676209134019771e+01,4.251779634156974907e+01,3.033579100334442558e+00,1.413968065187855139e+01,2.275682907600022631e+01,2.689232878365261215e+01,4.565789839054046695e+01,-1.899462760524772253e+00,6.907348018510264254e+00,1.588409458422726672e+01,2.874164613909955790e+01,3.683626190952406887e+01,4.073910387136049138e+00,9.365985590997635057e+00,1.179979690346545951e+01,3.469268775987593045e+01,3.736761228194294659e+01,2.664991138970540518e+00,7.894940800951355975e+00,2.359199520717956133e+01,3.035539438655733946e+01,3.842211021071351951e+01,-2.849528701612948467e+00,1.403704003064900441e+01,2.040862934146574048e+01,3.051136105315107372e+01,4.550724523740800009e+01,-3.041666348714075596e+00,9.275272589520422883e+00,1.693925073077494403e+01,3.136127849269243839e+01,3.852470108761025358e+01,1.021497224106726165e+00,1.078317425887042802e+01,1.509602987775771510e+01,3.017360457346136116e+01,4.154208515455066220e+01,-1.349845170254075910e+00,8.448195117408744181e+00,2.225443908478302646e+01,2.872742896771053722e+01,4.012082690828580667e+01,-4.555684763901428624e+00,7.759489861668181554e+00,1.660104755315600045e+01,3.344188329769967538e+01,3.850035801028112559e+01,-1.531888079179249074e+00,4.765647545699581933e+00,2.308843332440806506e+01,2.446690534663592587e+01,4.426818226434680525e+01,4.210943326714357227e+00,1.358002758680217070e+01,2.264333088857812015e+01,3.248479160116498576e+01,4.328567157863670900e+01,-1.074944518398115889e+00,7.611355251126826538e+00,2.497904693228751682e+01,2.775309983426824445e+01,4.172645487565207389e+01,-2.021504310004668348e+00,4.399896879865748289e+00,2.250211259970699018e+01,3.131404736966905133e+01,3.813411845614463402e+01,3.069529756971233425e+00,1.139041381252038931e+01,2.229372495112189867e+01,2.599869069047596781e+01,3.601701810733712961e+01,3.636680557651876811e-01,1.230696185721160063e+01,2.298066987904870828e+01,3.324492575119928972e+01,4.234411662574087387e+01,-1.042671270424716301e+00,1.295256281639147922e+01,2.062605739148142447e+01,3.325742714821618762e+01,3.901399659467305980e+01
-3.111375460187729480e+00,1.434408335623773212e+01,2.075165991792257358e+01,3.140619390461714389e+01,3.987738430548503032e+01,2.210546581810699074e+00,1.055488607437175297e+01,2.056904653044606235e+01,3.171129754399985856e+01,4.460701994793885206e+01,-3.533468463847639907e+00,7.947449867628196607e+00,1.862436672573498697e+01,2.983466843843450178e+01,3.898250113805330130e+01,-1.600149996219114135e+00,8.082352231267481812e+00,1.703814712731858805e+01,3.315517096460588675e+01,4.416589974756698922e+01,-2.262252203694039565e-01,9.027583361781758242e+00,2.183894475122385614e+01,3.679587662756736677e+01,3.795291785461649425e+01,-5.192465533332664585e+00,6.791248567848169770e+00,2.264192107545428811e+01,3.310120279541081345e+01,4.374956892834391198e+01,-9.994970386916342875e+00,1.294746623052272305e+01,1.751664893398007550e+01,3.210942151158488400e+01,3.795822740803215112e+01,-3.905218936006019437e+00,8.652537098388780379e+00,2.113414924830786745e+01,2.897033813596463503e+01,3.795327442646172500e+01,2.080870587241212544e+00,1.347028312828783569e+01,2.308144377779909817e+01,3.276062394418955392e+01,4.229647478154819140e+01,-2.759044114298677464e+00,8.152881946007699554e+00,2.078900018494516289e+01,2.858369556102155329e+01,4.247290258679961994e+01,1.947979028490011144e+00,1.124645690897908956e+01,2.176070418384836813e+01,2.719001381725142252e+01,3.377296801632572709e+01,4.721803177079984870e+00,5.283888418627276984e+00,2.034184941761551713e+01,2.874931340100787125e+01,3.592279421187455313e+01,-3.093874191812155949e+00,1.214514303879995616e+01,2.076104970823711682e+01,3.120445279583346476e+01,4.010837646855937777e+01,2.352842913796395319e+00,6.659049265950717889e+00,1.542392877189488232e+01,3.206035564117477321e+01,4.009788790448817508e+01,-1.603584430998062249e+00,1.543419976944142036e+01,1.931756075895260238e+01,3.064532762101283581e+01,3.885508971402619238e+01,4.384104198354763504e+00,5.273904445221162973e+00,1.666205952606839347e+01,2.981879388036384526e+01,4.382032307004027416e+01,-6.782853285396904797e-01,6.724626195264947981e+00,2.589428835976353582e+01,2.835480641488821973e+01,3.642157848899231709e+01,-9.565961289652484822e-01,4.702950537287416743e+00,1.838197211562013322e+01,3.269449037867349972e+01,3.763134690222604206e+01,1.823022529939293257e+00,8.873336550089268471e+00,1.439678482481539668e+01,3.509935942060856462e+01,4.337146215466125199e+01,5.258516559490392872e+00,9.171371633163118986e+00,2.772583268545841051e+01,2.931929615014586687e+01,3.697365883751282922e+01
1.300809017255442956e+00,5.960640539223938106e+00,1.702101772984917005e+01,2.515674383753193055e+01,4.500817078846013430e+01,-3.182026537089627460e+00,1.158999609039824108e+01,2.065317226405532480e+01,3.165936852569653936e+01,3.866798577050345642e+01,-1.237182434017372046e+00,1.181873283119986695e+01,1.237675983314680650e+01,2.754137080648116154e+01,4.321070005146501103e+01,-2.079152100584222840e-01,6.740684488524202322e+00,2.324073719234359103e+01,3.023195591681519545e+01,4.027485839872812790e+01,3.205340944688781057e+00,1.071239203652921113e+01,1.771319763214209431e+01,3.040053916360929165e+01,3.799598588560397161e+01,-2.256908436551817942e+00,1.164360340226927271e+01,1.931749520481420390e+01,3.057057142875143185e+01,3.589438428165333761e+01,6.410183937417329503e+00,7.762572029639170701e+00,2.683352378957692963e+01,3.243350778036437987e+01,4.327623520651657429e+01,3.787335248348894012e+00,9.284808597290194143e+00,2.176105990827219472e+01,2.923089481665108025e+01,4.119943208830181192e+01,2.522180759705446640e+00,1.046637168425785980e+01,2.631374767519951874e+01,2.897273615045058293e+01,4.005780183845356390e+01,6.085409371376170107e+00,9.247716473326315523e+00,2.079108317927745020e+01,2.759504508967934555e+01,4.026046759747113413e+01,2.961006204271718900e+00,9.923090370122721993e+00,1.767930620298367828e+01,3.174687333517679377e+01,4.060110063244666634e+01,4.469551134097177858e+00,3.727159892134868091e+00,1.892057215826965688e+01,2.615153679694783051e+01,3.511063984961003825e+01,-1.567599864226782547e+00,1.092559651267736598e+01,1.907833701494349654e+01,3.071051885109348589e+01,4.049423611789135435e+01,-2.779963964322716308e+00,8.855985932589430121e+00,2.206428647194756820e+01,3.508855712743761046e+01,3.929848516932665348e+01,1.713628454016526304e+00,1.002941130393238467e+01,1.903963347180310706e+01,3.180415710789711881e+01,3.612320394745837149e+01,7.051799847521128539e-01,6.887978188241664412e+00,2.610297423233331671e+01,3.134278651426189199e+01,3.936920510640395321e+01,4.532162751106211473e+00,1.544768687222774517e+01,1.813447963684802744e+01,2.805702423329069006e+01,3.803739516456949588e+01,6.915441969336891148e+00,1.494710012066476423e+01,1.757501355117111430e+01,3.319406267127307331e+01,3.944124187935638304e+01,6.482708401264176690e-01,1.341578362723311280e+01,1.776377694771760929e+01,3.077100145641604811e+01,3.850415323113438149e+01,-1.602775896502123487e+00,7.229505149502723604e+00,1.969725869043051603e+01,3.000956059653625019e+01,4.110735306137575407e+01
-2.546003140789603769e+00,8.373425309054825405e+00,1.766421712598039306e+01,3.206665174886393999e+01,3.638433020947579166e+01,-2.126795901633613095e+00,1.096790362199745950e+01,2.088989576247258739e+01,3.567448111979333447e+01,4.075543091519431727e+01,-2.331537331778696043e+00,7.021296818397769535e+00,1.783063932509384841e+01,3.031712084302943211e+01,3.969532883033971160e+01,-1.104672459190538802e+00,9.902375685277219119e+00,1.801985764742548568e+01,2.889518770714431994e+01,4.186170880281867568e+01,-3.314734433485901910e+00,9.501246294266655568e+00,2.174839086253258102e+01,2.990142086508101471e+01,3.475350564704493195e+01,-5.288843514593979833e+00,9.008821019473328917e+00,2.210130252402293749e+01,2.689852817188754130e+01,3.754572372493636578e+01,-3.954720099418003620e+00,1.013905697978987597e+01,2.226718537849913560e+01,3.068489314335038998e+01,3.771827795854134280e+01,-5.624001432840724846e+00,1.354102299963545164e+01,2.464961820132412029e+01,2.784860379220081583e+01,4.236230298385374482e+01,2.888641162567099130e+00,4.809112352565355408e+00,1.780109906048760848e+01,2.644428324523803298e+01,3.894753938145543515e+01,2.315994766632207380e+00,1.225795209409221087e+01,2.069933796381958757e+01,2.698634435639000273e+01,4.481602478178500348e+01,-1.642139453209042976e+00,8.785691033913112236e+00,1.827704078581568936e+01,3.582473795521764970e+01,4.263359232291013257e+01,-4.286027229876167022e-01,1.183561673948203996e+01,1.821233514409354726e+01,3.169287840196049544e+01,3.883555359409128016e+01,3.292230434207468637e+00,1.170531046987107082e+01,2.325904758144443818e+01,3.065679568399469446e+01,3.854957185753836058e+01,2.536857051561290266e+00,1.271793765249458019e+01,1.861551022269872036e+01,3.164604248323053071e+01,3.528166871470950383e+01,-4.564526508367580115e-01,8.550986619205787065e+00,1.375045561005764938e+01,2.353372201312944156e+01,4.041413192031775026e+01,9.767737549475253855e-01,1.238679727624400861e+01,1.844128332187196406e+01,3.046987250218228738e+01,3.602075887638335416e+01,-4.765664264154416685e+00,9.569430833033329975e+00,1.762424148639792776e+01,3.071057743308053034e+01,4.253700156243391461e+01,-2.276399290974948642e+00,1.213867932008698602e+01,1.937104075696771943e+01,2.711580684557437237e+01,3.955665028810496864e+01,2.157039625046111908e+00,9.671233541621312213e+00,1.762329469163023177e+01,3.134094681528013737e+01,3.893709556722154730e+01,-1.623778627386954554e+00,7.209683805968704284e+00,1.846713781179169089e+01,2.593000750431735568e+01,3.920071312015785736e+01
-1.600261786187022306e+00,9.730755804104369133e+00,1.674285124188495288e+01,2.350615755628392023e+01,4.404169066898085561e+01,-6.133528456383247729e+00,6.436189256921084123e+00,2.149140928534581718e+01,2.911876888916465234e+01,4.101311003367531072e+01,-8.641766453575353779e+00,1.443955820392751654e+01,1.975415724267260131e+01,2.845138005463241271e+01,4.123201746874481444e+01,-8.775444277420678674e+00,1.110671105891549182e+01,1.684319645889733152e+01,2.661829518941228656e+01,4.362097210084080956e+01,-4.138319982725267021e-01,1.049826914807034406e+01,1.734695018134365441e+01,3.301379270614261685e+01,3.547621443589646617e+01,-9.905676390522784036e-01,3.275769283421156697e+00,2.416914501268695048e+01,2.934682843003959363e+01,3.829100484081578060e+01,-6.888160531025260269e+00,1.311503470926584569e+01,1.996942383509340146e+01,3.481240201361126196e+01,4.355349481974231196e+01,-1.192059884044494034e+00,5.413626194625236643e+00,2.064346573293367015e+01,3.058723348454731905e+01,3.323747784346200262e+01,1.736436037096950491e+00,8.225260477170513340e+00,2.246025967403448220e+01,2.894406623183665062e+01,4.330559091429076801e+01,-1.935497455937769784e+00,6.094229646091386954e+00,2.400380437548931667e+01,3.191793333979950731e+01,3.876938371977264097e+01,1.960799573557183040e+00,1.187755297485928629e+01,1.535019799973750487e+01,2.674729314309483286e+01,3.730778185967447058e+01,-1.349382139384861512e-01,2.425773701556446227e+00,2.067812493276246855e+01,2.273647727389418449e+01,3.649401678180234398e+01,-1.064715610141720115e+00,4.011068195677950143e+00,1.843757327852547689e+01,2.715507065414718113e+01,3.446331265813083888e+01,2.515035636009863573e+00,1.151644820472066399e+01,1.874508990292099853e+01,3.343165486615970394e+01,3.633941601674071364e+01,2.425868941268252144e-01,1.481527362107458501e+01,1.164325459285031705e+01,3.294019637555334157e+01,3.161086800329811553e+01,9.100704303940190254e-01,5.345641333098455128e+00,1.767162439405633023e+01,2.960610246017240854e+01,3.723214348486286696e+01,-2.268898260341968509e+00,1.176270429786923977e+01,2.058531308489164502e+01,2.863882465850252501e+01,3.371305382997802980e+01,4.740595181559018378e+00,6.537474654959872566e+00,1.666098067749442535e+01,3.023602084388586420e+01,3.443399044384990759e+01,2.729599644988097040e+00,1.527249749788120781e+01,2.027429233097614514e+01,3.106529435150520868e+01,4.047230482823292874e+01,2.936770068687701407e+00,1.137968673329962144e+01,2.413351076212028090e+01,2.837928038428981381e+01,3.339054401866843591e+01
3.732241919654776918e+00,6.498026649374354591e+00,1.881751781787400191e+01,3.297235787830332043e+01,3.480620473072564636e+01,3.467111539848270585e+00,6.785871855010703335e+00,2.029023502967291748e+01,3.048484806793811686e+01,3.862235375257243675e+01,2.034588444765181414e+00,1.389279437077309254e+01,1.493699385252919143e+01,3.180987709457653168e+01,4.137915947731266186e+01,1.943540701429787187e+00,1.139790799188716619e+01,2.171807745052180039e+01,3.511642211385114365e+01,4.196524010763571511e+01,-1.788199759207784068e+00,1.174415983887519310e+01,1.833325139976914997e+01,2.449229089016463590e+01,4.107347817418949631e+01,2.217275203129470018e+00,7.638330890301375575e+00,1.431528158617855873e+01,3.050892273068408755e+01,3.773588430973391894e+01,1.364373821084440941e+00,7.261260100069403478e+00,1.785136073601285389e+01,2.976404642174861692e+01,3.750854003482483279e+01,-2.912621081914690269e+00,1.077558360770956014e+01,1.843456489617529570e+01,3.240683831226344580e+01,4.318274369077827401e+01,-2.186550453762582391e-01,7.113734761633605075e+00,2.255284235190636721e+01,3.017908492345931748e+01,3.769163616636304681e+01,3.154532638988810644e-01,1.111328581805062754e+01,1.900123625759577806e+01,2.383491222940253706e+01,4.184250977228306567e+01,2.190637467085838175e+00,5.952443237500908424e+00,1.600557854431591664e+01,2.836819995885503687e+01,4.110356543529177031e+01,-1.519461541678243988e+00,1.789500469633816948e+01,2.158828264132748487e+01,2.865902078181397528e+01,3.830979641453460971e+01,-2.696182450426186095e-01,1.625145463039113025e+01,2.127111385741680749e+01,2.941339377902520980e+01,4.137085059135238652e+01,-3.346981308698173674e+00,1.034150247837453485e+01,2.174915683336850947e+01,2.801665393304753238e+01,3.749145071147315633e+01,7.297086327081301338e-01,7.571213826207320530e+00,1.608997953082926102e+01,2.730776573763044013e+01,4.063565093187820310e+01,3.663759968662394506e+00,9.990085030154645551e+00,2.609394195582278186e+01,3.397608272227261494e+01,3.868552048000682930e+01,2.893432190886904287e+00,8.918223661987610740e+00,2.492987919988201995e+01,3.110005262607517906e+01,3.989182552848775032e+01,-5.477872405573101844e+00,1.070526937421934299e+01,1.819082085570275353e+01,3.015397413784810610e+01,3.981837072560164614e+01,1.887394576007954461e+00,1.133164729640728829e+01,1.874425704115143887e+01,2.527472878031954551e+01,4.554370850878910204e+01,1.516185226149788123e+00,7.799921004298737692e+00,1.837821520453033131e+01,3.107517098458951210e+01,4.173261891570707149e+01
4.434480144603377916e+00,9.188222342293606459e+00,1.243986345068383059e+01,2.920886619009585417e+01,3.663091385131119182e+01,-1.373525841847990980e+00,5.671651310488003972e+00,2.373502450661801078e+01,2.930313725462684360e+01,3.560178455390757790e+01,2.712089187385869904e-01,1.107706052426407872e+01,1.823844168111661901e+01,3.106128944801058722e+01,4.261055773922753787e+01,-4.784301156397464894e+00,1.106548856169837336e+01,2.123172119567388449e+01,3.209259630605486535e+01,3.653813812612610690e+01,-7.992019465218964669e-01,1.080353445565447146e+01,1.756377453832827129e+01,3.000245431008459818e+01,4.204541868573168273e+01,3.355176278817408431e+00,8.753431326556572856e+00,2.418699280842015398e+01,2.920858923281100061e+01,4.314758991775363484e+01,3.977844953711887843e+00,6.393947241996325026e+00,2.232553467681913162e+01,2.864343565450501572e+01,3.867601783943238303e+01,1.439380567429449531e+00,9.468923213602106870e+00,1.714305091084272092e+01,2.476320565813596275e+01,3.905919697255179557e+01,-3.153570591625154407e-02,6.699828506311035881e+00,2.483009429081847941e+01,3.408098632472464828e+01,4.090743477479675505e+01,-6.084812321233605825e-01,1.122517069024361014e+01,2.064258904999352495e+01,2.822444863872264165e+01,4.012638558173296843e+01,2.096240036206348911e+00,5.242052241618473829e+00,1.843493125930150001e+01,3.397619073015616920e+01,3.968836807656808929e+01,-1.268543950181932889e-01,7.761882178391348752e+00,2.136591331111630510e+01,3.455517137106743064e+01,3.991837000811293024e+01,1.626924017601606653e+00,4.236643829042364473e+00,2.072883245092846138e+01,3.253456730882157188e+01,3.986804835968781191e+01,1.311667090490442167e+00,9.938387671747673124e+00,2.432176521784060341e+01,3.150516045124182085e+01,4.149201815270881610e+01,-1.943213987153559419e+00,9.903924827018171229e+00,2.262504219447875187e+01,3.142912136101283238e+01,3.986994740502614576e+01,-3.350705223578454017e+00,7.492860723322709582e+00,2.559996791680473649e+01,3.336930213129661382e+01,3.819584154820613264e+01,-3.187444852830353170e+00,1.029420233344794866e+01,1.871203296094852320e+01,2.539628581574300270e+01,3.507420774160423349e+01,2.259595714829806923e+00,1.092915738176589535e+01,2.164498324255475481e+01,2.194842657679497222e+01,3.861017095524884724e+01,1.565533863365615730e+00,1.128077955698202217e+01,2.056803910458829776e+01,2.500168504377244716e+01,3.759248676478743789e+01,1.872738860576033559e+00,8.283589697569381016e+00,1.521327731699695285e+01,3.371648826433907686e+01,3.694950028765852323e+01
1.069409470872841439e+00,1.828171807018571826e+01,1.876448647355910637e+01,3.092906000521249155e+01,3.961545070434308258e+01,3.308786875427854879e-01,1.321823212329444708e+01,2.025785083466905334e+01,3.363575329708787365e+01,4.083096490669910850e+01,2.593070727269058739e+00,3.421855566934578263e+00,1.955164695723074075e+01,2.951026648815077280e+01,3.630399937376600406e+01,1.504675876554510516e+00,7.940107840845865184e+00,2.006109134121265924e+01,3.294188024207794285e+01,3.841623160724105901e+01,-2.135713880462328795e-01,6.089883010469471891e+00,2.258204849834765682e+01,2.647258515265955481e+01,4.544448123328911038e+01,-9.784825872610918296e-01,1.194996880286389995e+01,2.148494417552264224e+01,3.003068335902475994e+01,3.744061408141909197e+01,-1.188561936935628838e+00,1.105249022666320258e+01,2.069922471028209898e+01,2.485874010128617684e+01,3.835241406912081175e+01,2.933471142134773224e+00,1.044007864078095515e+01,2.246662728311587287e+01,3.164626423645134423e+01,4.062146991873514423e+01,-2.170994354353590783e+00,1.106504577711578108e+01,1.728852046474726833e+01,3.330946658126519111e+01,4.165575393404468940e+01,1.617539340308027596e+00,1.225322362521408870e+01,1.506007469254531550e+01,2.651207973716639898e+01,3.951543233121903143e+01,-3.377822474954668586e+00,6.464396560695263361e+00,2.008122870175792229e+01,3.422364950785671311e+01,3.953551310091835091e+01,1.468942843895329586e+00,8.548584416267207331e+00,1.996829508051738244e+01,3.123656130951559362e+01,4.316972564096965215e+01,1.035468839118271811e+00,8.513670245846377327e+00,2.001788547138283292e+01,3.201022442194980755e+01,4.192677799098224511e+01,4.096730808007370328e+00,7.927560925081743370e+00,2.043638600148393181e+01,2.815845337797427561e+01,3.979653657894363050e+01,4.741877790130351045e-01,1.281447724827523160e+01,2.211010044487467141e+01,2.968217639587751933e+01,3.751629776442113950e+01,-4.066936262243271649e+00,6.829343150291302678e+00,1.927128711830714991e+01,3.106345602379517246e+01,3.894748198403972594e+01,3.629308399175692479e-01,9.617989106139068767e+00,2.067169083229460469e+01,2.740044152558213852e+01,3.654298528703174753e+01,1.673827809185483240e+00,7.505866449637723647e+00,1.827278765696399887e+01,2.912795691193991487e+01,4.144877033301006719e+01,-1.620430698872560527e+00,8.646973236069358748e+00,1.708821879737481098e+01,3.013127512848212319e+01,3.959309983445653813e+01,4.888277070171282546e+00,6.559155644071634761e+00,1.750244506657188381e+01,3.320856522888421125e+01,3.527437423943554506e+01
3.087697886304389350e+00,1.392623304291415920e+01,1.769302161248752014e+01,3.056314623550036202e+01,3.896291898945913346e+01,-4.389365763364278195e+00,1.184018327025590267e+01,1.765885602920375419e+01,2.666856397045556548e+01,3.588836911203593871e+01,-8.603798755422258360e-01,7.478080306057739435e+00,2.086866667881186288e+01,2.961325230588299107e+01,3.811478362580362500e+01,9.636362401186466808e-01,1.113102784954436686e+01,2.205862706284028363e+01,3.056575378541484156e+01,4.067208931659440907e+01,1.025167897752161217e+00,9.707087755103279036e+00,1.892134330866273118e+01,2.955619773482143486e+01,3.974530633332959439e+01,5.322022501112464887e+00,9.990912652296955798e+00,2.272799774351371482e+01,2.841481573632586333e+01,4.363274898708759508e+01,-6.718813880257933135e+00,6.828924573557426214e+00,2.079468682217811448e+01,2.412621276748884469e+01,4.111303813702470222e+01,-3.745714057095173022e-01,1.472940605790630286e+01,2.448666480601066553e+01,2.931189714448873218e+01,4.093007115196074608e+01,3.225710012187750664e+00,1.097288794547827351e+01,1.638781605832738819e+01,2.923798524660344711e+01,4.104030748475253887e+01,-2.803834804925940727e+00,5.975065683148017115e+00,2.250705490855610336e+01,3.070284412401098351e+01,4.001568615119604999e+01,-1.000162982603021167e+00,1.175184661060938573e+01,1.599577245221464850e+01,2.923864649062022991e+01,3.975488363924930013e+01,-2.305413109670683802e+00,1.148387998918508757e+01,1.726042254995851266e+01,3.313651679381796811e+01,4.395067926507942957e+01,4.744100017887431520e+00,4.210269067547904420e+00,2.145575579840401303e+01,2.458949467192119442e+01,3.834965881722825998e+01,2.869434751285676377e+00,1.328247120397472791e+01,2.016890851484281910e+01,2.762660873169456366e+01,3.853772479568885956e+01,-3.963666121543407250e+00,8.512347001023076842e+00,1.999492116417300380e+01,2.975448415729922402e+01,3.687359902394637601e+01,-2.022601476358518724e+00,1.297698637433877167e+01,1.528692924764531647e+01,3.129655159854580759e+01,4.209457830384678090e+01,-1.773876955406941125e+00,8.336268044712555891e+00,1.977267070270477589e+01,3.075634720206424788e+01,3.556412611440146065e+01,-1.485811218354177843e+00,8.160729434309391905e+00,1.990620786897984829e+01,2.642096708705195951e+01,4.189919979736497879e+01,-1.847033759600752667e+00,4.706105179849855880e+00,1.946307547853146502e+01,2.410808601609109303e+01,3.584598355242055590e+01,-8.660976122744947769e-01,8.421994116658888530e+00,2.393519405165823954e+01,3.063795939875888052e+01,3.922003840255972307e+01
2.150710302786650985e+00,4.180257764196124270e+00,1.928642257740675703e+01,3.627528918566351734e+01,3.415465187471096442e+01,2.403298411615743646e+00,7.511766051791671117e+00,2.076098908699033530e+01,2.825918945454452924e+01,4.024580575656985815e+01,4.942641129504421471e+00,8.397559502282343047e+00,2.085754381057190088e+01,2.922828427199506152e+01,3.935907192952415556e+01,3.291640349724717751e+00,6.623217172141008469e+00,2.323631916972352229e+01,2.739261255717393695e+01,3.909468514384649751e+01,4.029822436557108922e+00,8.273245109449952395e+00,2.474276899676181785e+01,2.750160332897564786e+01,4.559560502290554496e+01,2.584708839860300422e+00,1.399854071412782019e+01,1.839438442326695977e+01,2.550604423610973726e+01,4.171983079005294570e+01,4.697977019167928425e+00,4.273256260335137391e+00,1.526325748377954916e+01,2.540136398364122883e+01,3.750016667116958047e+01,4.103384336232211105e+00,1.060025753500219459e+01,1.343027839283408298e+01,2.759581507221815500e+01,4.305648165901143187e+01,1.086264440253846164e+00,1.233415861908808786e+01,1.872694442347178523e+01,3.244852699463098133e+01,3.482582430428680453e+01,-1.925811785226910322e+00,7.906979198899326988e+00,1.347977637201864098e+01,2.557239493133326036e+01,3.862874732853246940e+01,-1.093359806634441211e+00,1.028035387846826154e+01,2.468361662969004655e+01,3.176515180849209941e+01,3.892522003884036508e+01,-2.072507211205313560e+00,8.907601697665601392e+00,2.201664712623708198e+01,2.929856497635593371e+01,4.251336707864266629e+01,6.920409099799613273e+00,1.184436108177853164e+01,1.774341052381680228e+01,3.626336038187291422e+01,4.433396212602194453e+01,-3.182588060836630817e-01,1.039986942807692749e+01,2.237190740909991149e+01,2.677799081919610913e+01,4.582918089798211270e+01,-2.492176623850800521e+00,1.054159826780323073e+01,2.592694907161753193e+01,2.898243278371231213e+01,4.249089726904946218e+01,-5.713365926819699014e-01,8.920682303060917917e+00,1.959929978775710069e+01,2.851038599245599769e+01,4.401928291026125351e+01,6.191695021333217142e+00,1.074009293305201140e+01,2.127818684717854225e+01,2.631132332416392927e+01,3.759231016505796674e+01,3.843543684679471717e+00,1.172662162969935551e+01,2.241145661480508267e+01,3.410664702684537275e+01,4.284782418319414887e+01,2.620628336548330939e+00,1.052017212536170376e+01,2.654723093487571717e+01,2.856826094440294739e+01,4.030830824467376061e+01,-4.822128736966062590e+00,8.722881224922911514e+00,1.728044647639415032e+01,3.409958213796814874e+01,3.739537717535529282e+01
-9.225710978320034172e-04,1.230182756683766776e+01,1.805524586938523868e+01,2.711089064999628206e+01,4.285867932139674252e+01,-1.922992564355663347e-02,1.451717093142681492e+01,1.999923392041866421e+01,2.602534832686408706e+01,3.948189262109642073e+01,1.718877693522187222e+00,9.364289371460378320e+00,2.270196327743115106e+01,2.942312937778691406e+01,3.776474518439957961e+01,2.153464247850596536e+00,8.947386242470887652e+00,2.052358374799939611e+01,2.873630316195616885e+01,3.495363251412822336e+01,1.064987601067819867e+00,1.097901647572538586e+01,1.941235914306782462e+01,2.731409921224081216e+01,4.534949215633136532e+01,-3.755579853873740159e+00,1.300696168686419973e+01,2.208444301203095961e+01,2.902313011390214825e+01,3.796669235399554054e+01,7.110075809621242193e+00,1.158908006146645597e+01,1.821753012146133344e+01,2.873922398576398507e+01,3.744587102936336009e+01,2.158945242191681047e+00,8.573861989215368240e+00,1.897877057808446466e+01,2.649939193565480977e+01,3.496461310084387009e+01,-2.461725592758917003e+00,1.036211213328859060e+01,1.768584157987969618e+01,3.732962464530081093e+01,4.082186895320185727e+01,5.530561784905178691e+00,1.150498024275088049e+01,1.520382771297618518e+01,3.133551764774156112e+01,3.908292031949579837e+01,1.202771221661573575e+00,1.322509509287900187e+01,2.044404525640108261e+01,3.562711076685814504e+01,4.082738704153823051e+01,2.846750552116291466e+00,9.433634633574984107e+00,1.578514805620289785e+01,3.279267941926134711e+01,4.267338089433908266e+01,-3.484369206695650867e+00,9.499168573619556355e+00,1.728276748138883079e+01,3.022672515723249020e+01,3.844250860914934975e+01,5.511000054468706999e+00,1.059217024097500470e+01,2.113014495764700484e+01,2.578004274073565583e+01,4.485650699218260229e+01,2.604077957795611908e-01,5.541766704359595508e+00,2.405900018116862071e+01,3.096496517035470575e+01,3.833170524692831549e+01,-3.325399909478655935e+00,8.565798314063252761e+00,2.308453252114082943e+01,3.289100400142935854e+01,4.094634788133591030e+01,2.260203595695720047e-02,5.919559605687178205e+00,2.273331049890529343e+01,3.040405676825148973e+01,4.120487500064919573e+01,1.558455749204375351e+00,1.011430179978367327e+01,2.125109025577350508e+01,2.501401226551041646e+01,4.408914717672965367e+01,3.110532336875038162e+00,1.227374491949627000e+01,1.944737137221392942e+01,2.787144942505491230e+01,4.201134293764012284e+01,4.240944787800245308e+00,1.247112563670836849e+01,1.721938335187314451e+01,2.808061632254912610e+01,4.031705407786382978e+01
5.523466840251957111e-01,8.021908043561937873e+00,1.531711605675503485e+01,2.778528864885512917e+01,4.012356752437700891e+01,-2.245961969990003748e+00,6.343814627020048391e+00,2.494194519284770450e+01,3.171327528356721359e+01,4.186553268799380589e+01,-4.460987283400756453e+00,9.696837120045275427e+00,2.462409493578229913e+01,2.789602988631878588e+01,4.081804548111949771e+01,-1.675154964870394725e+00,9.945185449881106976e+00,1.809242809375690442e+01,2.979449496191837099e+01,3.965138180241805088e+01,-9.972407326648542458e-01,1.056756477455071774e+01,1.915601856467043973e+01,3.519878214087032831e+01,3.893952347165753025e+01,-1.275794578189566097e+00,5.509627991193761787e+00,1.996676282187187113e+01,3.322062867730787161e+01,4.584061612786494067e+01,-1.758121297407950756e+00,9.898629300237162809e+00,1.586469504122935170e+01,3.213649631243204396e+01,4.232416773166292501e+01,3.747363356920189403e+00,6.955808818911786595e+00,1.999413624170991355e+01,2.613773890691039981e+01,3.897268692078701946e+01,-9.423028341303915090e-01,6.733394846566815417e+00,2.849666444877351879e+01,3.241680101793397029e+01,4.043915537319058018e+01,2.015068014234112859e+00,8.636414851928211789e+00,2.179950440641158593e+01,2.855615826359118614e+01,4.028055673081968990e+01,7.322032239966282496e+00,8.344417142170172497e+00,2.097408102020568421e+01,2.759967024615300346e+01,3.930398932545785584e+01,-1.867994030887513590e+00,1.227914504198717616e+01,2.445470004173370882e+01,2.937142618237043479e+01,3.504382962010515712e+01,-1.585839085870845988e+00,9.412835454186550876e+00,2.056207060810152143e+01,2.859706340095115351e+01,3.604914430480223331e+01,-1.303332610182369011e+00,1.102496516864708020e+01,2.042919448182230724e+01,3.371200036509981146e+01,4.123629519012639832e+01,2.292716433103040519e+00,1.236768305937394885e+01,1.861645232387533966e+01,3.151796419207441602e+01,4.074940322532100367e+01,3.986500469005255454e+00,8.163484786916294311e+00,2.059173745832138991e+01,3.374015581968915711e+01,4.044477210214692775e+01,8.001030925699439411e-01,6.615720030884800096e+00,2.284318143592912165e+01,3.297846021022033369e+01,3.925407105565863475e+01,4.681968016119955500e+00,7.268548829095755615e+00,1.869372049160636351e+01,3.083470316024014224e+01,4.127649945176258939e+01,1.695379229298087376e+00,1.351761081796020036e+01,1.962912584041560393e+01,2.883908344817784908e+01,4.458915537103323601e+01,-1.370862573696498554e+00,1.071969453483064072e+01,2.417519679298567681e+01,2.669821920137038518e+01,3.410729507238096403e+01
-2.086166085761405053e+00,1.236215853161039924e+01,2.405354631401913323e+01,3.525689439118703916e+01,3.985557143915936251e+01,-2.084126482031224636e+00,9.468155951445027085e+00,2.201350163047857222e+01,2.847984524839547404e+01,4.378623746824129626e+01,2.208326516283503516e+00,1.170480526472742611e+01,1.902919494232846631e+01,3.080064753846543013e+01,3.944510996933526314e+01,3.321060542664156401e+00,1.060945322039141203e+01,2.334745921578277716e+01,2.699788896165295782e+01,4.434344487808005653e+01,-3.616609371446737331e+00,1.039462648558594005e+01,2.402375370211438721e+01,2.776921040785462935e+01,4.397079141009523795e+01,-1.932471936823571657e+00,1.642278468858679119e+01,2.115947966796932533e+01,3.187618873390518459e+01,3.408601295141054521e+01,-9.596139075867253787e-01,6.892624647344947952e+00,2.351863608118825510e+01,3.154530431663945578e+01,4.313032986586814843e+01,3.888313324925932513e+00,1.086753356349583477e+01,2.285835472294703408e+01,3.224856299920867997e+01,4.400869520992842610e+01,-8.666861070884412932e-01,1.421058199663360000e+01,1.379522355143816625e+01,2.748167339173460988e+01,4.047641723807281267e+01,-5.269063748404223979e+00,1.168166755831195580e+01,2.178477260714454289e+01,3.568704239540043233e+01,3.844385250614707417e+01,-7.131478144691859811e+00,1.269150137163225800e+01,2.557962865897498261e+01,3.150255062761166158e+01,4.103388495148701054e+01,7.972921553258220939e+00,8.697702104632506703e+00,1.270597235125062952e+01,3.430964530265379864e+01,4.037630459977939523e+01,2.277090298193139351e+00,1.417716858987910022e+01,1.921948784507140928e+01,3.413266276248457132e+01,4.324929939997534944e+01,3.409361298706182986e+00,5.301069127385050095e+00,2.176605866413478552e+01,3.096329105452350205e+01,4.232588419159106508e+01,8.489703108393431563e-01,1.450372469708309708e+01,1.716410804475803786e+01,2.527665773091003132e+01,4.400388189451741283e+01,-1.530804726255849513e+00,1.159760004988265614e+01,1.705948795293580389e+01,2.240139153585032616e+01,3.707876490847185380e+01,-1.067603243648666655e+00,1.006626716972991353e+01,1.426919298619771936e+01,2.990982342840191066e+01,3.774221053976415874e+01,-4.627613785977070515e-01,1.712825962986771344e+01,1.916103669670674847e+01,3.565683099851607807e+01,3.960967166797896510e+01,1.774312567221043579e+00,1.260899031053417296e+01,1.506193891936804974e+01,2.964683612404651214e+01,4.275554271180675414e+01,-3.887990321738188371e+00,7.972440272256770655e+00,1.721610031122814277e+01,3.106428195293272054e+01,4.333094015216903472e+01
-2.143943126646925990e+00,7.063558243005646275e+00,2.165380545924253397e+01,2.822245344462517025e+01,3.998284863106979259e+01,-1.501810178862541534e+00,5.408398927582041438e+00,1.913499923380939904e+01,2.995375602787746416e+01,4.199100888499017969e+01,-2.549407619156646376e+00,1.185079178986270598e+01,2.315707364364851628e+01,2.848966910379419915e+01,4.215789032472997633e+01,1.334140426283765946e+00,9.528942540274831785e+00,2.099299338442257223e+01,3.135896007483070846e+01,4.284978265417279175e+01,-1.029325963229966057e+00,5.511931141016283675e+00,2.007674855791949753e+01,2.654209180170414939e+01,4.284518963761794197e+01,-3.400548554210333085e-01,1.260078092425609952e+01,1.878102087277778409e+01,2.702760850724429531e+01,4.268588192810175030e+01,8.656664325393041981e-01,1.232637134725594308e+01,1.490897746808494873e+01,2.765156901077700269e+01,4.817889467322477515e+01,-1.892622631535703981e+00,8.397644903522641258e+00,2.254272776205384332e+01,3.365511986763757335e+01,3.375037546467640226e+01,-1.512170314391998671e+00,1.274720684267733972e+01,1.975615195233818966e+01,3.335488199043950885e+01,3.591478082153331286e+01,5.780284589065947110e+00,1.054518355016736386e+01,2.067997203419841767e+01,2.917662218482031022e+01,4.368210559109940050e+01,3.230932953061073754e+00,1.273410685083166705e+01,2.389724126727913855e+01,2.905623047511648238e+01,4.176478404128598498e+01,-3.827351531661423945e+00,1.086693510290985287e+01,2.259663743221834054e+01,2.435501582116419783e+01,3.960198986857740522e+01,-4.095391762626986676e+00,1.386184060627707559e+01,1.432368559178143386e+01,2.759052074046418213e+01,3.933311551773633141e+01,-9.730822891216619475e-01,1.563922325920140821e+01,2.481789384673950494e+01,2.934098741265995614e+01,4.016716179496071248e+01,-3.120548998143106711e+00,5.742360177094931295e+00,2.594167191650088711e+01,2.676312853046366413e+01,4.195141306591580133e+01,3.563450766047663532e+00,7.939015996037035450e+00,1.371799484140814940e+01,2.543525908235563548e+01,4.046030527740831673e+01,1.250490909009074336e+00,1.070082743773395428e+01,2.369799949755863011e+01,2.920725928524676362e+01,4.727534572010782910e+01,-4.908514418917564903e+00,5.562715789435499936e+00,1.747459463543447811e+01,3.162865014441515399e+01,4.125006649387572821e+01,-3.694232185697785997e+00,1.104479220456446242e+01,2.406018418380964974e+01,2.689606406976087882e+01,4.110101128260397729e+01,1.438902389491130140e-01,9.861735783022313129e+00,2.171822009848695956e+01,3.044171777677435031e+01,3.804120614214508578e+01
-3.177976157853954930e+00,1.280584943056476099e+01,1.958938436155303719e+01,2.571304504000403313e+01,3.650398193248050660e+01,3.396669684236188758e+00,2.037373549322979649e+00,2.066869787326693597e+01,2.754623030321564769e+01,4.044178620231524235e+01,-7.631073351348719447e-01,1.075322022868283689e+01,2.256439324116399092e+01,3.070758538955364969e+01,3.949158389875899644e+01,1.038068959963071913e+00,6.784007594440246258e+00,2.314396717290378191e+01,2.787441052791868401e+01,4.409917525325880661e+01,5.207644508985454834e+00,1.415444427159017060e+01,1.929998281480109767e+01,3.698740336449893107e+01,3.877153450102060361e+01,5.445622337432540760e-01,1.458445345272299676e+01,1.941674085357722745e+01,3.227424826324448759e+01,4.220952511559797671e+01,-1.110906577211879576e+00,7.787159456679462188e+00,2.004105517490885902e+01,3.561682720468310492e+01,3.992497828719838537e+01,3.521434757859691178e+00,8.539950576111555947e+00,1.099156679976102069e+01,2.994015643126990867e+01,4.086070612383925038e+01,1.572362979234905200e+00,5.832471225912616575e+00,2.336481013388705819e+01,3.240609913680122389e+01,3.893281407824421336e+01,-6.250785840966834872e-01,9.905288813948512683e+00,1.812230011879919900e+01,2.961768083753348790e+01,3.900871534173185751e+01,-4.308155329058416250e-02,9.366652804966745904e+00,1.979476919679794733e+01,2.865876512865908765e+01,4.512896772832434067e+01,-1.591672836015657122e+00,1.184519714089484665e+01,1.707530589117765984e+01,3.174406495494943670e+01,3.467081050990620383e+01,-9.696930312089429016e-01,1.272535635427912659e+01,2.081585857901090009e+01,3.076204818359554949e+01,3.777292506725338939e+01,3.047382768375642037e+00,1.165438165868808973e+01,2.210714105520662898e+01,3.314242529876657528e+01,3.879821809437510893e+01,4.027231028820978942e+00,1.599311318726959108e+01,1.882197570180327872e+01,2.995184440545222415e+01,3.952704058142116139e+01,2.258257457744338836e+00,1.021545712303734277e+01,2.176043643110686787e+01,3.111111572333537367e+01,4.275791267451332089e+01,-7.438228974953399408e+00,1.440430538635661506e+01,1.471429986118136668e+01,3.458128092846026647e+01,3.935392870868637516e+01,5.099757159250585259e-01,1.380244884720909582e+01,2.387808005444703241e+01,3.213041424877015828e+01,4.293981302038589831e+01,3.157004456240303014e+00,1.216672648269907242e+01,1.483480006035917498e+01,3.675801947816310644e+01,4.222771823297208016e+01,-6.028359768816193842e-01,1.284572352820845964e+01,2.226536405680477415e+01,2.202148773071025190e+01,3.978099659063228444e+01
-1.226726750865082982e+00,1.270915340258963155e+01,2.069704193801950609e+01,3.290757552380608075e+01,3.144551852108520862e+01,4.362632567944671358e+00,7.786845237716843116e+00,1.934864484306865506e+01,3.634856974616050707e+01,3.859109286714725329e+01,-7.253073227781254850e-01,1.413138664659370392e+01,1.477777922464536431e+01,3.463009166217183576e+01,4.193808595162674635e+01,-1.733153617714428663e+00,1.384078095479197223e+01,2.274155895304670238e+01,3.203078898101432515e+01,4.442448197215804839e+01,-5.483736117972521029e+00,8.305252130596459281e+00,1.995420339555395728e+01,2.957961800743114722e+01,3.185275658199775961e+01,5.689730627599127288e+00,3.209661265109094774e+00,1.819011887456002796e+01,2.749837623770240569e+01,3.892104808625158086e+01,-6.920265708904580038e+00,9.855611769545735257e+00,2.250656536309738698e+01,3.280573512427208271e+01,4.030422021570560531e+01,-5.518931489572719506e+00,1.516418342359343718e+01,2.130494561538202802e+01,3.027237121348391469e+01,4.213562165281770433e+01,-4.175877039668249302e-01,6.925654117799426857e+00,1.908436443384399439e+01,2.992894647394748375e+01,3.887175614483913222e+01,2.840406700277417595e+00,1.833463121928539863e+01,1.909321569386121809e+01,3.003007897666583048e+01,3.907383836281194789e+01,-1.139842657077287047e+00,7.294478239865333613e+00,1.797806262874189542e+01,3.149017478318190300e+01,4.096660216464483995e+01,3.838517363297726526e-01,1.455090394064003689e+01,2.297949345663543141e+01,2.547948009208208120e+01,4.101103611700174412e+01,4.117718902850866058e+00,5.540851303362697600e+00,2.416202405184045432e+01,3.009261601854158030e+01,4.058789781123550000e+01,5.302333983774349946e-01,1.616890177194062872e+01,1.983927414017057345e+01,2.545397762690883425e+01,3.176238875850063792e+01,-3.059378392094986410e+00,1.520888139461818511e+01,1.231014875883845150e+01,2.906860536610713908e+01,4.253075991380573129e+01,4.037210070403319584e+00,1.088561823893100033e+01,1.665771536819870846e+01,3.405645748997567779e+01,3.837467634311201437e+01,-5.176676639381879497e+00,1.541983223018359261e+01,2.405662918334804701e+01,2.914726960608927797e+01,3.979717275810711641e+01,-7.742953514896064426e+00,8.309870231822520381e+00,2.026736371333134912e+01,3.576725767204993645e+01,3.939729924327027533e+01,1.972374747055710476e+00,7.940374693721356181e+00,2.429219752302774893e+01,3.461256194699752342e+01,4.030277451762732710e+01,-9.005081735243536389e-01,1.141198978518442253e+01,1.812082771060152098e+01,3.141970246215428020e+01,4.116661995297601351e+01
-7.246155196345863692e-01,6.726164668286439330e+00,1.357913824280045034e+01,2.959638516878224479e+01,4.477440860697201686e+01,-1.313361432872862444e+00,8.067944357486627638e+00,2.212069757735625330e+01,3.037243540794499808e+01,3.910921854907472550e+01,-3.881236848361369951e+00,7.000432222725254228e+00,2.540976918219828562e+01,2.847396951823652600e+01,4.170959362743971610e+01,4.391812720399121517e+00,1.042568531553079580e+01,2.026462697241590405e+01,2.689820296888722950e+01,3.947217301695038572e+01,3.728401578959965046e-01,9.134241676520330699e+00,2.284256998341023248e+01,3.120409287699866496e+01,4.222309760151689773e+01,-7.974897467534991513e+00,7.038476976165027210e+00,1.613229139146042357e+01,2.562725087344159647e+01,4.634941303874372664e+01,-2.691606696236367835e+00,8.776209766952925762e+00,1.814796700184225742e+01,2.932991242733391246e+01,3.784597916498282899e+01,-3.571405682912038859e-01,1.037091797499755153e+01,1.768080551509907039e+01,2.913424340098866239e+01,4.184766195259014410e+01,2.469523598797154662e+00,8.662310917498405871e+00,2.587235574218966860e+01,2.910032862430950118e+01,4.751256611486495984e+01,2.997254583238065262e+00,1.315241044360449685e+01,2.199406823935970579e+01,2.658761225773793768e+01,4.450088312124597678e+01,4.606647011154892724e+00,1.207790437495087055e+01,2.002968734309273913e+01,3.350193978467109446e+01,4.111197671871686055e+01,-9.949355765907261784e-01,1.393007096676364043e+01,1.790177849516783937e+01,3.620019897991114277e+01,4.031792032654595204e+01,-2.539325684615504564e+00,1.160871297265319413e+01,2.300300067070299548e+01,2.761112604403959025e+01,3.192358989850229634e+01,-2.741724691471949527e+00,1.034603255827802037e+01,2.602348612513307557e+01,3.034440734256493144e+01,4.008332923733857456e+01,-2.854014314577968392e+00,7.509867344782931831e+00,2.463078912895590733e+01,2.831599908654697373e+01,3.522035508876875554e+01,-3.396703494972951098e+00,9.504936120649587039e+00,1.930839012802876908e+01,2.841879813442105984e+01,4.129912221935132521e+01,-8.194666123358233634e+00,1.469772055566391700e+01,2.015928934510176163e+01,3.038950147913202571e+01,4.397393841092180367e+01,5.555669810391247410e+00,1.501572171008346324e+01,2.564032136432554054e+01,2.801487832368128039e+01,4.238896561057314472e+01,-1.234448975706689877e+00,7.223587517024066429e+00,1.950853085966028289e+01,3.017114550895929170e+01,3.509291747749061585e+01,1.559857769770723879e+00,1.235310805187830319e+01,1.855933485655963366e+01,2.713880276102010569e+01,4.249862788404842462e+01
-9.110855584674433238e-01,8.433108081339275586e+00,2.123954079591608490e+01,2.672612302853227106e+01,3.709308578860949268e+01,1.175556162480212219e+00,7.460212210973846680e+00,1.863447281931462030e+01,2.276698123611445013e+01,3.393018164781688029e+01,1.629907554520888535e+00,1.407414867792102520e+01,1.608261695500113930e+01,3.301964138049909536e+01,4.401680389235904300e+01,-2.351316382136622973e+00,1.153264185955053200e+01,1.873318330634585394e+01,3.716910061056345427e+01,3.815453838218446947e+01,2.636934434687170370e-01,7.817761029246400817e+00,2.159619746010580954e+01,3.192782384727593836e+01,3.681126385960731540e+01,1.074447856334058704e+00,6.636410272360321549e+00,2.125846572784186961e+01,3.142583269620477182e+01,3.854095620520910614e+01,6.450886325983429259e+00,1.327771043763583414e+01,2.963549801088640834e+01,3.546530439741596297e+01,3.908900481871253874e+01,4.228150503275511340e+00,7.548148046507464848e+00,1.784101327916349788e+01,2.586587510696227099e+01,3.764004319984149305e+01,3.203939983237987121e+00,6.268358644051725825e+00,2.434223005514165550e+01,2.858360612125316180e+01,3.998848986361073088e+01,7.545882730997030663e+00,1.536688929221506505e+01,2.190031428634053512e+01,2.899979638648289182e+01,4.120342727180159415e+01,3.550538906273658313e+00,1.168718872894132765e+01,2.396080111474651986e+01,3.207751282872650478e+01,4.337373724706478839e+01,5.756320610864580800e+00,8.508451307440195066e+00,1.989395991726281920e+01,2.354955298648354045e+01,3.481463937015389831e+01,1.341804982617726738e+00,6.387507509131014061e+00,2.442168323751998926e+01,3.055004687186860579e+01,4.279214766722446228e+01,3.497982282749034777e-02,1.213560526385737859e+01,2.193051091084291571e+01,3.300974406409408601e+01,3.839893193491521117e+01,-7.483231915139853641e+00,1.273751226941897130e+01,1.702450309673939088e+01,3.022568170072269567e+01,3.574911458040837431e+01,-4.115827871251309666e-01,7.940609876629484809e+00,2.273606518306662849e+01,3.726525727148832345e+01,4.166794551916791534e+01,-2.621906926612667110e+00,1.814438288925285292e+01,2.297074505310404291e+01,2.616901285236290065e+01,3.737992153032666209e+01,-1.815318012874688636e+00,1.220495566162771617e+01,1.804920818468920274e+01,3.144448423498265299e+01,4.762600620825480036e+01,8.039512607378473064e+00,7.331893922448776912e+00,1.788499640998018592e+01,3.434215657363535712e+01,4.233326113915944688e+01,7.090773592293327932e-01,8.008422142029070656e+00,2.767604543927062721e+01,3.686080141521556897e+01,4.584287521706797008e+01
1.063495338497891352e+00,8.192820263620777865e+00,2.151494303351551096e+01,3.056321396225945364e+01,4.225490643047343298e+01,-3.265052051259288657e+00,1.080749522301923271e+01,2.035153746624062876e+01,2.660753836080527535e+01,4.058311190804963786e+01,-1.180039096906880580e+00,8.078798409798828573e+00,2.544638988718801187e+01,2.495295499171980325e+01,3.869278914867376784e+01,-2.333874639060588230e+00,8.830814255170714944e+00,2.003199109489722929e+01,2.788381273583558695e+01,3.962715638596701240e+01,-1.143483033546627059e+00,8.450109589866519499e+00,2.097424289056566238e+01,3.183063921511798711e+01,4.401608263443132074e+01,-3.333971828123441838e+00,1.263957757600695686e+01,2.052265457362770817e+01,2.736966729410702470e+01,3.772841668318531561e+01,-1.279636752162916835e+00,1.058780564631871712e+01,1.517124014837215995e+01,2.719656998524922287e+01,4.241822912905848852e+01,3.221149597721967961e+00,8.109511077667459489e+00,1.890958890959723249e+01,3.274212286752737811e+01,3.941093987205337612e+01,1.587312238074307658e+00,1.313457368367067701e+01,2.291238364920867099e+01,2.881102059199963961e+01,4.445411901923281306e+01,-4.401138346564214210e+00,5.742578672298564335e+00,1.886914337629301031e+01,3.214557967207827005e+01,4.107673297178324390e+01,-3.726869314097018826e-01,1.043167380844258041e+01,1.692760564884967067e+01,2.899394821192771943e+01,4.211935530446221065e+01,1.687412343754202126e-01,7.618835914537837262e+00,1.938832229159685738e+01,3.102753582466738180e+01,4.156768333221359057e+01,5.950084988735211688e-02,8.910653026210482608e+00,1.863908496536912907e+01,2.766897282066080876e+01,4.051114651523377574e+01,2.637955328164655278e+00,9.754845471443161387e+00,2.036287296949534209e+01,3.074784196309686735e+01,4.198056743760341902e+01,2.507306767917660828e+00,1.258367618053546799e+01,2.343987456473990250e+01,2.810407067272651460e+01,3.676138662608339303e+01,-2.227412597138086703e+00,8.463839200548033403e+00,2.023902742068243299e+01,2.722920601557089881e+01,4.273289954327485418e+01,-2.964745991053846730e+00,7.319913675197033953e+00,1.995153510123719798e+01,3.155299048324832256e+01,4.004209293349217091e+01,5.614138880790882524e+00,1.255856812416785573e+01,2.401250962185058668e+01,2.558859920705806701e+01,3.732088012960043244e+01,-2.435913515457005740e+00,9.202557338465465975e+00,1.662887235711988154e+01,2.793392791557098676e+01,3.820285115816891164e+01,-3.727995044004254188e-01,8.585960594674688195e+00,2.047400789894961548e+01,2.999157334943044972e+01,3.576937375040076716e+01
6.615820541578409930e+00,9.481155323527456602e+00,1.716237374721453435e+01,2.501016428394715874e+01,3.512653419551927669e+01,4.409785763078208909e+00,1.085926594114375376e+01,2.529917215133780317e+01,3.684263931436040451e+01,4.205473799286332337e+01,-6.031164840214742195e-02,1.248065928932876822e+01,2.097939664566901286e+01,2.969407348468857677e+01,3.710883558989114306e+01,-3.700958060577186792e+00,1.223336444527461175e+01,2.492436058457092329e+01,2.512155858901596872e+01,3.837017481573786881e+01,-1.013929170716997952e+00,1.004769776348186738e+01,1.590727131494524116e+01,2.690953947402386959e+01,4.074055735366675890e+01,6.016551619642209303e+00,1.578973297044128721e+01,1.993450822762766350e+01,2.294715114951689472e+01,4.233652647743738129e+01,1.755415040164158835e-01,8.812940397953306970e+00,1.632936650713707039e+01,2.636343900203095458e+01,4.016001595246496692e+01,-3.981400029135877539e+00,1.493305468553820781e+01,1.401342424579519985e+01,2.672607105297296215e+01,4.027246270362084601e+01,-1.855554228871181266e+00,6.965773917006756299e+00,1.425383417976062184e+01,3.044977574162972545e+01,3.677520570458500515e+01,-1.878385765080722081e+00,1.075660689786291968e+01,1.669128819311874778e+01,3.183081183541618486e+01,3.996375271630069648e+01,-1.108543123708099820e+00,1.188087227999661444e+01,1.802683043101654192e+01,3.084118373970447990e+01,3.762955209565320303e+01,-5.843066659384681394e+00,9.892041710220935258e+00,1.743805707099291524e+01,3.304285495118893579e+01,4.776271392589774223e+01,4.016732095532427493e+00,9.173569172131630367e+00,1.968612239669831609e+01,3.235671789656498731e+01,3.831460410728094956e+01,2.963790674348565801e+00,1.276571349523481125e+01,2.002219402278461757e+01,2.617511986193120066e+01,4.315280598417511726e+01,2.177692335944884761e+00,-1.777285350125756835e-02,2.354355369623428018e+01,3.210401581386874881e+01,4.019781625341563824e+01,-1.532904732817660598e+00,1.173700547408559736e+01,1.753494600339939780e+01,2.383687319268241112e+01,3.414625227144595954e+01,3.213748940018225309e+00,1.272429387351241381e+01,1.822144103145523175e+01,2.733839527744110143e+01,4.097999258014760926e+01,4.737954138603033827e-01,1.273663620480768444e+01,2.329300920397822594e+01,3.210538993944290098e+01,3.787463992200743235e+01,-2.863003115830998091e+00,1.361077157215596145e+01,2.549787741211310887e+01,2.706719398842299640e+01,3.999547815056394739e+01,3.120279046003510359e+00,1.104962804721882463e+01,1.326074147516026436e+01,2.708959334507438399e+01,3.985622843363736933e+01
1.500833319685273837e-01,1.435181692337412684e+01,2.063977688850189196e+01,2.944454734531817763e+01,4.136790432221661717e+01,9.303194763512390164e-01,9.471083311011884831e+00,2.110782957150989247e+01,2.849759651615752176e+01,3.846963875174435543e+01,-6.743053736689526012e-01,8.200171192796904762e+00,2.419827928463062960e+01,2.859155440706954110e+01,3.699717586344863207e+01,-4.115674621197181193e-01,1.188186802901888584e+01,1.777836647033526063e+01,2.428910409185855812e+01,4.116333953646787336e+01,8.875708630674177257e+00,1.445882914877409497e+01,1.847303696303385934e+01,3.183344878288349022e+01,4.163302985595043282e+01,3.131263505602461361e+00,1.051546775316673177e+01,1.740839811251807490e+01,3.086343506238937096e+01,4.171314733139612940e+01,8.053067497192964996e-01,7.672901114803849509e+00,1.352180902895503856e+01,3.450900769465083329e+01,3.937792110144057744e+01,3.958514569283789974e+00,7.386966549770695778e+00,1.725949621839101766e+01,2.715890645489080413e+01,3.808442219765630199e+01,-6.660852290052584834e+00,6.560858574397414600e+00,2.243141453716749467e+01,3.538959852957282237e+01,4.174078129875930188e+01,-6.684731377453427825e-01,9.766029394967087995e+00,1.362334806830154577e+01,3.355736444200159241e+01,3.923431460528335180e+01,-2.724082915022075113e+00,6.715466316885570386e+00,2.156829668797274735e+01,2.862290256363329988e+01,4.143726948251148912e+01,-2.616072559982002943e+00,8.682018770275362840e+00,2.314221833425424535e+01,3.122828029721914334e+01,3.940364915212104080e+01,9.555675889586512373e-01,6.854627530172836103e+00,1.935017027786226862e+01,3.171260196600261949e+01,3.990534328100763872e+01,2.399802858974598330e+00,1.063445517975013743e+01,1.949974979636343164e+01,2.322958370928086325e+01,3.981827599701875187e+01,2.539094718912120019e+00,1.215075989869550277e+01,2.081208221645875511e+01,3.395081015871315344e+01,4.203458241089438019e+01,2.171607472918128945e+00,1.046755581669980906e+01,2.370989261076466903e+01,3.296397662855468980e+01,4.142653249969279727e+01,-6.801143020690924246e+00,9.500956635586760513e+00,2.210791761764606633e+01,3.238542191353714372e+01,3.800544631863881051e+01,4.151260107051573556e+00,1.005421299658713785e+01,2.305138847418068337e+01,3.077401887981461570e+01,4.095114984701962868e+01,1.872667448923000855e+00,1.287387741144850573e+01,2.270282188801785139e+01,3.589012115777681089e+01,3.785586776343127724e+01,-5.322541755092496274e+00,1.552067166082877492e+01,2.018455025729435093e+01,2.479160850760742463e+01,3.782431484312953529e+01
-1.257640529301220500e-01,9.029534664794301335e+00,2.093144226634532856e+01,2.996138073876776176e+01,4.098104330170400544e+01,2.861613919194506472e+00,8.253191067425625249e+00,2.251047653962555373e+01,3.197120925702223815e+01,4.040912777213180362e+01,2.740332619381877777e-01,8.971504233610520629e+00,2.095811298457982019e+01,2.969632964100616590e+01,4.377465880761076988e+01,1.956848202613120868e+00,1.053301063860193665e+01,2.014968521139002888e+01,2.491029812304757840e+01,3.598545905019356184e+01,-2.275937101105385274e-01,8.930974916425491017e+00,2.053272200707904815e+01,3.410443804032942694e+01,4.089867366141769622e+01,-1.328722784691387382e+00,1.433871855879407597e+01,1.768572349276791300e+01,2.623845076399244292e+01,4.615988248733106758e+01,3.890824439631806797e+00,7.030339617449573808e+00,1.964298171797932824e+01,2.815417368744601490e+01,4.145813048697124259e+01,9.101937916826778885e-01,1.139429861229680085e+01,1.283448829360088794e+01,2.663126266185113522e+01,4.199396862473523839e+01,1.880746878132607991e+00,5.187903866432638011e+00,2.159117516407109605e+01,3.245403548980503672e+01,3.576758004714914563e+01,1.610825864145265518e-01,1.102683507038483235e+01,1.550189651539624336e+01,3.077906261057166049e+01,3.953090858792761253e+01,-2.612203570487035442e+00,1.242262603938671006e+01,2.260847614814048967e+01,2.883628641001448401e+01,3.781497198413040195e+01,-1.718118082702066118e+00,1.067683787337547230e+01,1.882640956743206928e+01,3.475795951226150038e+01,4.365640235954045068e+01,1.875817907483945834e+00,1.227956795624508324e+01,1.662659194441289756e+01,3.010129876593450504e+01,3.992186724746705551e+01,-7.762854771421374700e-01,1.121944386381109382e+01,2.026472666069879480e+01,3.202338580641423960e+01,4.152277459147082084e+01,3.272684441935622246e+00,3.799765019150121326e+00,2.593050267364114703e+01,3.299557468448418973e+01,4.027310931514158909e+01,2.409892692585866136e+00,9.688757605777308157e+00,1.476820054868682242e+01,2.789489877960727782e+01,4.093580936682630522e+01,5.299969517972939137e+00,8.154914254971778576e+00,1.735611730942110142e+01,2.542079681423131987e+01,4.247978366398762518e+01,1.275881088836049448e+00,1.117740606344442078e+01,1.812523747286567755e+01,3.584776119920743298e+01,4.277128747008007537e+01,-1.319899287173426750e+00,1.167482892464390964e+01,2.052836275440613889e+01,2.600730757307318797e+01,3.951143268814591636e+01,2.830095440911039262e+00,1.258162309516080946e+01,1.826639204385989146e+01,2.897773909775732903e+01,4.248561150738008507e+01
-2.665694909771672449e+00,1.261258329359902142e+01,2.629014682529950164e+01,2.675494201125601990e+01,4.428822039935268862e+01,4.904675478149339796e+00,1.018223408179184908e+01,1.662980196428442525e+01,3.892085778089075632e+01,4.104018413967352075e+01,2.160886353036632013e+00,1.169991825872703295e+01,1.785353094730416856e+01,3.493389332649890378e+01,4.312524221707724337e+01,3.549618516462822893e+00,9.344990600375290057e+00,1.991900350609127912e+01,3.174594119414082627e+01,3.267409430300826756e+01,-8.412741051773384715e-01,8.961521789137133709e+00,1.869751064556805176e+01,2.565587843653058187e+01,3.687424672020767957e+01,4.252871269467003223e+00,1.055190775094208888e+01,1.646501787493163249e+01,3.279173371859273800e+01,3.942876355292739277e+01,1.601341272907364388e+00,1.660184307213873822e+01,2.029509332288893475e+01,3.516274346213717905e+01,3.821387604759768664e+01,-4.223343613098885285e+00,1.437749170433211887e+01,1.550714533990334232e+01,3.705219893076431248e+01,4.264624929924957542e+01,1.675687148476441291e-01,1.192739765586076039e+01,2.040166287936973788e+01,2.895964705370412062e+01,4.137137867748081987e+01,3.368148715459857723e+00,9.874311828826842330e+00,1.809125346878128937e+01,3.422583449690912261e+01,3.700913915858131276e+01,-3.825441169156451604e+00,8.310863395050962055e+00,2.398565371726018469e+01,2.853379838310510053e+01,3.877917998671459543e+01,-3.450216932862690822e+00,7.140731087910172192e+00,2.061333731047798423e+01,3.354716215964528914e+01,4.517002643899010650e+01,-4.940333702707583541e+00,7.973498188464310132e+00,1.968679586031912976e+01,3.399629874738715074e+01,3.901765867866710380e+01,7.645769221685005945e-02,8.544311791874422468e+00,2.130259104877630350e+01,2.391545377834044572e+01,3.777457105563487971e+01,-1.930731196930607574e+00,9.756686507591773250e+00,2.460567310718970901e+01,3.172912770356555612e+01,4.637077070113166144e+01,4.306014142548184154e+00,1.477702006152879122e+01,1.840395714257685356e+01,2.996857228172934740e+01,4.204891794539207694e+01,3.291144158184410529e+00,5.832008381447196577e+00,1.697648156437738365e+01,3.031325101591951210e+01,4.519307137204494040e+01,-6.904718769202814244e+00,6.534387727055944950e+00,1.956596930166293546e+01,2.996702621540021028e+01,3.867175886402743146e+01,-3.016473311588051764e+00,7.859508963738439213e+00,2.397439775385591432e+01,3.374656108250086106e+01,4.127976834707033049e+01,8.287097140620132141e-01,1.251268433630023047e+01,1.564843856423694390e+01,3.209164118451452907e+01,4.368989153722324659e+01
-2.955281012667728469e+00,6.104120929623134018e+00,2.310703774804580846e+01,3.154908958041095701e+01,4.252318034775106526e+01,6.984580655103205249e-01,1.105849519813982162e+01,2.364198780640096942e+01,3.648203604812236733e+01,4.382704217180341288e+01,-4.052049651487992676e+00,7.753215760367316634e+00,2.049782754498535198e+01,3.005790866517819282e+01,4.046478797444979847e+01,1.962795619248964840e+00,9.585047794575396907e+00,1.301899460728091462e+01,3.373018684421175806e+01,3.529313532725682023e+01,4.885696830950680969e-02,6.880595518767701257e+00,2.348997763520459259e+01,3.227729665728477215e+01,3.786869075450551492e+01,-8.840623690662338774e+00,6.891471660665182242e+00,2.016478312891087654e+01,2.986927221649806796e+01,3.564876712548097260e+01,-2.502727974531244293e+00,1.313144147993258137e+01,1.695204127514866954e+01,2.938929266439875576e+01,3.675413815533028838e+01,-1.731845017715071933e+00,1.219187926019757739e+01,2.123808014662496646e+01,3.260166594039196752e+01,4.188162879874477085e+01,7.958630441547136503e-01,9.274056779338597067e+00,2.226696366120230408e+01,3.195124314772698426e+01,4.241544497173563144e+01,4.378240166534668631e+00,9.200799751064211662e+00,1.682293695804656863e+01,3.044637467386832341e+01,4.526194265428626551e+01,5.140565732603252780e-01,8.204599094166010076e+00,2.364577181046250232e+01,2.866124774044432399e+01,3.982910932148511307e+01,4.913999366053863893e-01,1.080777276141210486e+01,1.659231455061199867e+01,2.931811135706977112e+01,3.500566563701929823e+01,-3.786486928213325776e+00,1.769794297849720621e+01,2.105297470151406358e+01,3.177740281935085420e+01,3.312989519008173289e+01,-1.855944744435569671e+00,7.709616670019068252e+00,1.778400907440259715e+01,3.000095986252051716e+01,3.745314076212572019e+01,-8.625497455044819350e-01,7.254041822143570073e+00,2.038936662965142332e+01,2.770304502370524347e+01,4.540238291842510421e+01,5.211702798516190782e+00,1.304048298934617556e+01,2.051805227218817862e+01,2.912642353122038941e+01,3.856003708814189679e+01,-5.621122714378163909e-01,7.400075099974881887e+00,1.858795829218454543e+01,2.988170885930873411e+01,4.417233746599229960e+01,4.963028432375962140e-01,8.662683788253058736e+00,1.871598834269709499e+01,2.887866763365901690e+01,3.776562922168387360e+01,-1.918969385260601790e+00,1.068170819271955096e+01,1.756010956944601631e+01,3.156832684348428586e+01,4.476782502646713624e+01,-8.305693884715281694e-01,1.116692347239238536e+01,2.157706645627758135e+01,2.736454430801381932e+01,4.057466749003252460e+01
5.230088655994427072e+00,9.395933733116258679e+00,1.824121087976023858e+01,3.259706838160216336e+01,4.056323320720589010e+01,-2.113003264665242131e+00,9.753057461381509086e+00,1.901635006409802742e+01,2.351488617394325331e+01,3.868539324946060276e+01,2.839478017086166428e+00,9.459048103691564791e+00,2.001045179941320384e+01,2.579152900264744730e+01,4.782373364670601745e+01,4.173149336515177055e+00,1.777101230140745258e+01,2.223614935036171403e+01,2.724121794476037195e+01,4.028052195494040433e+01,-1.565047505594972632e+00,9.511586839244133174e+00,1.705156368443177684e+01,3.050184768359520859e+01,4.195721163549080046e+01,-3.498383650644668608e-01,1.102171944983731677e+01,2.224941246578126197e+01,2.806884734883997012e+01,4.712058205193994809e+01,-9.558118915442082031e-01,4.710205707285126664e+00,2.671807027306463667e+01,2.594579419076473670e+01,3.446982781143141494e+01,-1.994860356914404997e+00,1.265606069985522630e+01,2.438131471879817980e+01,2.870679775276419576e+01,4.637708924259824528e+01,5.708489395231365116e+00,1.389247625961422017e+01,1.804184179551189260e+01,2.810491975485148330e+01,3.636811102764069403e+01,-3.776899967177689277e+00,9.532813122595605648e+00,2.591303347927847156e+01,2.725181838047096505e+01,4.297461340880570191e+01,1.962449708892048283e+00,1.592123571584030728e+01,1.596278663022625821e+01,3.534564023589213377e+01,3.659415082410505704e+01,1.779594544431246650e-01,1.582065239884633812e+01,1.583358045497422317e+01,3.308238591820992269e+01,3.984318403592952507e+01,5.122979827659209562e+00,8.105625140124182337e+00,2.275241429964251338e+01,2.941607288939113474e+01,4.357945757120423025e+01,-8.249249759668735305e-01,1.092016642678668958e+01,1.939659982753320833e+01,3.325406872327507557e+01,4.068645381858136290e+01,-2.931899120148867333e+00,8.863368201312182393e+00,2.123418391632649715e+01,2.971359469035802192e+01,3.807950203627152064e+01,-5.277793605964742341e-01,6.718865383922310919e+00,2.071499292492324784e+01,2.559632790225419896e+01,4.436276793469529167e+01,-2.086479476446223114e+00,9.293857628923488434e+00,1.529994933465934714e+01,3.384489581295898120e+01,3.868975209110269020e+01,5.553782548916575301e+00,1.077708792657700343e+01,1.848735428814976345e+01,2.934331205596074454e+01,3.820860728638039916e+01,3.294147164494029667e+00,1.185066695168329431e+01,1.738350400496368309e+01,2.526089978275316739e+01,3.451866268311879082e+01,3.071276058552558474e+00,8.810958519592412941e+00,2.084580254163421031e+01,3.226886635797053060e+01,4.609424002127450848e+01
2.082717980751970899e+00,1.004842962898379177e+01,1.824530189324704565e+01,2.724724408575533019e+01,4.269076385681442076e+01,-6.798405853610893779e-01,6.061858713702517498e+00,1.531986437271715040e+01,3.374049648730544959e+01,3.985877129162347643e+01,-1.562330868105592296e+00,1.814390340005648383e+01,1.994918823863127244e+01,3.067406869000935998e+01,4.276834764602134697e+01,-6.061812992242829878e+00,1.574575235416186025e+01,2.620571372793208198e+01,3.535654111247838927e+01,4.067926282963061624e+01,1.019604435661911390e+00,1.022808321687209876e+01,2.130219579165828137e+01,2.777995473072603616e+01,3.464115466221280570e+01,4.304839469815401998e+00,4.261657485515581101e+00,1.709688337413011183e+01,3.193654161334035990e+01,3.872162304378922926e+01,-5.341724087396757525e+00,1.504960742082702119e+01,1.846189987556034851e+01,3.063232240069258694e+01,4.296366890258844506e+01,-8.340058543036974470e+00,1.031746095081905956e+01,2.116389434810704984e+01,3.287911721609873439e+01,4.285273755694792897e+01,1.561614859265139099e+00,1.511697857171642490e+01,2.632698215604294845e+01,2.592999307007362475e+01,4.266108357387624039e+01,-4.706457022561221670e+00,9.627232671056951574e+00,2.477885033523748604e+01,3.061932521795442597e+01,3.774367464909113323e+01,5.374547881410471462e+00,5.007893276546320216e+00,1.441039236349876340e+01,2.796510771086439107e+01,4.116274884318838900e+01,-5.008244083284187020e+00,8.888871059659832596e+00,2.389169031697234047e+01,2.983031519286634037e+01,3.698936644766199322e+01,-2.559470820525624912e+00,8.278680762660972192e+00,2.046878139842637268e+01,3.329869007916251178e+01,3.770273696717931244e+01,-1.846898325595068613e+00,1.008568761510039558e+01,2.466357790422593155e+01,2.635019809865090323e+01,3.828063384384022072e+01,-1.206176663044374597e-01,9.282788286780609965e+00,2.230418874877036473e+01,3.011684461631709553e+01,3.202716838962594181e+01,1.511781355626162560e+00,1.015334334870802202e+01,2.564612822365425870e+01,2.977457357908026481e+01,4.105694235976239526e+01,1.336219003451490916e+00,1.172444531901017228e+01,1.991842594813868672e+01,2.822294752151901420e+01,3.883095721027134317e+01,-1.308711416442536468e-01,9.928887146419317133e+00,2.479064711562824996e+01,2.463278491470475018e+01,3.379930946410703996e+01,-4.191855384441140586e+00,1.044585557216538341e+01,2.046135013404031611e+01,3.014120421219744728e+01,4.038168863028990785e+01,2.203791847825095740e+00,7.810275119951024969e+00,1.543117621237409409e+01,3.820875291113702588e+01,3.811842676044249600e+01
-3.343110531276162423e+00,1.493885839829581208e+01,2.183476443911846943e+01,3.060288111818352164e+01,3.854880480572175827e+01,2.164506066200316603e+00,3.469746019214067445e+00,2.075274530412313112e+01,2.849843670410911400e+01,3.950172346853714345e+01,1.413340369304382782e-01,7.174843364501285237e+00,2.192046977963832788e+01,3.112170831396142745e+01,3.747571072280437221e+01,2.248363052877626611e+00,5.222970499580381620e+00,1.775819710325295731e+01,2.716980469291421230e+01,4.130340095917539855e+01,5.881639058848850077e+00,9.175954410041352816e+00,1.981216136772338032e+01,3.348909289647232157e+01,3.897683596695583930e+01,-5.767122355580744930e-02,1.107927630312001632e+01,1.853133291422704332e+01,3.583358512663573237e+01,4.176872077008129480e+01,-4.561596966462519553e+00,7.027194877838621956e+00,1.791116108157974551e+01,3.589749077941688427e+01,3.797360287322874939e+01,4.073996577234832550e+00,1.131036973575390014e+01,1.489873836781776006e+01,2.992442414661963568e+01,4.385255477779724487e+01,-3.619215860962612386e-01,9.798555248325046207e+00,2.193300449147057662e+01,3.345645098792306982e+01,3.812334605535034626e+01,2.085679021080548701e+00,1.143941747915109453e+01,1.563907183349957819e+01,3.287801470193787168e+01,3.730801285504897180e+01,-4.308443154424177912e+00,5.781847132788812793e+00,2.410736720444955594e+01,2.601683337331315826e+01,4.084253401154314389e+01,-1.615806837269337048e+00,1.348116212769320477e+01,2.072542155032669697e+01,2.918339428588349804e+01,3.537775935878063649e+01,8.911595701404506631e-01,1.036582842719754716e+01,2.296241057557035958e+01,2.977645512479249845e+01,3.987190403849048437e+01,6.555524581734117895e-01,9.372468099984638812e+00,1.756126022262364117e+01,3.460445765225578185e+01,3.760932219719240521e+01,3.103805944518999382e+00,1.628477266091291042e+01,1.705348417938522587e+01,2.900409538433871859e+01,4.525867281923333252e+01,2.617801999893722531e+00,9.194006698366273156e+00,2.116765000246525119e+01,3.409276236422971351e+01,3.806515706298888091e+01,-3.224336159017632486e+00,7.309147197786069583e+00,2.204137961361784903e+01,3.473292885533219021e+01,3.484058682156772591e+01,-3.182910625128156923e+00,7.608790878741709562e+00,1.702005593084266977e+01,3.466256571285676102e+01,4.125137749849135105e+01,3.172100199220449390e+00,1.013804087402501430e+01,1.616841925826641813e+01,3.386384976064691443e+01,4.283627071243897433e+01,-1.631499055104080220e+00,1.287331658930350820e+01,2.360025108166241381e+01,2.387865484070871247e+01,3.892488386584039972e+01
2.022950667342409137e-01,1.489088572768170771e+01,2.023408106521366179e+01,3.099908182242720045e+01,3.798618604256487430e+01,-6.482009016211232044e-02,1.046789606380786175e+01,1.876904590167783482e+01,3.632442435294126426e+01,3.768900950708565745e+01,1.865211463073640275e+00,8.766064347474179286e+00,1.667710469025423947e+01,3.300818332367421704e+01,3.828048044112193082e+01,5.683336494851449761e-01,1.110866953120386214e+01,2.254239674327888565e+01,3.475924904303357010e+01,4.408786487927520170e+01,-2.991675402930713545e+00,1.005676553133415574e+01,2.261148578895144112e+01,2.843064175228392543e+01,3.719782141552418864e+01,4.987238030414017587e+00,1.107006629290083133e+01,1.486681199318831759e+01,3.561640796517606589e+01,3.862447552287397201e+01,-6.147680106339713291e+00,1.210769243704590359e+01,1.603147500262446457e+01,2.858479961589334550e+01,4.207903207251543876e+01,-1.540981425994189635e+00,1.238347796811505575e+01,2.106571791365590229e+01,3.391876978390931185e+01,4.444864848534236046e+01,-1.418556637318059366e+00,9.455250932846041678e+00,2.078066355781366426e+01,2.698595752549790916e+01,4.049963575800950366e+01,-4.601305192565268154e-01,1.483144213964166092e+01,2.066022570416210868e+01,2.805721218908353620e+01,3.800740312712924407e+01,-1.128615978651670293e-02,4.051950355637241152e+00,1.505719166917194407e+01,2.720434050566504425e+01,4.252940413091047844e+01,-3.198800841858913557e+00,1.261113979549966047e+01,2.491618980922784132e+01,2.768001964633663192e+01,4.146567617819187035e+01,-2.209970453665673240e+00,1.056363238447383068e+01,2.032182980285085350e+01,3.146243388584260714e+01,4.285711308190634838e+01,5.720073881040397268e-01,1.042318739207021672e+01,1.715801865428512940e+01,2.748283032167300988e+01,4.146709745871402220e+01,1.157150179138020096e-01,1.097738063387413554e+01,2.019624826229807013e+01,2.923496859004796633e+01,4.279390764384777412e+01,3.970610660177206874e+00,1.582139770570289450e+01,1.980926457458758350e+01,3.411091463478957309e+01,4.308326696669521283e+01,8.139078349717225880e-01,1.110695292114180255e+01,2.311427500000637281e+01,3.158962476409185882e+01,4.285619018468563013e+01,-3.722937454644674293e+00,8.313386254496728967e+00,1.982739363013526201e+01,3.088663780466815467e+01,3.629775753935080473e+01,-3.279902603715211917e+00,7.483284534997461712e+00,1.892856790039519055e+01,2.714200035621165696e+01,4.258354337929246469e+01,-1.824141010743211222e+00,6.712309261698665708e+00,1.936414427621223666e+01,2.910441331482896388e+01,3.994081118475600078e+01
2.806431250997141635e+00,9.616726346345528142e+00,2.266216820747547445e+01,2.858385962860031171e+01,3.708552660959373526e+01,-8.893311008047252164e-01,8.634668663655048704e+00,1.633903565205870123e+01,2.768528464188179328e+01,3.872314869617025579e+01,-4.774088336391271170e-01,1.201326554133114044e+01,1.888967069212268868e+01,3.253128588032834756e+01,3.720499087655857551e+01,3.418393286674300757e+00,1.004865487630698695e+01,1.894856163064761390e+01,2.629183565764600417e+01,3.744634500639433128e+01,-5.606289997941580339e-01,1.019272357452013189e+01,1.718156434808518185e+01,2.705805580306590130e+01,4.086103688323510852e+01,4.077237638048535118e+00,1.095641111834684800e+01,1.918299080850400884e+01,3.052628624976774674e+01,3.963723139578473820e+01,2.336117610574058201e+00,6.257151096392937539e+00,1.479284513071408647e+01,2.918984997120953295e+01,4.183950320450661309e+01,3.000424241509916712e+00,9.383591185886226427e+00,2.240903222850924337e+01,3.184068510294911647e+01,4.178068950754437338e+01,-3.165430029618266250e+00,1.265071160905342751e+01,1.644505151231820861e+01,2.829545808280083818e+01,3.757021678621658367e+01,-2.446132706636138465e+00,1.106094935229325671e+01,2.097595410169144969e+01,3.356963927368735767e+01,3.729891635921316606e+01,-3.269738094227312430e+00,1.084017443217978816e+01,1.808416707685796965e+01,2.695135701786119142e+01,3.982722380232020498e+01,-1.841304533616531014e+00,1.293898124175214370e+01,2.013927378196554940e+01,3.230836306160493621e+01,4.234390898202114073e+01,1.670906988386252179e+00,8.545646889747072095e+00,1.924982885177804448e+01,3.196950386292957091e+01,4.338172468918995150e+01,-1.760678587974322529e+00,1.261725753093360503e+01,1.940087165861000784e+01,3.075151208731288222e+01,4.069826780637763619e+01,2.228203539230237951e+00,7.098785201420123592e+00,2.031244381535806909e+01,3.073465106056303497e+01,4.581119980186257834e+01,-1.555293912283653546e+00,1.381627586698307297e+01,2.047516787781015069e+01,2.799084790091084685e+01,3.864559181543751976e+01,-9.528747561480516159e-02,1.323683115563449952e+01,2.001355858398385834e+01,3.531071186977099785e+01,4.561124759000150419e+01,-5.909695415354963011e-01,1.300002330641523685e+01,2.181886791766472911e+01,3.081602513438700797e+01,4.007545649945548405e+01,-2.901891673240922120e+00,9.562578609184832601e+00,2.377803998356919379e+01,2.679146419464622753e+01,4.036564613943002655e+01,-1.608991807938204843e+00,1.117803048060258675e+01,1.760303529361857500e+01,2.484496406741165231e+01,3.934526984451328246e+01
6.177949230979473683e-01,6.164158761545967202e+00,2.070418974214155483e+01,3.222343016210221123e+01,4.398082636726892503e+01,-1.934757745756853220e+00,1.688242826075741831e+01,1.879087423965412640e+01,3.289737096641679415e+01,3.770014685196557735e+01,3.977211619233187001e+00,1.130328512197900359e+01,1.909520299084220341e+01,2.995891125042381731e+01,3.889336868922139701e+01,-3.799080039282727306e-01,5.539532971745025236e+00,2.047753568580837324e+01,2.997200304611238764e+01,3.781909056737244867e+01,-8.929919306264189061e-03,1.289466930803560629e+01,2.110332253056347795e+01,2.768453215852401073e+01,4.265688596197082205e+01,3.272241094147587681e-03,1.132593917616477164e+01,2.163972340129359040e+01,2.765019621052412191e+01,3.416080914824512860e+01,4.657323615647579018e+00,5.568570404195285484e+00,2.548973613128509186e+01,3.085430638853945240e+01,3.967191774505554491e+01,8.828180847757074901e+00,8.849463964006721639e+00,2.235050343407806395e+01,3.631736494681620542e+01,4.145204255187739761e+01,1.052747606641963651e+00,1.320908864261809157e+01,1.168998571009922927e+01,2.510329680325531143e+01,3.866226264615927022e+01,1.831559709348185239e+00,7.655384611762205083e+00,2.410780454361948344e+01,2.803151761802227071e+01,3.602605113291451033e+01,-3.907505234636666547e+00,8.998581621857505652e+00,1.675957617994253468e+01,3.163320076933894143e+01,4.502213162619966624e+01,1.320193645183183273e+00,6.588394297320627757e+00,1.575451712578548680e+01,2.964326627755723820e+01,4.091459812748311009e+01,1.209642126182121968e+00,1.114110151730438147e+01,2.084821260497357187e+01,3.035349161688040098e+01,4.105305956099340392e+01,-2.473053054393516970e+00,7.085379496613116501e+00,1.386021568980755170e+01,3.602219372638276695e+01,4.511312872778039207e+01,7.153355110969666697e+00,1.355567956791623452e+01,1.209597350767763579e+01,2.986214499040033843e+01,3.863644913804542824e+01,-4.659238872956963817e+00,1.569665221724966742e+01,2.361715631948677796e+01,2.621737377677172631e+01,3.793919024183843902e+01,-6.599554144719244064e-01,8.787609076709047784e+00,1.301853310631656591e+01,2.991067199152831790e+01,3.932772591972432252e+01,5.937238119403025038e+00,1.230895943746864063e+01,1.748300321364279952e+01,3.186064101085444022e+01,3.644987131442464801e+01,-3.653185230147493634e+00,1.144295567936824476e+01,2.213637828862254864e+01,2.740027536213948167e+01,3.737866807198925301e+01,-8.319390999064466996e+00,7.104969537144534719e+00,1.594569432591176650e+01,2.842315169641325667e+01,3.861498235159689330e+01
1.671274859508860455e+00,3.409081366223738474e+00,1.872514151378776148e+01,3.243556019774420918e+01,3.700775587857516769e+01,2.350563889390764327e+00,2.917242755496600282e+00,2.502975741321845149e+01,3.461838953315478307e+01,3.865406280659094307e+01,-2.026400316744134678e+00,1.859043863401776520e+01,2.627665558022792780e+01,2.752737862345114195e+01,4.259070393519728981e+01,-3.512520906470653070e-01,1.304345071083357865e+01,2.210103504969214683e+01,2.800736323769641700e+01,4.200859129695801641e+01,1.704041179066240197e+00,7.620473943682830154e+00,1.744760577321541462e+01,3.090079891168020865e+01,3.616826532089498869e+01,1.938501935935658338e+00,1.051524825261109441e+01,1.757028518545706319e+01,2.366600591592554181e+01,3.997963021706160447e+01,-1.049863406626659001e+00,1.013088480030021366e+01,1.247201826822764481e+01,3.321950024606849894e+01,3.967429755244194212e+01,-1.770906558945058995e+00,1.123501116808799871e+01,1.367085906629939984e+01,2.985105972665317964e+01,4.039712913194819777e+01,-3.248079626552858201e+00,1.003524365184728495e+01,1.875734509002331762e+01,3.025399092515420563e+01,3.224977799498012132e+01,-2.933877317651739425e+00,1.268115077941873636e+01,1.606621173209495268e+01,3.039248936856146344e+01,4.306341166656140729e+01,3.315593562986425269e-01,1.191003425375748037e+01,2.232062572799426547e+01,2.567357458413886562e+01,4.307949896623475183e+01,-6.418799832617318124e+00,9.806096296246618493e+00,2.300428275330068217e+01,2.729518694363330411e+01,4.049496796879133598e+01,4.641152688958650074e+00,1.359423733979510018e+01,1.910748441707995937e+01,3.408300189528385715e+01,3.846224620697498864e+01,1.192900044292483974e+00,1.360618625180315888e+01,2.030166199173399022e+01,2.412689648933863396e+01,4.294615664072480854e+01,2.681399437143707321e+00,8.517704959427410571e+00,2.014723180414984682e+01,3.040306799044430619e+01,4.313620597465641993e+01,6.443966564067467040e+00,8.623560256046124195e+00,2.025176172771789140e+01,2.868611469989792795e+01,4.444533429574543959e+01,-4.451249557714778704e-01,7.578418218657727579e+00,1.886386389270237629e+01,3.231691306256048080e+01,4.150951219216973698e+01,-1.146884844718639718e+00,9.518106304540191687e+00,1.912917944879999155e+01,2.812424568859399443e+01,3.939773774815880358e+01,-7.461608171994831284e-01,1.085659663242890716e+01,2.613858449377425686e+01,3.315162892769993164e+01,4.382499117530096555e+01,-1.922580816377124080e+00,1.082500125659235835e+01,1.860434948162911439e+01,2.676845270868161819e+01,3.935217082084737683e+01
1.363594302144256698e+00,8.788694599002877084e+00,1.686341296835329473e+01,2.980544658670788039e+01,4.068730188862286923e+01,-6.237438339491467865e-01,1.152641452343492112e+01,2.718565507244192148e+01,3.151919735039508907e+01,4.311289807798804219e+01,-2.745620738862627253e+00,7.690968150797857561e+00,1.771882614778543186e+01,2.815898000812276791e+01,3.807517791240600502e+01,2.589452162948123970e+00,1.288758935208727685e+01,1.836249421638197177e+01,2.937914019003642707e+01,4.141587924669684639e+01,-3.646006246880206803e+00,1.214789830345796418e+01,1.783897455831467127e+01,3.081025963662562006e+01,3.951290005953826778e+01,-5.145684324824870259e+00,1.103315582453333654e+01,1.851331247761517673e+01,3.250143803434898615e+01,3.938093961052704373e+01,-6.012366773541364395e-01,7.737270636672900714e+00,1.707287560251673142e+01,2.849594103735726591e+01,3.655748948152234590e+01,-2.294367633173321153e+00,1.384795198721698739e+01,2.102515829461993491e+01,2.910907988175923933e+01,4.186355943142729075e+01,-3.300033861399573887e+00,8.742473599373456139e+00,2.161475996985450010e+01,3.060595884276101231e+01,4.024870687173601880e+01,-5.721875791235791375e+00,1.016765006467885790e+01,2.152583102792630143e+01,2.994897444668385589e+01,4.132537313679824820e+01,1.568711016751686227e+00,5.686201833563960584e+00,1.606607976984071939e+01,2.992323945173248845e+01,4.290326295197819206e+01,-3.062722466692940237e+00,1.303517912604794127e+01,1.987492636315078798e+01,3.720085508313040634e+01,3.459222959898542626e+01,-2.091902632918243299e+00,2.027169580577692187e+01,1.799537673816865180e+01,3.032972996446027381e+01,3.455246160476276884e+01,-4.841029861101497467e+00,6.870529879382113236e+00,1.771196661855019272e+01,3.084682035204073003e+01,4.182083012396562083e+01,7.690673028038364833e+00,5.998828655185830527e+00,1.866704765615994077e+01,2.980959383169175680e+01,3.890437967521397411e+01,-8.545367146128381997e-01,1.101531963711024531e+01,2.172430170474227396e+01,2.840983404432567028e+01,3.637985095088662035e+01,-2.504627511113796334e+00,7.560489585250944167e+00,2.028718162217430532e+01,3.348855053435720919e+01,4.417320436803958472e+01,3.854525274935101109e+00,1.077978584273653340e+01,1.999303852591366848e+01,2.851603326636845637e+01,3.856835136156174570e+01,-5.070788131619010652e-01,1.147358519274855126e+01,1.690308940708841590e+01,2.733932437742378951e+01,4.197790755169653920e+01,-2.735012128063044390e+00,1.024365312209800472e+01,1.497634084655187259e+01,2.662994301102405359e+01,3.533116735899977812e+01
6.251512785863356569e+00,1.192571792196778802e+01,1.654790333649791378e+01,3.242028198468366185e+01,4.100626411857756892e+01,8.896309600883778312e-01,1.338302880287787566e+01,1.892957888177208758e+01,2.389567361734275863e+01,3.805592478207269380e+01,6.907196481567637880e-01,1.369490681940140320e+01,1.757952884864694099e+01,3.075780561201501939e+01,4.097474421082936402e+01,-6.855661583789040003e-01,1.471667017329512639e+01,2.067034510673160597e+01,3.299971294312083359e+01,3.897678101636720527e+01,4.016068329900417955e-01,1.312192913626551061e+01,2.029860615792532741e+01,2.623211963839009542e+01,4.190872868862120981e+01,2.204451240018352465e+00,9.194222638893482014e+00,1.881119835142913743e+01,2.619670795216883263e+01,4.059810336542042108e+01,5.177720730115748182e+00,5.265417122553325058e+00,2.300936279496052705e+01,2.731717249525517843e+01,3.682781260240418675e+01,1.448936570146479585e+00,1.117486768983959244e+01,2.478197471572893562e+01,3.241510093795417191e+01,4.055307114767673937e+01,8.959393295243773814e-01,7.754569791346592744e+00,1.985486726232261745e+01,2.699168471846554240e+01,4.273194918375332918e+01,6.709692311187696045e-01,1.286395319195470321e+01,2.398163074326712518e+01,2.781326991409570581e+01,4.042589444527015985e+01,2.556634316245640193e+00,1.171518696453629893e+01,1.479249874392371389e+01,3.241179465155464356e+01,3.889644810009755105e+01,-9.660713219234051685e-01,1.402075817667246049e+01,1.954624312647187168e+01,3.246160814413965312e+01,3.948685779618245562e+01,4.118022473750393431e+00,7.544464693913774056e+00,2.417101859177836687e+01,2.632083800925519768e+01,4.062663094102555306e+01,-3.796795285552630794e+00,8.982884113486431232e+00,2.220917239486669104e+01,2.964075601127858661e+01,3.891707014650437912e+01,-1.750752113824692202e+00,9.554287613744818941e+00,1.994777456549229200e+01,2.972372578061396453e+01,3.619628242126982798e+01,-2.076825645162317713e+00,9.551703710185986296e+00,2.318572488688587541e+01,3.232243881462438395e+01,4.243530956093047735e+01,-3.170399312831478689e+00,1.253162239445781800e+01,2.238340428825843631e+01,2.900446865529995932e+01,3.884471224315517190e+01,2.994670960215615185e-01,1.256164196736153116e+01,2.145137260869724116e+01,2.773348058877672884e+01,4.406328087983722952e+01,1.734616761735589652e+00,9.869688695961913893e+00,2.046578542530075495e+01,2.763253278425933956e+01,3.564828195953490564e+01,1.159972509221127046e+00,8.677062472174622343e+00,1.654735146030276383e+01,3.585566788902022495e+01,4.105118132025005195e+01
-3.027723724523998516e+00,1.321143428945187459e+01,2.220497675215321109e+01,2.336200780679414990e+01,3.767773820504837801e+01,-1.229346720406288229e+00,3.972599338249356293e+00,2.096728349301483973e+01,3.743723144851106355e+01,4.297125957566758103e+01,-6.111549829965317038e+00,1.059367260723728421e+01,1.958162190895864541e+01,3.236284819217986097e+01,4.164532328714854259e+01,-1.290988212905522570e+00,9.821528736219253375e+00,2.042530320128923194e+01,2.855861490125071001e+01,4.535208744759533062e+01,-3.268238919140544319e+00,7.417503930723157168e+00,1.334066749338396995e+01,3.270212865589680717e+01,3.416274412875718980e+01,1.647464136215690989e+00,1.051031174039843741e+01,2.250388345929367517e+01,2.936021303845958386e+01,3.954490469767233662e+01,-3.741934114163115055e+00,9.360732869625069341e+00,2.357536878640468458e+01,3.633115072597220774e+01,4.408296315685987565e+01,-2.122710279505292341e+00,1.243213853321121398e+01,2.560185875116724574e+01,2.757363495384838004e+01,4.036333975035334731e+01,2.750133116456908944e+00,4.247334253521001024e+00,1.737981115648254260e+01,2.853114599037785126e+01,3.927642589168183918e+01,2.759663285282703882e+00,1.189582266866100646e+01,2.379624986280399668e+01,3.104729152777093404e+01,3.834904467744809864e+01,-4.308604303728602147e+00,6.433136441419638807e+00,1.929692444585784727e+01,3.106254938482119599e+01,4.243611221159845570e+01,-2.425320510249094896e-01,6.611866409654739485e+00,1.337158434060001255e+01,2.876534849417867434e+01,3.650437953056317752e+01,2.143295569074491258e+00,8.630533944553500092e+00,2.326861403536714334e+01,2.654763550207572465e+01,3.652639264454472112e+01,4.208468647568926357e+00,1.530016964766392817e+01,2.055831523193992183e+01,3.542698011052889484e+01,3.559185389150424328e+01,-6.860423702688842607e-01,1.448369610858082801e+01,1.357472860937892456e+01,2.864890373374056054e+01,3.824147626451388504e+01,1.100870132558399606e+00,1.182559082036552489e+01,1.576729085226881999e+01,2.793715098803249219e+01,3.538490472370602902e+01,-2.165694742048799970e+00,1.451886463448367159e+01,1.459030243278698613e+01,2.944582228272406610e+01,4.117323313400781615e+01,-5.263311515915351180e+00,1.231485292354559213e+01,1.892173032623832185e+01,3.194586923689802660e+01,3.533529460888207296e+01,4.078894511205651829e-01,8.557452339620997606e+00,2.308542496323868676e+01,3.270673707426342247e+01,3.963218986898630192e+01,-1.102232720668541166e+00,1.119023094164951715e+01,2.204017963929805646e+01,2.601434990061537889e+01,4.029131925791253366e+01
3.068608438991960341e+00,2.600862837569844821e+00,2.275162738517768446e+01,3.566663261986435174e+01,3.828689128719402390e+01,5.577805974062487460e-01,1.696684661145786421e+01,2.169680443857065910e+01,2.895563341655222089e+01,3.739857176778735237e+01,1.245466924790195051e-01,9.360218857358855615e+00,1.106925685354805466e+01,3.114190323975891772e+01,4.268442754028275488e+01,-3.505177116163389783e+00,1.291941632464528666e+01,1.866845287156372279e+01,3.357386408661037080e+01,4.066492913372473339e+01,-4.718813685184566786e+00,6.814332230069390484e+00,2.192889328698288764e+01,2.742425314242506573e+01,4.239909503623614739e+01,-8.980768881814444882e-01,1.114667084738990077e+01,1.892106203041464951e+01,2.761371235116250489e+01,3.276264936089825142e+01,2.021600705283293387e+00,8.570718278283237623e+00,2.541883767399059835e+01,2.442650391735861604e+01,3.832491698914521550e+01,-4.497735019708187232e-01,9.304860032392582525e+00,1.924408771042045885e+01,2.970481694592080046e+01,3.949863944077114297e+01,1.339955475592739198e+00,1.003664488611962469e+01,1.673104255681329988e+01,3.058062072375399865e+01,3.802457874938193072e+01,3.791006469820116465e+00,1.285217243843925417e+01,2.047679553145256293e+01,2.818770107555764071e+01,4.247633861302047364e+01,1.619701428173260016e+00,1.299741968200541997e+01,2.003713268209949661e+01,3.626316028947576342e+01,3.943616557845226822e+01,7.012940438442852198e+00,8.815334601736637410e+00,1.779771468718435301e+01,2.640865564004727162e+01,4.280172320470498448e+01,4.121990571887721444e+00,1.119529617540186273e+01,1.861078930364055850e+01,3.077538611054145790e+01,4.192744307652417746e+01,3.208174447063242063e+00,9.871212385500426123e+00,2.115943073885069836e+01,2.865975717648086274e+01,4.517223448237024996e+01,-4.669639550120774807e+00,6.393580044739446855e+00,1.666101187313469367e+01,2.805710228065667877e+01,3.526340369112167394e+01,-2.581789770098487757e+00,8.510325647674298111e+00,1.887625399642341506e+01,3.085730612464637801e+01,3.704257908190633941e+01,4.439259659635505173e+00,1.525224103777998685e+01,1.918338346286722285e+01,2.548529394042614982e+01,4.029871286091058380e+01,1.634203398434988852e+00,1.256073110242043711e+01,1.696937867405171119e+01,3.255050067777936107e+01,4.079299995964035475e+01,3.201720869413601456e+00,1.360556718636328810e+01,1.643407873091603477e+01,2.617742933653538273e+01,4.561360844457545483e+01,7.473025623584239607e-01,3.040304825632641705e+00,1.590740134502980396e+01,3.505180870126972081e+01,4.232815955082633508e+01
5.411876599016322231e+00,1.466355255321172457e+01,1.746415889611981243e+01,2.895399627216680472e+01,3.279232954557661373e+01,2.985133043440378220e+00,8.764381782122287134e+00,2.416276338821337433e+01,3.263774016477786688e+01,4.130766969493487295e+01,-7.292509495258217012e-01,4.945998011340054568e+00,1.704312033861490860e+01,2.845553320826569177e+01,4.111310810601499810e+01,1.744025627996601102e+00,1.449490563483728423e+01,1.823262853929147909e+01,2.757769826910355704e+01,3.977626278451669606e+01,-1.490371819138667675e+00,1.269212378068070102e+01,1.464064174329964629e+01,2.868435883550666787e+01,4.183718869905534632e+01,1.967676655016196374e+00,7.130529119797913040e+00,2.114026664942247891e+01,3.383576061904971510e+01,4.487400666320643694e+01,2.558539388996235342e+00,3.021722477651789251e+00,1.912388087731121189e+01,3.172554172039983200e+01,3.531792368759021628e+01,-1.325685444899171062e+00,1.370001245787665489e+01,1.633418965285370916e+01,2.150518509847286452e+01,4.055467043385981185e+01,-4.675956315086032156e+00,2.323334914980106358e+00,2.051617779502084460e+01,3.479489276937245279e+01,4.072170275086262592e+01,6.801038518893378626e-01,1.117675777758882738e+01,1.755479962816819750e+01,2.632520801457787840e+01,3.874929845972985731e+01,-2.021334141286408315e+00,7.172231940299775843e+00,1.974916930395855630e+01,3.152002293790976495e+01,4.090676156353342208e+01,-5.759140478313240497e-01,1.020054144791105166e+01,2.119944144573093325e+01,3.160234508280128551e+01,3.962596185752121869e+01,-1.313453935729838928e+00,8.731654241747769163e+00,1.808640849804690376e+01,3.081290510748211986e+01,3.946035684710851399e+01,-5.434018483585979276e+00,8.862139213249774272e+00,2.013326812252237730e+01,2.847894873355900813e+01,4.009649089395857402e+01,2.314181477958197952e+00,7.951261757285998932e+00,1.897572882838918673e+01,3.647964879707715369e+01,4.727017317020766285e+01,2.489038793961564355e+00,9.623842128891872960e+00,1.909783351079672542e+01,3.602594604293499714e+01,3.934035963858458729e+01,3.045217619357019956e+00,7.971401197706125430e+00,2.181319253989513385e+01,2.715738834904335874e+01,4.072143185146295252e+01,-4.525133828008105041e+00,8.359793583848089682e+00,1.924730928489123016e+01,3.184200161493923886e+01,4.198180572728475113e+01,5.159242416268840614e+00,1.139374820918431119e+01,2.166900866501604028e+01,2.755994481613315727e+01,4.064692159945420258e+01,2.330548774956568980e-01,1.317682159312357015e+01,1.663586515326384330e+01,2.706591332453062648e+01,3.900190513571568118e+01
4.405554085102162176e+00,1.750412942359344415e+00,2.044648253425746987e+01,3.197062881524180256e+01,3.770058455150181231e+01,-5.239379907503110445e+00,1.153917949769494733e+01,2.322409820075139919e+01,2.803188459618607098e+01,3.989176021597167932e+01,3.103718122755375397e+00,1.017643413354569049e+01,2.016858358450643962e+01,3.012808838928320654e+01,3.784884121072843044e+01,5.240762639577587478e-01,1.299606923327256958e+01,1.688256071534204494e+01,3.443123603740344407e+01,3.712783114001986462e+01,-5.702665673186921858e+00,1.133158399967394203e+01,2.008558671990698841e+01,3.180344079553485059e+01,3.813412535623780997e+01,-1.551851709800051271e+00,7.866547927826247566e+00,2.014429800294776385e+01,3.493017538299640989e+01,3.787344987092125592e+01,-8.515236450779183341e-01,6.404027296665971924e+00,1.720470023555738948e+01,2.394293720573593731e+01,3.838892035220440135e+01,3.833288467812717482e+00,1.092607080513460360e+01,2.389252695352423217e+01,2.680801668540691907e+01,3.945057012715204792e+01,-3.533221841042544775e-01,8.674143977346492562e+00,1.779326297632213283e+01,3.593337863363132811e+01,3.514180739652788077e+01,1.154026084155066467e+00,9.270794549962690922e+00,1.936243100362583291e+01,2.445725760129180770e+01,3.894483372525979092e+01,3.986799345176662790e+00,1.049754150933522467e+01,1.524325276725675060e+01,2.814970395335938846e+01,4.089397518009432986e+01,3.058182932629000206e+00,1.268118937465302842e+01,1.986497653265300301e+01,2.915801942271881941e+01,3.867536082427000110e+01,1.704857797183461088e-01,1.010166415713292309e+01,1.806269265298843152e+01,3.169021650340285845e+01,4.209052889895005478e+01,-2.569520271880699536e+00,1.154836013539574324e+01,1.330392641138154453e+01,3.165924413206187893e+01,4.718274838194344767e+01,8.904491007697417082e-01,8.870036798767779729e+00,1.930874223468923034e+01,2.872427768881046717e+01,3.613284901886240874e+01,2.504440760598181104e+00,8.640358919063737986e+00,2.277193257315453678e+01,3.587670366179087011e+01,4.148895119860795688e+01,2.953136542196289405e+00,8.725099382951970739e+00,2.349793374787736866e+01,3.094612834527177725e+01,3.868664320336170448e+01,-1.109941406677779074e-01,5.627533339159768389e+00,1.392618327956992452e+01,2.207438972613036299e+01,4.073977690002030982e+01,3.399101442703639009e+00,1.020501393636424403e+01,1.666867008453927212e+01,1.927029578465884541e+01,4.716919150718963039e+01,-6.397062627371871812e+00,3.719643988518762434e+00,2.157033779663708728e+01,3.225892452175447289e+01,3.484064639396557794e+01
-1.384687900025618479e+00,9.546576738855385713e+00,2.249119804618305096e+01,2.697541530525301567e+01,4.232969654139091631e+01,1.159067755097454633e+00,1.262899801322926230e+01,1.987662085165347747e+01,2.690515008854735513e+01,4.118980179314102941e+01,-1.882007291343313904e+00,1.462703116779803381e+01,2.794446787279247246e+01,3.168397439785039538e+01,3.977019808315688465e+01,-4.028514836698549928e+00,1.130671094685823164e+01,2.001465142792873664e+01,2.926505140683553208e+01,4.037877321338920211e+01,-1.224991126224528326e-01,1.468203137025076188e+01,1.862146411708466687e+01,3.579858004343302014e+01,3.425595061697766397e+01,4.606083586750524539e+00,9.093843612105748875e+00,2.021205434104556176e+01,2.991004116098648424e+01,3.792891027733330134e+01,-1.222460658829425117e+00,1.266467533038842674e+01,1.823006749689005090e+01,3.140422170283016357e+01,4.209267109502970783e+01,1.418607633987309935e+00,1.131367706582653554e+01,2.151402931023562815e+01,3.293818176208809234e+01,3.814380881466708217e+01,-3.843893525173387005e+00,9.619890924290034562e+00,1.640462791054291714e+01,2.742481599466614028e+01,3.649103636929807237e+01,-5.647832791530837504e+00,1.120582434419359430e+01,2.215798932767900808e+01,3.363652684676369375e+01,3.608087945733409185e+01,1.755910147249377884e+00,1.142327058116676142e+01,2.175844283435643334e+01,2.391165801344381592e+01,3.780180253512046562e+01,-7.831980880878748330e-01,7.973876125781302449e+00,2.182879259708663966e+01,2.536031187922237251e+01,3.768153044186621514e+01,-2.368638960568688334e-01,4.532545980246155182e+00,1.829206687147228649e+01,2.658281208461610134e+01,3.994424896502717104e+01,1.372858987972546796e+00,1.623766390122483827e+01,1.520100677117730115e+01,2.614924237934343410e+01,3.676818560271060932e+01,1.416036756419885578e-01,8.685248165059954673e+00,1.831690360976654830e+01,3.116081475879274265e+01,3.961634969368449077e+01,2.721986131542914134e+00,1.486293980403029913e+01,1.650080009492660693e+01,2.921983378963488320e+01,4.435230034930839338e+01,8.718348636389535722e-01,9.934668161055789426e+00,2.195796815975195315e+01,3.464445637143705881e+01,4.322017871205014217e+01,-5.509935426848580065e+00,7.851825172504655725e+00,1.701416609547036174e+01,3.414309460394718343e+01,4.278142901314755164e+01,-8.642445000417596779e-01,1.098057136795285693e+01,2.120730525937481303e+01,3.024837659900618902e+01,4.150838746424282277e+01,-5.623821672758376522e+00,1.073971042357538153e+01,2.156293063242674179e+01,2.613737208849729043e+01,3.917452263548886293e+01
-1.989143569084389496e-01,9.365447815860868275e+00,2.287784830809863479e+01,3.443792658419631181e+01,4.349164501092114676e+01,1.798673917466433014e+00,1.377530280559471265e+01,2.039530092741847156e+01,3.232923254306862759e+01,4.326434896683586118e+01,2.561831377817987310e+00,1.563279014534780131e+01,2.224918178574877103e+01,2.904711012006103843e+01,4.404826976547542472e+01,1.592161951596657410e+00,1.311948405388614525e+01,2.521502806315220013e+01,3.099195227783046391e+01,4.529249386711580883e+01,-4.695110252521163652e+00,1.189870565245359302e+01,2.239736522621925374e+01,3.473403828304060426e+01,3.696101127919128260e+01,1.747719485655641058e+00,7.922255467814499852e+00,2.334280102075262775e+01,2.729017598207402528e+01,3.792937802892887333e+01,-2.548827927529370818e+00,1.379508944138641269e+01,1.957608146693090134e+01,2.966940927672320782e+01,4.406631151019118420e+01,-2.180700264951032086e+00,1.326731372071229131e+01,2.109742525633877719e+01,3.359237271173886086e+01,4.194639094759713061e+01,-1.657451949922231105e+00,1.249975318681907765e+01,1.381863106063248559e+01,2.435455444255828539e+01,4.119616106206284911e+01,-2.740058449747747371e+00,1.376399158149335022e+01,2.249146536258300699e+01,3.147821659050972443e+01,4.005758086849804300e+01,-1.076196830440800722e+00,1.232894859920096309e+01,2.180091014451299358e+01,3.186589535646213278e+01,3.812572489938927589e+01,1.395983476037213400e+00,1.190297680690636284e+01,2.220404779383324723e+01,2.381847679062977363e+01,4.454175563629055290e+01,2.387737697393405689e+00,9.532521475574863956e+00,1.932115562218073634e+01,3.014680879282191484e+01,3.737583428402766117e+01,3.401720421444279996e+00,9.053266642760092964e+00,1.970476315851930593e+01,2.946948075283381385e+01,3.803350511782691257e+01,-2.317639342017853377e+00,1.127453338838475538e+01,1.679833797036349097e+01,2.738899737224260988e+01,4.026356307939791179e+01,-5.152694369961468013e-01,1.320138080766619559e+01,1.539884907885852705e+01,2.970405352881045502e+01,3.975075706273825915e+01,2.510096592279971173e-01,1.325968633073515157e+01,2.007682918172969977e+01,3.268571476542690846e+01,3.988886589185675291e+01,4.684918133475647339e-01,8.254349319948747876e+00,1.864297426072391417e+01,3.150133244692320744e+01,3.902124795414098202e+01,-4.302942416721922125e-01,1.100823983654646199e+01,1.756192308610964048e+01,2.838501354897866591e+01,4.016563789278862373e+01,-3.817001564848963469e+00,6.784521796854001252e+00,2.080750172548120958e+01,2.884498841451838658e+01,4.044894758477098407e+01
1.226540103644821134e+00,8.624178045327559161e+00,2.075978934204456294e+01,3.678218331802448660e+01,4.666257977291368064e+01,3.870102102899773744e+00,1.312606469745595739e+01,1.777123618140440797e+01,2.739314765999080237e+01,3.845926509136544524e+01,-6.175986216508337900e-01,8.624613194656223669e+00,1.982425303728583543e+01,3.029673436700582201e+01,3.833769847231894801e+01,-1.464603615740617482e+00,9.095528958225786553e+00,1.967757118135345351e+01,2.587630798986872094e+01,4.241499107783556610e+01,1.635033610232448087e+00,1.653557038502064813e+01,1.892893017121432919e+01,3.387494514346998642e+01,3.940623200432077056e+01,-2.807535338901559374e+00,9.178300526651074875e+00,1.781323233616153701e+01,3.066539022386594482e+01,3.982799323041903250e+01,-2.317988706417659639e-01,5.641271001754521563e+00,1.910907680292900324e+01,2.984097179465544869e+01,3.902644519763847342e+01,7.929537088824820668e-01,1.052323828843929121e+01,1.896423925223533402e+01,2.925097847050211897e+01,3.842341350285836654e+01,-5.251450112831499428e-01,6.667708275604180557e+00,1.703458860615583603e+01,2.893178750032628699e+01,4.095431123726761768e+01,-2.913875996107308186e+00,7.309497758576272375e+00,1.884878457522473383e+01,3.084562379183210723e+01,4.079816559116122932e+01,-6.716064128845788961e-01,1.503100853073614118e+01,1.792374427625446032e+01,2.793411159546318245e+01,3.689471743032008533e+01,3.782254845417676314e+00,1.094204505422795748e+01,2.034378509197393825e+01,3.386386971890009789e+01,4.209820701169363844e+01,-1.863049781072281252e+00,9.062101881194854158e+00,1.829263781305121839e+01,3.018783014010766053e+01,3.711257932645084168e+01,-2.550103530718447420e+00,4.729821570039687728e+00,1.538490125108791062e+01,2.806936840793575527e+01,4.201917217972606977e+01,-6.896249747612823722e-01,7.406706243442607196e+00,2.179416017481016965e+01,3.334648137217802599e+01,3.771574448259166701e+01,-5.691656989136859579e+00,1.229358314244349160e+01,2.086854714993505766e+01,2.932238894957163922e+01,4.080973480671102749e+01,3.139358974454610873e+00,9.242944697670029797e+00,1.848273728067337274e+01,3.354077847668747125e+01,3.723889670568038213e+01,8.104985794349362394e+00,1.289242687621896089e+01,1.941136345035069510e+01,2.767970869460891592e+01,4.530533226212946829e+01,2.518987104131404919e+00,1.375471228119773848e+01,1.672238551244181082e+01,2.961691747070713632e+01,4.263779278043796950e+01,4.020197129142428771e-01,1.095724169196615172e+01,2.708653088564205902e+01,3.181539445650797049e+01,4.223753716929385149e+01
3.980834174614433785e+00,1.046418891417690489e+01,1.884120988559946497e+01,3.031241130240657711e+01,3.961295388410487561e+01,-7.880800546340047674e-01,1.237618487389330291e+01,1.793653921411143060e+01,2.595292976469934842e+01,3.714095375324495762e+01,-1.387771972071443649e+00,1.581904158606156763e+01,1.264834232038879591e+01,3.534455397162903267e+01,3.583334329839613019e+01,-4.762406949986138116e+00,1.298891846280193718e+01,1.845337032068062655e+01,3.356638998354049619e+01,4.022776238014500905e+01,4.046894096443284461e+00,1.218958101997091426e+01,1.891410696088466281e+01,2.665863876314578107e+01,3.918643210980572178e+01,3.496851940092974509e+00,8.825925286167578321e+00,1.716170115395437534e+01,3.245982762132923938e+01,3.334061491538942335e+01,1.562839012289583884e+00,7.559010056222598806e+00,1.562104699585699841e+01,2.799100551792032476e+01,4.326758375056307671e+01,-2.728029648864105816e+00,5.563678851247300550e+00,2.031068700568283347e+01,3.484035952040972717e+01,4.064889470508145308e+01,-3.698497968364561572e+00,1.241843850024613971e+01,1.918818132987912151e+01,3.134936941839097457e+01,4.239373175271116168e+01,-2.664715876060455457e+00,1.412644741892415823e+01,1.937087411441356011e+01,3.379702543663939451e+01,3.536585896143918006e+01,9.819162412531299289e-01,1.387209690944386864e+01,1.967355392621922761e+01,2.711600156170507248e+01,4.001122961598593974e+01,-1.496861983586047051e+00,1.451781909049755726e+01,2.736332084782577212e+01,2.973203880400726007e+01,4.173968408157820420e+01,-4.374687389060796239e-01,1.085661626232526089e+01,2.198979097246295566e+01,2.632482573791146052e+01,4.234796971012021061e+01,-2.568643659872765106e+00,6.194573084387617889e+00,2.260111125924290221e+01,2.483343366617656400e+01,3.675014602455835444e+01,-4.109444583986920030e+00,6.425316621640301484e+00,1.826233797989731400e+01,3.212782191774534368e+01,4.032112358010559916e+01,4.995393168468402201e-01,5.749252163053921727e+00,2.488600451470953701e+01,2.832385765826585455e+01,3.867448105302838002e+01,-3.083360033352047225e+00,1.387282963294287796e+01,2.370802605170221256e+01,2.949683000804354549e+01,4.128359321836569507e+01,-1.288394316666150008e+00,1.199974953631348740e+01,2.421931208406894953e+01,3.470411952139853184e+01,4.233628304567925227e+01,1.789755619107572304e+00,1.170551485172993189e+01,1.950310516369762581e+01,3.247497414875527255e+01,4.230024392033477199e+01,-6.164922064260826007e-01,8.573180179292446468e+00,2.133550415650593024e+01,2.993354546824708251e+01,4.194406058519463443e+01
9.609029529531445402e-01,1.695244877550880602e+01,2.140797685455056865e+01,3.038782687233825186e+01,3.949936542126778249e+01,-4.964289869656083098e+00,1.066519408619708642e+01,1.576397491313879407e+01,2.917780650796002107e+01,4.111456500559647509e+01,3.684964905938122648e+00,7.895092230080158480e+00,2.021032953888075667e+01,2.562444255659200465e+01,4.067455969157483509e+01,3.407553780096389318e+00,1.453181806252082531e+01,1.853749779759557725e+01,3.174090953324675723e+01,4.279611519931358998e+01,-4.080165507902724364e+00,1.176736825034718770e+01,1.898695862848886762e+01,2.671120264527815635e+01,4.400096988272049003e+01,-9.340050113166282753e-01,1.030343118344229403e+01,1.921596229906824504e+01,3.179681614858343863e+01,4.323302373475672056e+01,1.920035260521884890e+00,8.630283472770454267e+00,2.547207393833373956e+01,3.090601731257595830e+01,3.769325301366622938e+01,1.374875303218424438e+00,1.236635571977644510e+01,2.596148018856585082e+01,3.098113588365566784e+01,4.561315493686144151e+01,4.173073307613515137e-01,6.980242200690824461e+00,1.788539501376771312e+01,2.855125158081816039e+01,4.161512950014332546e+01,1.702621860502268936e+00,1.151186777693815699e+01,1.979403944860422726e+01,2.341413997136798741e+01,4.036625905832423200e+01,-2.430211314377909382e+00,7.763634268920055703e+00,1.768747438869043975e+01,3.266141550028642371e+01,4.425356650858228846e+01,1.366663392892052409e-01,1.063529672414623484e+01,1.911167964539327713e+01,3.068540746033998090e+01,3.934189151798850759e+01,-1.270906879729519101e+00,7.587623401395511280e+00,1.803505280008863920e+01,3.262656745925134771e+01,4.078362625368355765e+01,2.537049668166668770e+00,1.301590554469927241e+01,1.824414812942091757e+01,3.269623636550269197e+01,4.303601456683503557e+01,3.257894086987154214e+00,1.368406562542041982e+01,1.806013686364049420e+01,2.855917906860667088e+01,4.264830542264999735e+01,-1.374055721349145109e+00,1.212356796627082467e+01,1.910206862159449059e+01,3.285193290439995195e+01,4.106418996580033820e+01,-1.889539944050786957e+00,9.755794829604688800e+00,2.362210893056385785e+01,2.932708261079309153e+01,3.952548490416868532e+01,-2.531501414542280948e+00,1.082516914140899900e+01,1.702937173138120386e+01,2.769959170065220277e+01,3.645384945309099578e+01,2.013700485743758595e+00,8.248051938480680079e+00,1.942681883308209123e+01,2.828090856382360840e+01,3.959948115410983860e+01,7.821270703030549498e-01,1.213638700097652290e+01,1.657189212586463967e+01,3.310019828515901708e+01,3.879015824680922719e+01
-4.621735432298808455e+00,1.332157849882443124e+01,2.327903833645243736e+01,3.053025930186897341e+01,3.867764864053793161e+01,-2.027112967519858699e+00,7.157792659853574158e+00,1.782396254334277330e+01,3.475759096011351801e+01,4.129826050465435827e+01,-1.968824145941131754e+00,7.902802478075205528e+00,2.373792186191233355e+01,2.720963022134348108e+01,3.932946548611297288e+01,3.274802157086728727e+00,9.990887975657274822e+00,1.777869125791505311e+01,3.162867448649483393e+01,4.124554946920022047e+01,-1.086099199697239781e+00,4.153199217092309325e+00,1.962194060182252997e+01,2.914982600412560743e+01,3.573508097932203498e+01,-7.165140031783758801e+00,1.164025722059846224e+01,1.817061768748586914e+01,3.182621630952169767e+01,3.935791393271011174e+01,-7.813676790772576375e+00,1.261742710732810835e+01,1.797150360006833125e+01,3.369020544531345251e+01,3.709684115522225056e+01,-6.421867110695625769e+00,1.460948570816425018e+01,2.482671598311245376e+01,2.862249960338355947e+01,4.009384391106155476e+01,1.513751740372204058e+00,8.942839171810504695e+00,1.912438601829227736e+01,2.607610939928462557e+01,4.325890666523174133e+01,3.895587671061921053e+00,1.046687029533314472e+01,1.909046640964783137e+01,3.029470537397775942e+01,4.362862199465205038e+01,-5.622624625015022470e-01,1.011625314456447988e+01,2.258123555818769645e+01,3.329241699586370373e+01,4.210418449432381749e+01,8.541726017737965027e-01,1.039056738977523153e+01,1.944970763805299896e+01,3.333510793986664567e+01,3.964712347486265998e+01,-1.281482202810607429e+00,1.354956760890500789e+01,2.135167149482460758e+01,3.250577838648699469e+01,3.738956050003205434e+01,3.160297216882363092e+00,1.082202780588273150e+01,1.773879396341490278e+01,3.099546483855075607e+01,3.752724242500095642e+01,-1.934083041278841231e+00,1.146252149966577782e+01,2.279870144869701676e+01,2.679479851602251728e+01,4.259199364562094559e+01,6.409748944486677757e+00,1.185374904061331769e+01,1.727733635456896621e+01,3.160579947855748983e+01,4.097118396301935661e+01,-5.066033266397224288e+00,6.233755416129014293e+00,1.933771864304766908e+01,3.218336762365303372e+01,4.300975546064043442e+01,-1.550267437946144966e+00,1.204610478058520684e+01,1.878452480258210500e+01,2.646743873964337723e+01,3.793595022287082941e+01,-1.746783871600747773e+00,4.608300058380338626e+00,1.729536061284428072e+01,3.669307361229643050e+01,4.217831511123690547e+01,3.090113439141567442e-01,1.237074366786768209e+01,2.475352996484325274e+01,2.454002391295503216e+01,3.949705133368462384e+01
-1.265179066154647369e+00,1.187407733493022555e+01,1.780774063419772801e+01,3.014769659169794025e+01,3.112220992593033131e+01,-4.810731087492632341e+00,9.598837755620905909e+00,2.220047200720180669e+01,2.925921828527473778e+01,3.535330227229125200e+01,1.719080980367563294e+00,5.800435815368473413e+00,1.422725173508685970e+01,3.569354653306597669e+01,3.520725560925183117e+01,2.332106797240710350e+00,9.032676275797351551e+00,1.734283250206974358e+01,3.109424184701414262e+01,3.993919484398080044e+01,-8.441966590822700400e-01,6.583324810579772368e+00,1.824329070567484479e+01,2.537932377467752687e+01,4.453193636998846472e+01,1.825478351783150766e+00,1.365146178459680115e+01,2.409407843080239786e+01,3.440195937756269018e+01,3.518902097605270285e+01,-3.572820095608642443e+00,1.146540967565883307e+01,2.382482254322992787e+01,2.910412605259694985e+01,4.124770707207969167e+01,-3.929162236529106789e-01,1.067849325856323262e+01,2.211668390100755843e+01,3.073020548118084250e+01,4.287693277352369137e+01,-3.643154829297512998e-01,9.453515106135311541e+00,1.739578151746908929e+01,3.232293198428237702e+01,3.713055837752834520e+01,2.097550960358225414e+00,9.745868944827522640e+00,1.886254769690513555e+01,3.137352300895985024e+01,3.857846689071246971e+01,-2.348163605823363476e+00,8.618372291503121119e+00,1.898972997383497230e+01,3.268688357929978139e+01,4.356910424897935741e+01,4.802886031833276448e+00,8.081270315442910857e+00,1.496911987537175648e+01,3.135103797966148420e+01,3.982003789214707012e+01,3.282753007370934561e+00,1.197678473018431866e+01,2.373699482048004938e+01,2.656835862041904761e+01,4.473251041624050828e+01,7.369551630322068725e+00,9.360338669755623897e+00,2.118618475998990647e+01,3.080788317588499936e+01,4.177135840650741727e+01,-3.913523530481560986e+00,1.256220312042549025e+01,1.783175282631614422e+01,2.630194963455166857e+01,3.818806632147546054e+01,-2.962708828459233779e+00,9.256737836852273915e+00,1.780799960171023599e+01,3.279183206108960036e+01,3.385178222237862400e+01,-3.626895432305626610e+00,1.632952568856073583e+01,2.082203492908714537e+01,3.065676577734361175e+01,3.940045336716768531e+01,-3.991876956410426835e+00,1.397089419089379803e+01,2.291735424127888265e+01,3.241607363448863310e+01,4.180099524379413367e+01,-9.131538526822347013e-01,9.859597709867768955e+00,1.674079776233922345e+01,3.263505555236551459e+01,3.944872337731968059e+01,1.192874144471726794e+00,8.434032165762182842e+00,1.731698000074348087e+01,2.625917436999041144e+01,3.734333412015249820e+01
5.240518310137630698e-01,1.404939926801308481e+01,2.015156024329161255e+01,3.047191758318048826e+01,4.511200953352738452e+01,-2.364189486849507915e+00,1.404749297347225045e+01,1.296964788332862106e+01,1.949603256865109557e+01,3.318015053164246098e+01,-7.680184245857821779e-01,9.323267322094501708e+00,2.446910809882630033e+01,2.898663283736370389e+01,3.844229214026451302e+01,5.124572528745839683e+00,1.191213626557859939e+01,2.105898995452672651e+01,3.147486953277180177e+01,4.228298820821189707e+01,1.673524283488543762e+00,1.359572709902695742e+01,2.516425599864103901e+01,3.176363583112604161e+01,4.018890520281558310e+01,2.326714547061664806e+00,6.409787447193904697e+00,1.835886490082475930e+01,3.040872906599399528e+01,4.208285181546460052e+01,-2.229994564626190279e+00,1.001525941645989448e+01,1.640723495836682133e+01,3.243990121196090826e+01,4.037516985743752684e+01,6.353278694436302665e+00,9.663721909182084957e+00,2.044556658126172621e+01,2.864428836712470883e+01,3.896637293473385455e+01,-2.152981862493812404e+00,1.159566217779798158e+01,1.867310530247620548e+01,2.651873515853291963e+01,3.928218679193848573e+01,1.105493073231489376e+00,1.225975418107723236e+01,2.229671857168055027e+01,3.136450810263234956e+01,3.885819783813589368e+01,2.821418604136302299e+00,1.260599727290827232e+01,1.930463622751562980e+01,2.944939655285530122e+01,3.860528759742226868e+01,2.335485039534632268e+00,1.468901241481155751e+01,2.207793339467829341e+01,2.465156134074623040e+01,3.898745576571628391e+01,2.498320668463752670e-01,2.767781528851865236e+00,2.231024369236373062e+01,2.836934114460088452e+01,4.141278905705309654e+01,5.081794659722158158e+00,1.163879691273675654e+01,1.690796201242146424e+01,2.667715280919839671e+01,3.609228761180484923e+01,-4.044250089872271303e+00,1.368512439586992890e+01,2.064528999352605609e+01,2.712016507916555597e+01,3.423397432975237109e+01,-4.035443682503533580e+00,9.330811648649824264e+00,1.625122767122705980e+01,3.587762490878375843e+01,4.687643301612093438e+01,-5.461332543710028631e+00,1.072218125658095644e+01,2.253651755469499562e+01,3.111374130831024942e+01,3.887142634064495894e+01,1.456581089456392419e+00,9.684903949754946950e+00,1.751463432331012626e+01,3.270785446739898816e+01,4.126988078997199949e+01,-1.112226186977442466e-01,9.964995041450482205e+00,1.961652315361849475e+01,2.830720986124362426e+01,3.688001526794931806e+01,-2.121089757415406396e+00,1.164501804105716509e+01,2.938407506629473431e+01,3.438587549497737683e+01,3.921973207005227380e+01
1.481403207332835370e+00,1.135641731908775398e+01,1.976101817528704885e+01,2.804282409267520038e+01,3.754513004821522770e+01,1.737068262049868528e+00,8.491257171127854164e+00,1.598028782746143861e+01,2.924949653623318824e+01,3.946572571437299359e+01,-2.334377270726388787e-01,7.513025945738652567e+00,1.153176888618655127e+01,2.856593549225555861e+01,4.248427736243955621e+01,9.797550451599896792e-01,1.129447232199424000e+01,1.980915875740323528e+01,3.054142596141620203e+01,3.863799640636018751e+01,6.301340265263429830e-01,5.510254038413743061e+00,1.970006652381063716e+01,2.351949516918722338e+01,4.515032942352982559e+01,-1.197757999774600846e+00,1.287096961610233059e+01,2.046356631773659274e+01,2.752071309439803670e+01,3.978362296289601829e+01,1.474521518631926043e+00,1.369920512168982718e+01,2.336137898999272622e+01,3.119275372374254474e+01,3.482572650939772529e+01,-5.743740691514527263e+00,8.258803590155155305e+00,2.524024100500167123e+01,3.080364002363529607e+01,4.124490624691859608e+01,5.809354169768703002e+00,1.664357777256331161e+01,2.163751668916143700e+01,3.227287273976958915e+01,3.914442312827352310e+01,5.136766622489636447e+00,1.265719291890685483e+01,2.070857744549304869e+01,2.877373916356001615e+01,3.793356513266795105e+01,1.384959574400497884e+00,1.096133403028787789e+01,1.911317080891494058e+01,3.255715922464916190e+01,3.809060353115029329e+01,2.627375466567142825e-01,1.209704111337374499e+01,1.819463748746228404e+01,3.189422549783532901e+01,4.176904537070264922e+01,-1.942665067526796685e+00,1.456662617737498877e+01,2.232136467214689546e+01,3.136211075356384015e+01,4.194492148052584213e+01,-1.794038535818185620e+00,9.820920367736523104e+00,2.268775229709272168e+01,3.263041506070607056e+01,3.750002466339555696e+01,-1.306398211256107000e+00,9.859431061759144299e+00,2.022193549887136399e+01,2.930895868718421937e+01,3.673987503415652611e+01,1.008681616890885202e+00,5.486233658739492647e+00,2.391221053729940493e+01,2.775403901626759406e+01,3.734568828874464685e+01,2.660593440309593771e-01,8.134254153871738779e+00,2.263923600777061651e+01,2.705259283591058761e+01,4.015645087971978455e+01,1.643879043268486217e+00,1.039603682372584004e+01,2.584681038583714141e+01,2.816291835323280424e+01,3.721178877153879228e+01,1.451156609204352410e+00,7.917107389311150101e+00,1.992517376302202337e+01,3.556260219991737159e+01,3.975781857941685615e+01,7.964993643008870805e+00,1.139224676076640819e+01,1.885474327272491024e+01,3.302886409198687545e+01,4.273329351560408895e+01
7.549261435817783417e-01,7.283119457717218026e+00,1.836152942541103172e+01,3.040147989375074289e+01,3.707668100499289920e+01,2.339053084668366811e+00,4.718828291689465715e+00,1.937216781805018329e+01,3.511233932467605001e+01,3.646640711886475827e+01,1.149273332011920168e+00,1.241850528047707414e+01,1.691057878543421111e+01,2.612385403071316503e+01,4.312973613842747511e+01,-2.705220733412088130e-01,9.958630066474380982e+00,1.831997142665482059e+01,3.202096329347541115e+01,4.085937825677592627e+01,2.020318083778490426e+00,7.332988260903980482e+00,2.073081215145895229e+01,2.888965641917780047e+01,3.648188942023933379e+01,2.849993942516635848e+00,5.780558423304134941e+00,2.077422383550917573e+01,2.543137125811544408e+01,3.840922658799786404e+01,1.138774130854101063e+00,6.519897205806129747e+00,2.176554943685540877e+01,3.660274391100001878e+01,3.360232872582110986e+01,-1.093472967713855049e+00,1.087942541770794236e+01,2.081967521774258856e+01,3.015809203108069525e+01,4.280331532724652277e+01,5.887486844580125833e+00,1.012329998624652916e+01,2.239345131705485770e+01,3.088771790885713031e+01,3.823818271441184891e+01,2.298233781287091659e+00,9.418777803169199103e+00,1.891122385956963114e+01,2.853164074037618292e+01,4.286245405780086770e+01,1.390933130701958120e+00,8.445626828399140251e+00,1.743585746853401020e+01,3.180946250118749319e+01,4.104325577671816916e+01,-2.192519436023888435e+00,9.006669371477805441e+00,2.096587583544247479e+01,2.820957124481009259e+01,3.321968265250203700e+01,4.866440817308190780e+00,9.955923838310898333e+00,2.155142817985809245e+01,3.173594410524163578e+01,4.207899571401324579e+01,-4.120417557331214065e-01,1.348798274170763634e+01,2.105141485896266573e+01,2.878437944767854617e+01,3.970213589383858732e+01,-1.158818667337956132e+00,1.774453952059128525e+01,1.625739381826999974e+01,3.014712411842020856e+01,4.140710066365255670e+01,3.760819907544313612e+00,6.088769833237575035e+00,2.361784338063363009e+01,3.149499277330770752e+01,4.234562487249886686e+01,-4.060764428990753849e+00,9.987765264476331950e+00,1.954952893204378483e+01,2.808646066115529649e+01,3.276987309166408835e+01,-1.499020404810553764e-01,1.119705178321318684e+01,1.639862315297866502e+01,2.962893737215224021e+01,3.527170313724933948e+01,1.280301294437105275e+00,9.321248418262165103e+00,2.260247789614056302e+01,3.807084644316306310e+01,4.196916743794499638e+01,4.346759450112614998e-01,1.071870979701782112e+01,1.828139273698942091e+01,3.072845997303482335e+01,4.307728508376748522e+01
2.013003353340911961e+00,1.683371257575963398e+01,1.793408369787262657e+01,2.604044658209584995e+01,3.926196707566740685e+01,-1.534855011628215138e+00,1.184635418564692344e+01,1.545407133084287032e+01,2.816040796844593075e+01,4.104656696975688135e+01,4.399540572292212737e+00,8.594261785993690950e+00,2.141135223566692147e+01,2.730160586446430671e+01,3.889544591313693189e+01,-4.992850642711687215e+00,7.801286748184332431e+00,2.793837406756633968e+01,3.400743493781706661e+01,4.721796653859153281e+01,1.504020953827189588e+00,1.351703863894339186e+01,2.243132253942413357e+01,2.919852884693137085e+01,4.251408346926961457e+01,1.843798335022996726e+00,1.167338390362726486e+01,1.923430900065667615e+01,2.840726456514714116e+01,4.265677633569223559e+01,1.451416080555019583e+00,1.039026464755606050e+01,2.583324508418587584e+01,2.816520453307629168e+01,4.318013507102025983e+01,5.814231383062103298e+00,6.491217231086315209e+00,1.703089008024041107e+01,2.659922216172354936e+01,3.813601675308819239e+01,-4.612748829330072908e+00,1.579257780015482560e+01,2.362375771545918113e+01,2.969459534976179427e+01,4.171715446590366128e+01,-6.173382515866729925e-01,1.334766037631694502e+01,1.947704651379162399e+01,3.021299725294368343e+01,3.304077573649627908e+01,-2.392572355252038818e+00,7.489293157370674692e+00,2.065006867757232456e+01,3.519846045088363695e+01,4.318252482686762761e+01,4.066171941200231288e+00,6.275294294308162435e-01,2.420627083605044660e+01,2.629672791266497356e+01,4.148431720295782554e+01,-1.439037090294305266e+00,4.629623567236957449e+00,2.121288806429740248e+01,3.109739292955827494e+01,4.276984548059831326e+01,4.942920893260847492e+00,1.680696044971498893e+01,2.402123269138310135e+01,2.898479838801846498e+01,4.309045027272719608e+01,1.213205547918467131e+00,1.686033094116815434e+01,2.439830637585919959e+01,2.893525650982623176e+01,3.131956355438880379e+01,-4.155511636237521955e+00,6.744079364501680551e+00,2.079499523844289754e+01,3.303740501984357536e+01,4.506721263422934243e+01,-3.221015123948266723e+00,1.500964940376722545e+01,2.223210985910751702e+01,2.965831677142536194e+01,3.757727398720447809e+01,-3.874158218465979964e+00,8.697297700966069911e+00,2.077941687835252438e+01,2.971145016760878832e+01,4.104800763227451199e+01,5.999910949427067486e-01,1.125451907692107234e+01,2.109561218471238320e+01,2.894701939953963432e+01,3.837559104155958778e+01,1.691576417237920182e+00,1.000702026050977622e+01,2.048250985408665059e+01,3.810603733438415475e+01,4.029637209033864309e+01
6.261412857481180039e-01,1.295554683766739856e+01,2.484467058710798426e+01,3.677555802457646195e+01,4.051478462774243638e+01,8.715535041964216134e+00,1.356057669483439909e+01,1.737845589888316411e+01,2.596705396023615009e+01,3.721231103846604071e+01,-6.984910256608161117e-01,3.184947662866871365e+00,1.806822222711029724e+01,3.175235718365605209e+01,3.679134061734406203e+01,4.125161677869438215e+00,5.009679824049635855e+00,1.949058011325483974e+01,2.865888686358432125e+01,4.183172534356414474e+01,2.245203229097752384e+00,9.230167898948735683e+00,2.577645967185274500e+01,3.006268206654035779e+01,3.993095608468776447e+01,-6.365185422259354020e-01,1.143271008030797020e+01,1.924938654795697701e+01,2.540329803310494938e+01,4.450182077746237042e+01,1.256779596639736374e+00,6.797458481661267982e+00,2.107919637160852133e+01,2.350570245987866969e+01,3.779227139315170092e+01,1.169689593234586988e+00,1.192619111934034670e+01,1.854559386288724809e+01,2.706577230912783705e+01,3.629043152281592199e+01,1.532425507316719893e+00,8.492647752033077424e+00,1.766004444599749945e+01,2.655384024753357863e+01,3.865210902673706528e+01,2.271701190704704221e+00,1.088391035109181004e+01,1.884713695623630514e+01,2.867351253749732010e+01,4.335900302005574503e+01,-2.688695183719973514e-01,1.339368429753612766e+01,2.348991280178075769e+01,3.131323915295605431e+01,3.816670954290305673e+01,2.667940081647076411e+00,1.134973145585027865e+01,1.833059577684257491e+01,2.691900464584936614e+01,4.421648744971566458e+01,1.747243218972074352e-01,6.852288459786947783e+00,2.075754636154920263e+01,2.800940557339119152e+01,4.209791451124341677e+01,4.500990082318539365e+00,1.033054358015950136e+01,1.889815426444958391e+01,2.495260661234083344e+01,3.797501782596981457e+01,-2.686641915596017505e+00,9.133057830860527915e+00,2.180255380010200028e+01,3.237376782802254382e+01,4.053327909639925508e+01,-3.062729324057040348e+00,9.230455292472486306e+00,1.075077359295948831e+01,2.629034059707525728e+01,4.247863315970926834e+01,-5.205851672303458688e-01,8.605211598570152276e+00,1.853139466320459050e+01,3.043729634819645469e+01,4.166716243199166314e+01,-2.045309744847683575e+00,8.019574336290657968e+00,1.897575688173336417e+01,3.187252012582316141e+01,4.131959141340767161e+01,2.781237065170404144e+00,7.056438280649748762e+00,2.021992998046224699e+01,3.337328247021732608e+01,4.181733411274965562e+01,-1.308465535912818556e+00,1.226072902509865514e+01,2.453276423729322175e+01,3.006876524297029363e+01,4.572403689088228873e+01
-9.642790502485003579e-01,1.516523081674079876e+01,2.210721032591417057e+01,3.016526463125584456e+01,4.275361093561788550e+01,4.704165647448280474e+00,9.402011656290406805e+00,1.355969941831547132e+01,2.922908234157804230e+01,4.285781911912493314e+01,2.017916679466963181e+00,9.966684229992536004e+00,2.554803539943429058e+01,2.921135978325241567e+01,4.004608877224895025e+01,3.003759486111175381e+00,6.659288287361730951e+00,2.341225411112744226e+01,2.792201194508153961e+01,4.719981606862464218e+01,1.915421518326578532e-01,6.250244307711892766e+00,2.192710725328673860e+01,3.288273599711109085e+01,3.869133255982868747e+01,1.171066663141087982e+00,1.160246793432411394e+01,1.721327412023896741e+01,2.680252193436120933e+01,4.324786714545400912e+01,-3.667002915967520593e+00,1.048872234579731533e+01,2.153841179547104900e+01,2.680699064494595873e+01,4.086743401039196044e+01,2.212548598604828776e+00,9.938136092087242801e+00,1.716108451422675074e+01,3.054428332036890481e+01,3.918981109627987536e+01,-2.180079673589839562e+00,1.356150985676346110e+01,1.962706667553337780e+01,2.794511982442033116e+01,3.754935113821767345e+01,1.010364272717271916e+00,1.082720340404077675e+01,2.061075811998955487e+01,2.808583630601131276e+01,3.607999104287705450e+01,2.974645194747445931e+00,1.433025282509769838e+01,2.209520462919425299e+01,2.794304653583341747e+01,3.820845663653543767e+01,-8.741838635182991313e-01,1.456029280425243400e+01,2.020143865416695661e+01,2.458914003691201344e+01,3.966241611755541641e+01,2.005154854764414019e+00,1.165509478200471172e+01,1.728205484675621761e+01,2.889515994513523722e+01,3.821718020515044145e+01,1.144618147897297078e+01,1.421792948273981594e+01,1.593855604778250523e+01,2.968380964092779806e+01,4.288981293903812286e+01,-1.200213659274776523e+00,1.337465770112398289e+01,2.443686402272836489e+01,3.079832404253368239e+01,3.572636909520943505e+01,-2.415064968135977042e-01,8.183081599374812498e+00,1.107392725639381936e+01,2.516532949880768300e+01,4.963667464691087616e+01,2.732111409258036083e+00,6.742049926591206166e+00,1.946224764186019840e+01,3.376783623695028069e+01,3.757318043662507989e+01,-1.493084252517745680e+00,7.382973756246244079e+00,1.805600757707270532e+01,3.430400341973440703e+01,4.219549577198264956e+01,-1.054179605927370034e+00,1.070595227904885860e+01,2.173538206056399602e+01,2.961008055439370068e+01,4.033717355281125094e+01,9.506674067651408322e-01,1.008896695886282480e+01,2.975839670435884798e+01,2.720752045985207701e+01,4.045088856092903029e+01
1.720820787375145766e+00,4.645584788218987349e+00,2.190308105326919019e+01,3.098741293070814962e+01,4.198309636289178570e+01,6.750704361310080337e-01,7.673375680561601797e+00,2.177064337055497489e+01,3.310136219623262832e+01,4.035556924554030189e+01,6.681315984385740592e-01,2.073805047207846997e+01,2.530581024158006187e+01,2.731762539219974428e+01,4.185679400434122499e+01,-3.609862898657674180e+00,1.217808394066050148e+01,1.966937336458276064e+01,2.856658232175803036e+01,4.154320620494077332e+01,2.212661461466712165e+00,1.088248427928003537e+01,1.791596315963773733e+01,3.337500736401389645e+01,3.620544801501225152e+01,-6.296836166622772346e-01,9.319747567383688036e+00,1.707989464301243743e+01,2.684679697238221507e+01,3.472652917842813736e+01,3.002206955204357541e+00,1.145727910518897907e+01,1.683349559642727300e+01,3.574523361564726542e+01,3.887495220028256426e+01,1.308831090736621183e+00,8.188157959863463731e+00,1.610025986579740476e+01,2.982060032916291803e+01,4.023265539036189864e+01,-1.853129179545363714e+00,1.289330549058437470e+01,2.024859637807428925e+01,3.154040451969893510e+01,3.900777599779175375e+01,-4.040760413424742681e-01,1.142334993427068568e+01,1.796942718207657208e+01,3.097692549769258719e+01,3.909211252216675092e+01,4.463353712496403780e+00,1.354213193884890210e+01,2.024727088362607219e+01,2.496117425698898984e+01,4.210418129079052818e+01,-1.473158046219446460e+00,8.855113188601629659e+00,2.171176305646970661e+01,3.044824634973227262e+01,3.909811632671911497e+01,-9.384381652887737735e-01,1.143872466516317310e+01,1.756738057653311103e+01,3.218300732559582400e+01,3.883345523922656639e+01,-3.267572273699599794e+00,1.004185140585400227e+01,2.029684832157554553e+01,2.704531376811721799e+01,4.191340564202816665e+01,4.554872236734063051e+00,7.704067890198764701e+00,1.977669241539741307e+01,3.136112608691065873e+01,4.314169506947474275e+01,4.960916190030616235e+00,8.780891370124514594e+00,2.360761553240733690e+01,2.726941953120265438e+01,4.553385824051668607e+01,2.418145228935578928e+00,8.628749722107661668e+00,1.918188998203086371e+01,3.152459913029223415e+01,4.141096108798308961e+01,1.903809320558753626e+00,9.785457847563305833e+00,2.110838249725173910e+01,2.584305386668625459e+01,3.940673563481923480e+01,-9.408159887975252600e-01,1.055542248318136700e+01,2.222071002661445505e+01,3.226807752447562905e+01,4.110018673192259797e+01,-4.946509938547457352e+00,1.410831779533419805e+01,1.630034831137181328e+01,2.801266014577110752e+01,3.953645309083861292e+01
-2.952286362138663578e-01,1.190758070118576661e+01,1.979048816006014633e+01,3.237203886044352430e+01,3.527195174565383695e+01,-2.351427768287885911e+00,7.599896955110851060e+00,1.789470413521836178e+01,2.742492211311831340e+01,4.001654680003584019e+01,3.630022216795136369e+00,1.344688108697453899e+01,1.784467227734774397e+01,2.878378925319583814e+01,3.805019612097664350e+01,-1.303618424576005630e+00,1.283644545983712426e+01,1.897173177894405782e+01,2.931159712484900481e+01,4.391396265538971733e+01,2.133495293589510400e+00,1.054132390928725549e+01,2.089049885457939837e+01,2.935939575648276190e+01,4.359923953078563841e+01,5.729201221319745407e+00,1.499632002734446701e+01,1.802234991428096578e+01,3.669481460940146178e+01,3.694627710958285149e+01,-2.252079712783202403e+00,5.658426568474951068e+00,1.950619491855172782e+01,3.296987595404884530e+01,4.195359734816209141e+01,3.724847925872175836e+00,4.915778476957158638e+00,2.251910155990055173e+01,3.033976962046547854e+01,3.880640953200182253e+01,-4.023714534058148828e+00,1.470059072710144044e+01,2.092621113290874391e+01,3.450283755641578409e+01,4.398714400801853230e+01,-4.575842672350480811e+00,8.790226978292935200e+00,2.055300398511160509e+01,3.729598115805001157e+01,3.693576108162364591e+01,-2.295286007481113444e+00,1.113247000114294849e+01,1.746774074023510792e+01,2.523696580225954378e+01,3.593277182903874234e+01,1.909349885397314261e-01,1.210381030339962116e+01,2.208135590061185027e+01,2.833065812632287006e+01,3.903446405643859407e+01,3.098685613175157005e+00,8.358396051440555752e+00,1.886949378127177113e+01,3.011157807344667248e+01,4.371045364366805330e+01,2.733439887161235315e+00,6.910431433458948725e+00,2.196423970834084116e+01,3.254957038979117101e+01,4.202677484489144888e+01,-1.303195634655801127e+00,1.167729747369520865e+01,1.798635376938681318e+01,3.328000196922690179e+01,4.431703452056088111e+01,3.773490820637167786e+00,5.812368789432897032e+00,2.188301283635400551e+01,2.999620280285557428e+01,3.765440532297350984e+01,4.354277582383062062e-01,8.778259125995660384e+00,2.087431970848690810e+01,2.997319953621286714e+01,3.361432807642385256e+01,-4.394095730208830375e+00,7.769881102747802082e+00,1.988251280130201692e+01,3.712441782655658784e+01,3.948370621587309159e+01,3.245570183046761592e+00,1.162460488484445165e+01,2.091973737637891162e+01,3.453713182230629286e+01,4.169153630989607251e+01,1.466217175802526196e+00,9.118293709995668905e+00,2.275557219854350066e+01,3.451889442787877726e+01,3.695402977634008579e+01
