-1.293549427801944240e+01,-1.059227560464394990e+01,1.309367624416471143e+00,-7.379690381721768944e+00,-1.447581254172671805e-01,7.837909226178901179e+00,1.472597680884898885e+01,2.155064608102117418e+01,5.726178572499788011e+00,3.678620167811267549e+00
5.002195438878622724e+00,-1.160946337472946510e+01,-1.401032528470370409e+01,2.493286411038875983e+01,2.149627232936699883e+00,-3.656420001060464720e-02,-9.432108138425421728e+00,8.145857068413601354e+00,-1.907632663649130222e+01,5.599451345747649356e+00
3.666744433139036641e+00,-5.712051503112212103e-01,-2.094354251142441825e+01,8.908095655230601650e+00,1.077714045162041057e+00,-6.891420920781097692e+00,1.924209693123835407e+01,1.870228430906202277e+01,-5.459468934917314442e+00,-2.558894214629885866e+00
-2.039208339011294946e+00,-1.989240801334267061e+01,-5.521376802012835761e+00,1.211512954824163302e+01,-1.457354012582675473e+01,7.175659930272226816e+00,-7.432331172430581390e+00,2.147728282588842674e+01,1.309371159671728968e+01,-2.598226305483105136e+01
-9.600703865124275538e+00,1.854056137048573305e+01,2.470581066473397591e+00,2.996433205774840403e+00,9.320805780680212038e+00,-7.865137608798951074e-01,4.397849266323791362e+00,1.618796089837683994e+01,1.624962908493577629e+01,-2.772288915898522532e+01
-1.484746393587051827e+01,1.789321846805781657e+00,2.023294843847073210e+01,-2.365876317586667055e-01,3.541786970444279703e+00,4.305409259343183415e+00,9.091647455766473485e+00,1.752685711566787674e+01,-1.164711799352651411e+01,-2.222686812657979072e+00
-9.278387556306677553e+00,-5.454065914857072706e+00,1.392231169099008348e+01,-2.004807363566868617e+00,8.069326871258624578e+00,9.425501741361436814e+00,2.196878771722751145e-01,1.711320865064065444e+01,-1.419101794604383571e+01,-4.905006774175598494e+00
-5.915108768985927412e+00,-2.204047106003823231e+01,-5.758008648631290249e+00,1.230027639818801966e+01,-8.735493991765228117e+00,4.691681510046795012e+00,-6.396361381981822802e+00,1.771428745171515473e+01,1.402117806100781294e+01,-2.347826885824771281e+01
-1.216118776361664544e+01,-1.070916888162229519e+01,7.189710666306174502e+00,-8.508772002781910260e+00,-3.816248253858918194e+00,6.660218468578463558e+00,1.410206226814603347e+01,1.930419521237900682e+01,8.746338417630974416e-01,2.071256519613962954e+00
-4.253242540427751628e+00,-2.411179856872799832e+01,-5.481843004387644491e+00,1.197931125106702588e+01,-9.660323034556407507e+00,1.968023311203494607e+00,-1.257208984543213859e+01,2.199064563987778342e+01,1.116630963403646426e+01,-2.359640068688121062e+01
-7.650401475865669099e+00,-3.889018599041460522e+00,5.032513860814377793e+00,-1.072387252326928575e+01,-6.954500927354546391e+00,8.241168746729940153e+00,9.546677875527679547e+00,1.921836761914998348e+01,6.695123529468275159e+00,1.660243227665525234e+00
4.905078518525712639e+00,-6.737820627523384287e-01,-1.926829419971324953e+01,5.612182724982433868e+00,1.718700513448921496e+00,-4.903297503426850668e+00,1.697103550434165697e+01,1.410730579522932437e+01,-3.691823734266004742e+00,-3.540165333185853136e+00
-6.087961067463075082e+00,-2.384698548256869444e+01,-3.329094358304573120e+00,-7.221577068864040605e+00,9.639156982937871376e+00,-1.504046184413127873e+00,-2.335789003540952891e+01,2.337533554500598498e+01,1.417648987078155542e+01,1.306299642999873001e+01
3.974002650619321564e+00,3.291591623569042113e+00,-1.427360760809097151e+01,-6.267886416798236660e+00,3.408735766181839821e+00,1.760225341390792408e+01,-7.387625594999570389e+00,-7.082534720010461804e+00,2.283029635091221010e+01,2.824204771397758051e+01
1.465344679069365696e+01,-3.092533729214825833e+00,-3.665808455353764650e+00,-1.507872474908048410e+01,1.105849201103371549e+01,2.404532286163609456e+01,2.005529831850769895e+01,-1.129644651865182858e+01,-8.363646381771603799e+00,1.645720192158909612e+01
3.125562693480572030e+00,-9.589261263310071115e+00,-7.779437103584575297e+00,-1.427491992254179820e+01,-5.750489806879514276e+00,1.770473970983866252e+01,-1.535875270407423798e+01,-6.584049689789722493e+00,2.205045960954517881e+01,-1.397410321280556467e+01
-1.144030342975280590e+01,-1.114902777015856650e+01,5.578004721311035752e+00,-7.940945407057874661e+00,-2.515758736211160418e+00,9.580199568501177154e+00,1.114680964888209758e+01,2.128207750910726404e+01,-1.957790194984743382e+00,1.483233219961803906e+00
-6.737252246753983265e+00,2.537342840035517355e+01,2.808314368253590043e+00,3.315515344705143086e+00,9.829041079239322798e+00,3.129298965383509046e+00,4.512481461510112091e+00,1.736361750764226031e+01,1.889033538944775614e+01,-2.897145099383124744e+01
-7.901980265761094024e+00,2.868127023962615851e+01,1.416244327353059607e+00,5.931990818160532086e+00,1.430442559467126173e+01,3.847888110785990801e-01,4.057943537202054252e+00,1.605263286714965076e+01,1.752811376164228818e+01,-2.592645244255056269e+01
-1.177474834710442408e+01,-2.160362070313183480e+01,4.583802390846194896e+00,-8.106793695958634416e+00,2.250141107192638046e+00,-2.954583547460248205e+00,-1.997433132463085315e+01,2.409869626951566346e+01,6.935744891369843401e+00,1.298415303445164071e+01
7.831282092048078347e+00,-1.096429152608659585e+01,-9.863307596301364555e+00,2.738849595486216515e+01,-1.880941133200932036e+00,9.402906331447126176e-01,-9.993433379101594127e+00,1.187838325270603512e+00,-1.763776202383566272e+01,2.890579881721106581e+00
-5.693363259510819674e+00,2.264262956828550344e+01,-1.116523325548900658e+00,1.006824367240098717e+00,1.635914546634432654e+01,4.010342908074746582e+00,2.886916075907693280e+00,1.841953004898930146e+01,2.319756397609373622e+01,-2.225166063164153485e+01
-1.208195582300449189e+01,-7.747890103956835084e+00,2.010539802959943056e+00,-7.749318188016184550e+00,-8.405329788880573361e+00,1.196930630988259558e+01,7.455216838429252313e+00,2.097723652829454366e+01,-1.324308802108683070e+00,-3.457857924273986860e+00
-1.151243849605618585e+01,-1.174535015115534042e+00,1.694757358953192039e+01,-2.400288950321122439e+00,-1.893191262292753141e+00,4.144932718308984576e+00,6.174022345180356197e+00,1.794603434161819422e+01,-1.685266874762866607e+01,-4.130207221883406277e+00
2.194456486893717972e+00,-1.217390547784473576e+01,-1.187750561646096870e+01,2.794398981491202605e+01,1.406898642581547731e+00,2.323553853258648161e+00,-6.536532487887948939e+00,1.264846405641430138e+00,-1.747815963969168251e+01,3.429251192024477923e+00
1.899776627692835618e+00,-6.349372476947562127e+00,-1.011103158331674301e+01,-1.353053872553168624e+01,-6.243352019671957187e+00,1.656767899719245207e+01,-1.413663940324690316e+01,-3.489905545023966660e+00,1.987728295971137271e+01,-2.007003989780381659e+01
2.675831208858275634e+00,8.327951817173000482e-01,-2.035714272335119546e+01,8.397513555642314387e+00,-2.178016452880257248e+00,-6.087742185822481389e+00,2.296730690796070462e+01,2.038291829188936788e+01,-2.927890231292185064e+00,-3.977278632033839578e+00
4.487809610942370964e-01,4.326025820563765834e-01,-2.186700220542520867e+01,1.015686689526182285e+01,-4.471732264619808994e+00,-7.904973125478311324e+00,1.552634819598360671e+01,1.270533634285057012e+01,-2.280677428773603133e+00,-7.724991069446422998e+00
4.645485674381227170e+00,1.470473963172495147e+01,-1.732641656971958710e+00,-1.378662612972137325e+01,5.011931321833150044e+00,-1.008146565294171459e+01,3.980517636708707840e+00,-8.291602975843572310e+00,-1.416101108565788813e+01,9.268537498766940885e+00
1.885883632752097583e+01,-4.368008105209949754e+00,-1.320362618716905523e+00,2.365982910249335092e+01,-4.592570945196026599e+00,3.006550627706245749e+01,2.772836148940177736e+01,7.663655918012277635e-01,-1.777333802742917079e+00,-3.772822046222326087e+00
-1.314081706538710925e+01,9.407851137762150984e-01,1.583565867060996801e+01,1.845644774846878278e+00,5.770314127940822324e+00,8.047481116871445295e+00,6.135287671872930559e+00,2.107093646711001256e+01,-1.815874793238880969e+01,-1.759509653078886071e+00
2.087116826996824326e+00,-6.206221782346066362e+00,-1.211302628229505096e+01,-1.268844524888346115e+01,-1.643135763748810874e+00,2.005138304009347294e+01,-1.318980542917229926e+01,-6.334354764164623397e+00,2.071671001977400906e+01,-1.827468542116950445e+01
-1.145995753749628321e+01,-2.794012748516387923e-01,1.647355160978976585e+01,-1.567476395998837368e+00,6.703052589977835041e+00,2.257270901732816526e+00,5.228572152117337168e+00,2.123510449727871219e+01,-1.612724857202987039e+01,-1.517032048988203874e-02
1.657408907055464198e+01,-2.488274573140802914e-02,-1.915398051580060601e+00,2.514171542082392463e+01,-3.403003001875852362e+00,3.313808093605554461e+01,2.140799136042457818e+01,1.260821692675852645e+00,-2.194642886872081089e+00,-4.155443994044450307e+00
-7.602809786326660380e+00,2.330099386315416865e+01,2.217371168519566282e+00,2.318467290889126176e+00,1.159525278960549066e+01,2.770301812737289815e+00,8.880002185834477979e-01,1.633537995404145704e+01,1.829512234247454927e+01,-2.746745868969338389e+01
-9.169748070054883016e+00,-7.434886177816170338e+00,-3.465508456145134919e-01,-9.139024661803071936e+00,-9.431668459729207754e+00,9.751149735305077115e+00,1.248228194531728263e+01,2.065123781269995362e+01,4.487826647426821580e+00,1.392902248476635574e+00
-8.074603910976717813e+00,-2.156096329453654192e+01,-7.166926895537693021e+00,1.308018233583728396e+01,-1.360323907649453368e+01,3.889078735107113438e+00,-6.774919270899683710e+00,1.695157921636037557e+01,1.567910518924623986e+01,-2.638542496035573492e+01
2.009680860060366214e+01,-2.779267050721438093e+00,-1.258033544015152660e+00,2.462510132302024246e+01,2.862244098443750939e+00,3.256193394870153668e+01,1.958068191418967530e+01,4.083216180244076732e+00,7.977957486830888900e-03,-5.243954561902823386e+00
-7.330654952297674498e+00,-6.634145301599216893e+00,4.618988483843537551e+00,-1.055813411861699613e+01,-5.665659777374352224e+00,8.743179231595306078e+00,1.134573472363284097e+01,1.804777464150930300e+01,5.249157032479922158e+00,1.998669926180546730e+00
-4.811443507897597005e-01,-2.239890188432457663e+01,2.031013338148648373e+00,1.309716080168864138e+01,-1.288400614293805546e+01,4.545507233910111466e+00,-1.166460356042888336e+01,2.083306673714014678e+01,1.517831704670165749e+01,-1.679725968625829680e+01
-1.133329926711559921e+01,2.071113352869051738e+01,6.150227648052863927e-01,7.921773462650682163e+00,1.028112134249549570e+01,2.699206601715093079e+00,2.108325359156141943e+00,1.722335103871516182e+01,1.650789995013470701e+01,-2.375770066377503298e+01
1.015186431085479402e-01,3.554480761041150849e+00,-2.156635024463684047e+01,3.365170183083074917e+00,-6.613661644167247999e-01,-9.842530294527197299e+00,2.026767918255267986e+01,1.673070073279496128e+01,-2.141601079039737510e+00,-4.467883089290990206e+00
1.448307378094246367e+01,1.573213234476736444e+00,-6.445947568083073342e+00,-1.373304009166325912e+01,1.892399055884464687e+01,2.145901933870327483e+01,2.237908685165764666e+01,-1.044320511318781008e+01,-4.097496998258097989e+00,1.479510338386970325e+01
-3.474209294041983753e+00,-2.012292686382383167e+01,-5.300969985785156879e+00,1.002240692458064864e+01,-1.326386685371156915e+01,2.708301078195848088e+00,-6.678640281122616429e+00,2.393751401472111340e+01,1.441505885550715504e+01,-2.366808707225776942e+01
3.796472670211422873e+00,-1.158186611399468191e+01,-1.111691347192210699e+01,2.433914942442237361e+01,-1.376303933331957552e+00,-2.040937951190119559e+00,-5.220834647698957554e+00,1.816310576834088586e+00,-1.341714617992855274e+01,3.952786139032840040e+00
3.266183525341864069e+00,-7.493661046357235733e+00,-1.194512320163607910e+01,-1.409524466774394824e+01,-9.153411182910229371e+00,2.450372648762542127e+01,-1.323710877749092596e+01,-4.771213467415981846e+00,2.198199300609897477e+01,-1.679634148251874493e+01
-1.047478525241732861e+01,1.875244378758741348e+01,1.691632876044184108e+00,8.182366774701625545e+00,1.164590534386229947e+01,2.848354525563594031e+00,2.547768602335473087e+00,1.786446774738001508e+01,1.607911843536846419e+01,-2.434674622037231373e+01
1.794591154638436592e+01,-3.407321936827671927e+00,4.064183606253996217e+00,2.534243911415227402e+01,6.075978061948176467e+00,3.133182342082056238e+01,2.537270447433089871e+01,5.232062769069769637e+00,3.303277504741746640e+00,4.802263592368569700e-01
1.557687051340975337e+01,-9.400437743917360311e-01,-8.001261106567101322e+00,-1.028737996549699574e+01,1.796883865868834462e+01,1.856300224753977091e+01,2.292083846352552001e+01,-1.674099070973910486e+01,-7.150760994776153012e+00,1.710046506039454428e+01
2.600699766192332341e+00,-6.168276113195443333e-01,-2.362124969603529578e+01,3.218803845098550553e+00,-2.824624092770994910e+00,-8.202951731810541602e+00,2.023679706274311130e+01,1.359689686504716732e+01,-1.431073717765855458e+00,-2.605012465548722567e+00
-1.037332140519320234e+01,-1.102193649008756360e+01,8.208207851709649061e-01,-6.473924343590153896e+00,-5.047280107570608187e+00,6.560326485609512481e+00,1.755199522950723079e+01,1.832208779746432725e+01,1.714271298048530401e+00,8.484259090048469787e+00
-1.823098690005419131e+00,-4.989476170951844480e+00,-1.385270090198383031e+01,-1.493476405474924285e+01,-1.177725215315921581e+01,1.834855780679450632e+01,-1.500660710365399808e+01,-4.848065845700105569e+00,2.280337109911300786e+01,-1.703520515754041398e+01
-5.492046664974807868e+00,-2.043514240955008887e+01,-9.401853718972010832e-01,-1.093354822677384419e+01,3.048623511983529877e+00,-2.472661789611898975e+00,-1.965600440399907711e+01,2.101707969143147636e+01,1.192193959047565954e+01,1.126655316164187148e+01
-1.896026703735593566e+00,-7.540039557768039025e+00,4.668365257153991976e+00,-1.100366568047133420e+01,-8.952139473203089892e+00,7.016342710915487224e+00,1.105042859619705098e+01,1.941204684393376567e+01,3.803210386618554484e+00,5.334629985797127105e+00
1.499507418518811264e+01,-3.723710281138804312e+00,-1.971015187971780991e+00,1.920413291978528747e+01,-3.528398537827819759e+00,3.220936715274278583e+01,1.823327153011648960e+01,2.668639461957775794e+00,1.797187792972849474e+00,-6.768582639889366703e+00
-1.579299405871390860e+01,-9.176147783691433801e+00,4.448791108269603889e+00,-1.288424632867820030e+01,-2.805949452204342887e+00,1.209341537677044442e+01,9.684648132899251749e+00,2.048244922265244483e+01,2.124963173974042441e+00,-2.032768863851878827e+00
7.855658298565906250e+00,1.216238890226969005e+01,6.982457079845048931e+00,-1.410910422994953528e+01,1.339451853410639659e+00,-1.834790612946284227e+01,3.196099555886436683e+00,-9.823079242324999072e+00,-1.496944957847144231e+01,1.031184909082960921e+01
1.898598079776940040e+01,1.282690712150158951e+00,-9.487077828106855293e+00,-9.188995286736744816e+00,1.894190859480191946e+01,1.846733044423767112e+01,2.310479029103740345e+01,-1.842087038139184685e+01,-5.183574915926461912e+00,1.731633718882254058e+01
-8.919074887735572332e+00,-1.027733006976132479e+01,5.588041921844718374e+00,-8.436588752848736661e+00,-2.083791796929383988e+00,1.004550983211253445e+01,1.371237647472729471e+01,1.816298045185075338e+01,-3.682610058110986628e-01,4.359002511761522314e+00
-3.848466416524363609e+00,-2.070589709419066793e+01,-2.880030119489705331e+00,1.358075874993968668e+01,-1.238804955428512145e+01,1.277379727553274114e+00,-1.335338496020462173e+01,1.963205451393540812e+01,1.407712213540713719e+01,-2.532313068877435569e+01
4.581399738000635935e+00,-1.545574323525279503e+01,-1.469538704387975514e+01,2.609983644241398792e+01,-9.801158182462254009e-01,-2.745948804772491147e+00,-6.993144392389511133e+00,1.020304659052605034e+00,-1.658418160857219092e+01,2.631602813053941947e+00
-1.117865976999420319e+01,-3.481013591871460200e+00,4.511456911867287367e+00,-9.284736701164442607e+00,-8.254689656544698551e+00,8.068407896296386994e+00,1.355324927767579801e+01,2.196547982453117243e+01,2.962882186066466694e+00,5.456046422675763452e+00
1.204244948580097008e+00,3.433606663331845610e+00,-1.767163935142146158e+01,-6.368570305314532831e+00,4.645786150659955815e+00,1.624547096044017991e+01,-7.453078629984406511e+00,-6.786989029198835510e+00,2.005670563959852259e+01,2.389111420019610676e+01
6.102062687715508638e+00,-1.581276893635424940e+01,-9.601321295426087588e+00,2.564603202320545350e+01,1.366377328478111108e+00,6.676913868387762463e+00,-8.552252619095494168e+00,6.399879057889767964e+00,-1.718071671330596217e+01,4.994287844373623386e+00
-1.403285359731373916e+00,-1.321184653569382972e+00,-1.608991136838038827e+01,7.722388898881674457e+00,-2.716937529894096315e+00,-2.662450848747865084e+00,2.099290919451436110e+01,1.967379164940740566e+01,-2.336173591104531155e-01,-3.280422157328326538e+00
-8.384788664977035566e+00,1.413399268002911047e+00,1.266052452304766440e+01,2.976621933237380002e+00,6.905878190345708489e+00,4.689246460244750558e+00,4.848428173889130832e+00,2.287688541255713659e+01,-1.701286464853738778e+01,8.925172453708951625e-01
-1.427966102616688104e+01,-8.516831270518016694e+00,2.195307950772177108e+00,-6.398757997153096788e+00,-8.422116064258586832e-01,6.806398260887754681e+00,7.915109794102752616e+00,2.275076231027419382e+01,3.780249471542358464e+00,1.682692265327957459e+00
4.309779068141027736e+00,3.016060735259188608e+00,-2.450190490296834778e+00,9.465860585803442362e+00,2.148020774210613837e+01,-9.685209075720861094e+00,-1.485028598509654252e+01,-2.519144524854622347e+01,1.312477166592373301e+01,-1.045189974808829447e+01
8.285857705538880458e-01,-6.305828732317285912e+00,-1.038703000794845543e+01,-1.933975107083702483e+01,-6.494270413234715988e+00,1.878936854221183239e+01,-9.852280733212150921e+00,-3.051158173836473253e+00,2.110241030706806242e+01,-1.787090901110097008e+01
7.346808080124211493e+00,-1.149189268649999995e+01,-1.020487608043284311e+01,2.736480675587164413e+01,-5.206710980243903109e+00,-9.636501683748703861e-01,-1.041765712616138551e+01,1.506314268814574753e-01,-1.043839666130476829e+01,-3.964765679435835466e-01
1.156562944834955253e+00,2.137518891488668249e+00,-1.022852382380525071e+01,-1.912781606262398526e+01,-8.639600075829143577e+00,1.549053013331800166e+01,-1.890953302457356955e+01,-4.127782177264854191e+00,2.362357722828636142e+01,-2.142224592516002701e+01
1.454685765358623861e+01,-2.090132128512681042e+00,3.937702784307250958e-02,2.679867702660687456e+01,-4.423978506297646440e+00,3.471932449667242082e+01,2.079535443466506450e+01,-1.841621101714263631e-03,1.515976695190846879e+00,-2.480981634358317756e+00
6.229671700647982036e+00,4.948619363189212805e+00,-2.403128642170491247e+01,6.692602724815576387e+00,-2.976811159933100193e+00,-1.013002325894315980e+01,2.000087739489972094e+01,1.652923719222753363e+01,-3.992526327509677397e+00,-7.906796348437942212e-01
1.260879539504367708e+00,2.534351557734465743e+00,-2.420442394441253597e+01,7.466839888191159957e+00,-5.674805378760408026e-01,-5.144620286401286435e+00,2.005845221620505470e+01,1.144273389069940450e+01,3.803452261888083941e-01,-4.504390502860927903e+00
1.011164017281527094e+01,1.603187242415844338e+01,3.208595990627284511e+00,-1.389301102629710805e+01,3.767711145744752077e+00,-1.247752604665380716e+01,3.043702300539674610e-02,-1.423253676419011882e+01,-1.789481764674724928e+01,9.299257461069997177e+00
9.141319766661178292e+00,1.328280747500296144e+01,1.554286421969157672e+00,-1.235652793552081796e+01,2.756119192562056064e+00,-1.190917910880699004e+01,5.263563789938741522e+00,-1.096901321844346100e+01,-1.324777033332736664e+01,8.293417246886100713e+00
-2.976931359154218804e+00,-1.161959639699508351e+01,-1.142680291016942817e+01,-1.708830462391133764e+01,-2.622902015629997141e+00,1.826244096873305622e+01,-1.486729138140502471e+01,-6.094291646297548048e+00,2.268419414832048275e+01,-1.207561426284507178e+01
4.154747286554419716e+00,-1.378989548514630137e+01,-7.196980133166118065e+00,2.628767199972378066e+01,3.435626187687377708e+00,-2.918508903425133916e+00,-6.826641039988581738e+00,5.447963565720525203e+00,-1.532159037490957587e+01,1.464933340054821453e+00
7.447193436492853813e-01,-2.457261768205290409e+00,-6.159723740457501151e+00,-1.864238468103527779e+01,-9.562875585284192681e+00,1.555991938418616627e+01,-1.038982653603501305e+01,-6.104640789310258775e+00,2.243343321991967798e+01,-1.581672021543358397e+01
-8.465961926637945112e+00,-7.290378900596771850e+00,2.755379764712497348e+00,-3.634144716690832944e+00,-3.220375729717621649e+00,7.737696371388610217e+00,8.491596134641392624e+00,1.963203470708162257e+01,3.501058893177086961e+00,6.209578416988927874e-01
2.025907989645423868e+01,2.853040337632200885e+00,-5.116873999692528763e+00,-1.045738850404837983e+01,1.928588857136141144e+01,1.896395366836575391e+01,2.257724234160130550e+01,-1.468894172556738908e+01,-9.697674005168625655e+00,1.736856875396919264e+01
-6.517507044884328415e+00,1.770761616843016029e+01,-5.986405446211715553e-01,1.458184131332423528e+00,1.572709500024192408e+01,1.137306227351185806e+00,2.504810701029613895e+00,2.094214787451692317e+01,1.879707433265513217e+01,-2.546613145350286800e+01
-5.513882030334829487e+00,-5.118217126371208181e+00,6.697320442296402554e+00,-1.179526966862491832e+01,-3.801881136943066064e+00,1.086992730443473576e+01,1.145308115664405690e+01,2.062972067149655686e+01,6.298570042809310543e+00,1.080045323671801061e+00
2.345635675118042940e+00,1.768124200902892351e+00,-2.088043803148341837e+01,6.715025937823266844e+00,-6.190964749465225125e+00,-4.826074254323499346e+00,1.762486991283491022e+01,1.861489242392498156e+01,-1.559093687582138621e+00,-5.577395395035659398e+00
3.563006284170474824e+00,1.337989798949331899e+01,-3.761613621762312398e+00,-1.200818651395336367e+01,5.857085796200229844e+00,-1.273253009206931630e+01,4.315876023088851987e+00,-1.297704050072174553e+01,-1.056325663736813958e+01,9.579592162877718309e+00
1.551095020067051422e+01,-5.035658002258324828e+00,-8.678466882896074264e-01,2.389791014511025580e+01,-3.554657664986301313e+00,3.135373113148271429e+01,1.863022965280821808e+01,2.013453527632023121e+00,-2.606586025631481007e-01,-1.518997805833228298e+00
3.279871748111375052e+00,-7.304004394742594775e-01,-2.031005395306286587e+01,6.956256123724338991e+00,-2.812158893022026263e+00,-1.098413089189228309e+01,2.017096533306905570e+01,2.048300166501677566e+01,-2.294499429693335646e+00,-1.757285873309471835e+00
2.370183666122238630e-01,-1.020098106587299291e+01,-1.113611381981702131e+01,-1.928971982322157430e+01,-4.039511558079452946e+00,1.963450810385347722e+01,-1.211101291817670145e+01,-1.008500054561589465e+01,2.013574739530786317e+01,-1.869387218042575327e+01
-7.049251166767141363e+00,-2.957601968706425666e+00,1.273253370191271827e+01,2.305504689014743036e+00,5.478873031309890784e+00,7.449028907534199995e+00,7.060293088907238612e+00,1.365713983693398248e+01,-1.179973955922319817e+01,-1.095141490631084569e+00
-1.115826264296024917e+01,-1.668009768760948308e+00,1.583039083555841309e+01,-4.103501012772174938e+00,-1.163056801000603269e+00,-1.849956432254716843e+00,6.308743659832072304e+00,1.489067717702858928e+01,-1.504788910433088667e+01,5.651119807508212523e-01
1.724711728273629729e+00,-9.291268604885258853e+00,-7.629401314091984077e+00,-1.755805357939695810e+01,-6.517077277614815145e+00,1.987664192094652549e+01,-1.388826896364750674e+01,-5.474015111388325749e+00,2.221164047511306094e+01,-1.447049641348556825e+01
4.613460773702191986e+00,4.504982003763084109e+00,-1.261549561019559285e-01,1.375965791595247012e+01,1.864250939094768356e+01,-1.143737453642177471e+01,-1.997267236757669551e+01,-2.916379451145138191e+01,1.144242680778488719e+01,-7.766125854315723664e+00
1.478171915290806027e+01,-2.005871939514095370e+00,-7.887041628379174441e+00,-1.448742421462865515e+01,1.343652373333211969e+01,1.811257579884019719e+01,2.085310981486122017e+01,-6.942510987475427164e+00,-3.708951016618381669e+00,1.634053308250795666e+01
-7.482990345895141004e+00,1.751689233352915664e+01,-1.136700385179605227e-01,1.308292936315869071e-02,1.550728586577162105e+01,3.824775982986794443e-02,2.365655845697267612e+00,1.530635870130563347e+01,1.930722857002910331e+01,-2.007218679993946253e+01
-3.913735148457878843e+00,-2.088947111335723150e+01,1.562204769266759552e-01,-6.116716786375415715e+00,1.832210772661888809e+00,-8.061517120289829474e-01,-2.404051694849795240e+01,2.160039853195774739e+01,1.094353628598597084e+01,1.390670045839347324e+01
-1.514617427342977507e+01,6.815258358562202190e+00,1.438936177956943752e+01,-3.925022193791702030e+00,5.696019468873540603e+00,7.222831145116304086e+00,3.358561977651770558e-01,2.234571234119978200e+01,-1.297975371198416994e+01,-5.908897148998284443e-01
-1.073825122778665264e+00,-2.151524940887856019e+01,-3.311828997400219521e+00,1.531077823099526114e+01,-9.845116554622146410e+00,6.188507684941533249e+00,-7.403110233329200263e+00,2.133348670270558145e+01,1.222139424622941739e+01,-2.710446098785874014e+01
7.679431964073100580e+00,3.169141569702148331e+00,-6.281639650287544896e-01,9.765542993535953897e+00,2.167486660992425840e+01,-1.044209810116884718e+01,-1.571294441244744711e+01,-2.537109605729025930e+01,1.222064330125348519e+01,-6.738957437931483163e+00
4.223780610520067924e+00,2.902866498911896187e+00,-2.086301208387196127e+01,3.465622293355864691e+00,-1.932563189513103019e+00,-9.444362335602679792e+00,1.817694973693341964e+01,9.813975096198381820e+00,-1.144107571882778673e+00,-8.921639555647908892e+00
-1.230016583528028384e+01,-1.543496762577863279e+00,1.212237698671765429e+01,1.231706018787063650e+00,-1.877949794204810008e+00,6.225086633162125516e+00,3.670272699807826555e+00,2.086229004636012974e+01,-1.579387214688618535e+01,6.376901896576829820e-01
-4.982255450046147338e+00,-2.106815856930296249e+01,-5.792495998095809284e+00,1.443546320016914741e+01,-9.100952036438727077e+00,1.921470360397466770e+00,-6.481751947796618119e+00,2.020537277165667689e+01,1.209518603052078589e+01,-1.973294155116055748e+01
-9.504880920004016076e+00,-1.559320236730880271e+00,4.293101837139043475e+00,-1.040236953705879763e+01,-3.992515255536202012e+00,6.764411496090128040e+00,9.501044474797643247e+00,1.846858953661332237e+01,2.755023204851447804e+00,1.200656566877007059e+00
-1.268878796108520213e+01,-1.111319729667694212e+00,1.893443912152219255e+01,-4.626739208977440398e+00,4.350830075386268980e+00,4.624166250939145684e+00,3.728102570922341208e+00,2.028381945770658845e+01,-1.755418796853082597e+01,-2.392459645596682449e+00
1.978665727388899498e+01,-5.431620021138568788e+00,3.147913406524375235e-01,2.587831466271567038e+01,2.969425374671419426e-02,3.220712845802447788e+01,1.987625381825791138e+01,3.190604332157676915e+00,-1.125743477941171911e+00,1.729439365144531449e+00
-1.180423173572753903e+01,1.830338179303879542e+01,1.154435011291824464e+00,2.717750473818462797e+00,1.467198342346956963e+01,2.183240144021267426e+00,-1.441434141370909749e+00,1.497240783741885828e+01,1.932330336443053653e+01,-2.551909686531611499e+01
-8.995270018949979018e+00,-6.383290184054378535e+00,1.042520541108791665e+00,-9.627522730422960251e+00,2.118076829698710473e+00,6.158238717799641826e+00,1.331039667541171312e+01,2.432289793846211978e+01,1.116591756007079272e+00,7.451498210193807203e+00
-7.613767373660181192e+00,-8.553018016610812069e+00,3.204375270687630728e+00,-8.190562578171677544e+00,-6.448807408662690754e+00,5.511719820184123542e+00,8.913837499170551126e+00,1.749259375743848466e+01,4.214403359387834058e+00,3.183684429939987126e+00
-7.260919316621877506e+00,2.210829763326328745e+01,-1.744866411047051313e+00,8.154781147643284100e-01,1.553895836732076319e+01,4.762303437553614849e+00,5.416441098635330853e+00,1.932326773325254976e+01,1.748749510568899979e+01,-2.346453533663364155e+01
-5.384752097100707680e+00,-2.926755137674822649e+01,-7.115566297776937610e+00,1.602662378119676490e+01,-1.977927133250938141e+01,2.612988206223918475e+00,-1.025116069414168862e+01,1.863741937444808983e+01,1.198955773616052412e+01,-2.346599934963715128e+01
-7.463626402247498959e+00,-2.115974121327690582e+01,-7.210133496503146056e+00,1.276485938303527590e+01,-1.089847793230479134e+01,3.012284067602880810e+00,-1.371480719491969325e+01,2.216413298054164471e+01,1.001676829537919744e+01,-2.335766060002546851e+01
5.011375397442686008e+00,4.901758019869077998e+00,-3.442827901154212888e+00,1.199083241896357066e+01,2.031332918177228564e+01,-8.465499693298559336e+00,-2.303187316529433204e+01,-2.082287575700973647e+01,1.076858100139687657e+01,-8.478220446393088139e+00
6.907798867288976741e-01,-8.089433231975707628e+00,-1.138109859768715282e+01,-1.369660008038154864e+01,-6.058728070159297374e+00,1.884892606164778783e+01,-1.459681695732596651e+01,-7.588710478560201089e+00,2.208627158714110905e+01,-1.734309163510928542e+01
-9.237082997369670423e+00,-7.084800279268595347e+00,4.528034630702181040e+00,-1.028081094776833559e+01,-5.205174445136587558e+00,8.285227482865661131e+00,1.078762761949500870e+01,1.597080518444543173e+01,5.074780639394126602e+00,-9.238601618909563218e-01
-8.648095767636409192e+00,-2.857294927577917143e+00,1.467994449504378807e+01,-9.230542796594525257e-01,3.280540433105615161e+00,4.843987993241693601e+00,2.307019375671449879e+00,1.966666935868675736e+01,-1.544363384145547435e+01,-1.710396292741973578e-01
4.920876929792370014e+00,1.974646003266612437e-01,-1.649506133639124883e+01,1.835293435053064082e+00,4.291759020472241115e-01,-7.067971886389939229e+00,1.971775584231693301e+01,1.789112085103871053e+01,-2.715602004674934733e+00,-3.969466652688497632e+00
-8.134729815127743180e+00,2.685495002198023062e+00,1.893269695101247407e+01,1.018630512765063667e+00,1.148435830097616517e+01,5.717730671262312825e+00,6.960363838229788769e+00,2.287710359382107228e+01,-1.116013553493394639e+01,4.459203387164787369e-01
-1.024881862913734842e+01,-2.567340820453688366e+01,2.992308212107549270e+00,-7.518895664807640600e+00,9.747637385804056587e-01,5.182742780857495291e+00,-2.018460355407116680e+01,2.409904260777937068e+01,1.368508487242956484e+01,1.697770468456550930e+01
4.867251357193754124e+00,-2.845705722293372930e-01,-2.117805698027857275e+01,2.841636346270227875e+00,-2.112636558699516165e+00,-8.809566042141023345e+00,1.865836041316573457e+01,1.352378830269577215e+01,5.170622751718378929e-02,-2.398606473276338136e+00
-2.604249926710245244e+00,-1.822304569967901600e+01,-2.012753832440596913e+00,1.314051485575939537e+01,-1.451548112820474756e+01,2.917049627275899226e+00,-9.059214172006745613e+00,2.310561293507603153e+01,1.600378090474071868e+01,-2.467926540163268712e+01
3.456063433244040084e+00,-9.102976893309310924e+00,-1.006117592983332365e+01,2.621365283531181234e+01,3.248644583131990449e-01,5.713455881096485278e-02,-6.478722704784493303e+00,3.007620391520533953e+00,-9.358245602057086998e+00,2.348276286182289230e-01
8.521935247456415397e+00,2.507093202179387692e+00,-5.349833458024195743e-01,9.997733433085739918e+00,2.523900204217406795e+01,-7.297472519217796716e+00,-1.484584299124144025e+01,-2.375872751416110873e+01,1.443761466684535755e+01,-5.831237833920480895e+00
-7.944016952030626300e+00,-7.357820938806486133e+00,6.163145286862045324e+00,-1.649573945998371372e+01,-4.434272118536230600e+00,7.312531197274015682e+00,1.486986224612703111e+01,1.659420240409278691e+01,3.950105744516973161e+00,2.155883621213482204e+00
-8.811546352319384212e+00,-1.112869013439866706e+01,6.053488479540375167e+00,-1.605064951976025611e+01,-2.384599526322764174e+00,1.033753637238514855e+01,1.083809607921091533e+01,1.864547580797267301e+01,1.641817757596076399e+00,3.829148607097017543e+00
-1.485909031003104275e+01,-9.829354975544232431e+00,4.130403875332678609e+00,-1.002701991580243401e+01,-4.000874872978109842e+00,7.257126844778969854e+00,1.486688896760018075e+01,1.916428992092713557e+01,-1.645744778794092644e-01,2.175195144827206661e+00
-1.560849078414531910e+00,-2.614639542243092407e+01,-2.872088048116849812e+00,1.714284092761982237e+01,-1.511733438676335162e+01,2.435595141004065933e+00,-8.428789931915535050e+00,1.811787927015030419e+01,1.213814812235352392e+01,-2.070761955551150635e+01
1.586226022223486076e+01,-7.640226445855171633e+00,3.166719811329242962e+00,2.289730521638748328e+01,-1.161980506413200942e+00,3.361635817703542983e+01,2.186121835085843657e+01,-4.993854584142217057e+00,-1.368934617239859208e-01,-5.816229504590924027e-01
1.704778584536762409e+01,-7.164671049866608854e+00,3.770048388387350902e-01,2.506164193179002453e+01,-2.855453840206494398e+00,2.763002700177116822e+01,1.764911198169890483e+01,1.837126501565903514e+00,-2.099181584742241924e+00,-4.619175627692884589e+00
7.650325102570006308e+00,-5.333959411426429043e+00,-6.391568507180785730e+00,-1.234559974813348582e+01,-6.764654382764714313e+00,1.822018083759848395e+01,-9.722171974841300468e+00,-6.401640991622811860e+00,1.862537125619568457e+01,-1.079289828095963344e+01
1.732932295286659397e+01,-6.071702049850367544e+00,3.177465491939349462e+00,2.312304534562828096e+01,-2.049025226016600865e+00,3.634171258533684323e+01,1.722894286652232054e+01,2.769186635163332078e+00,2.324044855017579625e+00,-4.765354622890551006e+00
-1.059695633152130867e+01,8.471712555970983827e-01,1.930859857833848992e+01,-9.556315484076298716e-01,2.278713829465104368e+00,8.652910199117570755e+00,1.056431527631941947e+01,1.775698133371479770e+01,-1.092980275525546929e+01,9.997226548038344873e-01
-1.052453639191851309e+01,-7.879530411996577222e+00,4.348481951340638751e+00,-1.033588041227446652e+01,-6.391626141019887797e+00,4.247899182155615350e+00,1.330491903615741123e+01,1.959464223183194775e+01,-1.160214662627760962e-01,1.294904667421094890e+00
-8.704201357917444426e+00,-8.105387637092619002e+00,4.912452969257611102e+00,-9.975346908947756219e+00,-4.592044658943542856e+00,9.913171563750031723e+00,8.378863287246309355e+00,1.959126831999346408e+01,6.010702820371624178e+00,-2.133239287632499259e+00
-1.488492954349373854e+01,-5.045988454457363659e+00,1.707631508491494898e+01,3.043308930261341416e+00,5.856339294066269296e+00,9.353582850080499611e+00,3.626175552586204276e+00,2.246819718795319432e+01,-1.716844893126429739e+01,-8.189723227787440996e-01
1.599139309164475664e+00,-7.762998915833509983e+00,-9.934380225786552998e+00,-1.626813281901677044e+01,-8.373825369673326691e+00,1.920887367505698151e+01,-1.576643890268299941e+01,-4.415989623945106857e+00,2.482092683169303982e+01,-1.603327348865551016e+01
-4.192629475091702584e-01,-2.049884908449894461e+00,-1.953513735481865510e+01,8.676204736002212314e+00,1.084921338614978747e+00,-2.821740731566450222e+00,2.179256970386641967e+01,1.337929042834592330e+01,-4.419740614790470534e-01,-2.455164156541339793e+00
6.583009027898862442e+00,-1.177837604625700862e+01,-1.739693375264752362e+01,1.808815322514325175e+01,-9.010108064508182135e-01,-4.432905867351751183e+00,-9.504011466745541981e+00,3.554909220606129683e+00,-1.637575823182882573e+01,6.378382343117914743e+00
5.624423526402723361e+00,5.813967151997678773e-01,-1.843903604619845993e+01,3.031509823607084986e+00,-4.090950805979774785e+00,-7.726560456468181570e+00,2.268339558797551447e+01,1.765850129556402948e+01,-2.634028370679379005e+00,-4.185884477006478477e+00
-8.557407900546920132e+00,2.020934212678806929e+01,2.782031148786177521e+00,2.250908951179483530e+00,1.580471187681291489e+01,4.849914585562721925e+00,-3.941445311083664027e+00,1.825483224871507204e+01,1.888298375048331934e+01,-1.828371435703374459e+01
3.134514741271876126e+00,-3.890711394407953438e+00,-1.209190793206343884e+01,-1.709002659763870824e+01,-1.186297785562848439e+01,1.977082791066382939e+01,-1.786522288938723690e+01,-3.284855343593455324e+00,2.078753385815706878e+01,-1.324190083717497579e+01
-5.258647038379450578e+00,-8.929360026304314246e+00,3.442861193135682729e+00,-8.373027820522098708e+00,-3.535886158407024915e+00,8.497507755769223792e+00,8.917052586723553276e+00,1.886344207490315128e+01,6.345959824274045147e+00,1.116110571391594197e-01
9.080191299777121472e+00,1.293047979089135247e+01,5.343417138526247001e+00,-2.054526589766800981e+01,1.933472472973382317e+00,-1.476337344383389194e+01,1.023110933666928624e+00,-1.071598753815311511e+01,-1.853923842156685353e+01,9.260420010235437260e+00
5.798419222116908855e+00,3.815890277841970768e+00,-1.323964252787088824e+01,-9.497346460342374286e+00,7.468730987123780807e+00,1.881439045678159161e+01,-5.254742654511471933e+00,-7.403338131026115043e+00,2.117990335585567863e+01,2.269558198153378825e+01
-9.882447621675570559e+00,-6.730481824854734008e+00,6.757330566791515558e+00,-1.367929696607333234e+01,-8.417671325304933561e+00,7.531299556714408538e+00,7.229962858583176555e+00,1.911968857793284826e+01,6.413669096632069078e+00,1.038940301819045731e+00
4.064783063252012774e+00,-7.480335464814849900e+00,-9.959782813495611009e+00,-1.220515429492714077e+01,-1.065384459530347527e+01,1.376019849040524257e+01,-1.374531547054213476e+01,-7.081145961771867725e+00,2.127860951828909819e+01,-1.478319227599458507e+01
4.803154063006523700e+00,-8.510895579762244978e+00,-7.884274000041902042e+00,-1.253006746241312008e+01,-9.154889486680408694e+00,1.495629448564492137e+01,-1.623660593750228998e+01,-5.241474269348332271e+00,2.117931613988491435e+01,-1.398195170332495607e+01
3.866231527302871118e+00,2.295002367985324199e+00,-1.577101325033612689e+01,-6.055902475791459239e+00,8.392079156306722965e+00,1.954103435874719707e+01,-7.557803230958159091e+00,-5.699458407970256602e+00,1.965512231672275689e+01,2.322916731695770665e+01
6.954900230013645768e+00,6.814414138376085894e+00,-2.788427975971615957e+00,9.776684826893857760e+00,2.771832335600569408e+01,-7.433637483023877834e+00,-1.390922435841317117e+01,-1.898187155538716908e+01,1.780576650510151993e+01,-8.050198389462371651e+00
-7.101146159856433826e+00,-7.855641923694660633e+00,9.541001635574244411e-01,-1.053149102320613473e+01,-8.279957255010913286e+00,7.186737247930790495e+00,1.216175665400147210e+01,1.964996550468876890e+01,-2.393554065103597139e+00,7.130546378867537172e+00
2.210305341876189544e+00,-1.483578377113419400e+01,-1.628817978486064888e+01,2.514480437131073032e+01,2.828848997723894865e+00,1.274335396082972860e+00,-8.832874904555261253e+00,4.981159507958760280e+00,-1.566509203746693579e+01,5.137307907325335599e+00
6.308906772824809828e+00,-9.313530262491388712e+00,-1.156804105339679190e+01,2.223748382205524976e+01,5.395732743542485110e-01,-5.710145147658758358e-01,-9.989073448543381417e+00,3.669034407289517574e+00,-9.301318355499638812e+00,3.387749544910908295e+00
-1.062729255680224405e+01,-2.540346364860301520e+01,-5.988084293513667333e+00,1.158039788459787189e+01,-1.193850129968537566e+01,-2.304695117584469877e+00,-9.421530667558119632e+00,1.974920325698834489e+01,1.534936060551040704e+01,-2.275800212314666382e+01
-1.376574110693313813e+01,1.676719369296220208e+01,-2.317865959400200460e-03,3.594247326877772597e+00,1.930893566782266291e+01,4.201361291478793447e+00,7.199993709335518188e-01,1.962396860445939240e+01,1.717959590687155469e+01,-2.741403374041700403e+01
2.267437790853368718e+00,4.149600445832626328e+00,-1.671902294332188532e+01,-5.308361314822125365e+00,6.332071360974717678e+00,1.760111112972688474e+01,-7.342063206151493659e+00,-8.357406108081015361e+00,1.827029090819444690e+01,2.625514257946042918e+01
1.837406267265288218e+00,-1.059788364816843931e+01,-1.270364736721399801e+01,-1.817510461675699318e+01,-9.711554464255153007e+00,1.648899358577985907e+01,-1.713348253824458922e+01,-4.906127716178824372e+00,2.456163917779887029e+01,-1.393368012283745472e+01
4.370292357308988684e+00,5.896072569294472210e+00,1.091761792325582237e+00,7.969695749701505072e+00,2.112964247387176187e+01,-7.186461963686610943e+00,-1.480174284119263817e+01,-2.197554437913529668e+01,1.149149040729874827e+01,-8.176229240274068388e+00
2.735653747323453899e+00,-1.579903550352744324e+00,-1.991107674225823843e+01,1.122355763309277066e+01,1.672634439931738548e+00,-7.533625722204561725e+00,2.056457613723654632e+01,9.772137717212721952e+00,-1.804672311461377410e+00,-5.467306587418130803e+00
8.789718276830987165e+00,-1.274009234254345557e+01,-1.204381163005567323e+01,2.276276890428470878e+01,-3.586694835581862861e-01,-1.500912014257435589e-01,-1.051006119864901400e+01,2.755504050758344370e+00,-1.188814939355281908e+01,-1.991707096603706040e+00
-1.162919724771983354e+01,-6.254191161145766564e+00,2.424649456266083636e+00,-1.143610521739014985e+01,-1.986486135481379645e+00,5.747146942334993014e+00,1.169379901991983672e+01,2.171132827850084013e+01,3.056782664213683276e+00,6.438375853920243586e+00
-8.484369218544097535e+00,-9.385397825778323266e+00,1.361020294122632590e+00,-5.843077290378459132e+00,-6.412087431744796895e+00,5.395971756341313430e+00,9.874444449670965795e+00,2.151880908884294996e+01,-2.719734724279836424e-01,4.224020742395354411e+00
-7.150938475778916725e+00,1.866364295489797698e+01,3.523341105522691308e+00,7.147462109941676189e+00,1.369969185986439619e+01,-3.143234625031456897e+00,5.633070127931302018e+00,1.545911560033130350e+01,1.890638681781204866e+01,-2.294004080116325284e+01
-6.186409824337143704e+00,1.065254033993545235e+00,1.890148524614691183e+01,6.343650856446730879e-02,7.315231864552867336e+00,4.377719238570674243e+00,4.313515059230934590e+00,2.134534948528102660e+01,-1.334676401448162331e+01,2.414937715408278951e+00
-1.216965451224249328e+01,-6.898666868514779615e+00,7.212543528146264649e+00,-9.140313484462073035e+00,-1.806378166838166877e+00,6.252054358233205100e+00,1.040115206521868885e+01,2.078324916102421938e+01,9.820841311524639572e-01,-1.388160886175654252e+00
6.530204946301092050e+00,9.891281941370246855e+00,-2.103638399271711812e+00,-1.593011592784661801e+01,1.467372975829367210e+00,-1.327664515676491597e+01,4.516864492901691008e+00,-1.204876471349287748e+01,-1.785366836635693133e+01,8.728913050621203595e+00
-1.066573476409141463e+01,-8.739337924802265789e+00,4.857476253304046310e+00,-8.723753743009718065e+00,-9.264662172859965406e-01,6.466364148745431528e+00,1.273939649552558784e+01,2.037199655874394821e+01,2.510835637895400207e+00,7.834793593032893355e+00
-5.317329262887793284e-01,-2.280703215103887516e+01,-1.137912647443206637e+00,1.358972564377944536e+01,-9.641301961509565643e+00,2.988296477225675929e+00,-8.870744480705909041e+00,1.552871225340510186e+01,1.485005724242367009e+01,-2.106005972064201259e+01
-9.866701812056762222e+00,-1.999283470568630960e+01,-1.102443906334712453e+00,-4.334227527211441000e+00,3.601542096046977726e+00,-1.107074494376028451e+00,-2.052180173553407627e+01,2.066046188896535796e+01,8.257770743319673201e+00,1.200534249430319278e+01
-6.434085081641147674e+00,-2.714590645326446605e+01,-1.236276207194968890e+00,1.573942728059322249e+01,-8.197517631838856289e+00,3.968980240158233919e+00,-1.109895878880289821e+01,2.078518189066700117e+01,1.016843383056131067e+01,-1.753315833384815292e+01
6.145292884410701539e+00,2.653096322246214278e+00,-2.106538039026989662e+00,1.163281630941496303e+01,2.423464136759407239e+01,-1.170780582311947526e+01,-1.475986784437979615e+01,-2.249141030351129089e+01,9.728598398677130277e+00,-7.712238678149463844e+00
-2.132414350650022161e+00,-2.057353046633637561e+01,-3.432737913148543818e+00,1.196325313059481843e+01,-1.420146779203004250e+01,2.496197537763507945e+00,-1.006750704000294583e+01,1.947159609615342291e+01,1.580340680075713600e+01,-2.420474025074025093e+01
2.198564052987089124e+00,2.912234631647744321e-01,-2.177795461676140221e+01,6.265023979336730164e+00,3.951615552161382716e-01,-8.249539287095686291e+00,1.949207470079945637e+01,6.830191205919263986e+00,1.383456280216706080e+00,-5.342855397795171157e+00
-8.367057322488262727e+00,-6.286682947058498172e+00,5.705832415318138118e+00,-1.035509674888777276e+01,-5.605492684655781765e+00,8.214706470643847069e+00,1.206613685030297134e+01,2.086157000717636123e+01,1.538849159054831661e+00,-3.909150766071599059e-01
-1.620555172414805156e+01,3.822102802375295205e+00,1.691696305706707548e+01,1.402605448912408459e-01,3.112649005613993491e+00,3.625068940749208046e+00,3.757590008565952377e+00,2.124545087459203430e+01,-1.479099811733003023e+01,2.373440764186623753e+00
-8.391620909857028465e+00,3.149797024270676093e+00,1.852078146155050220e+01,-1.006282592084550398e+00,2.080607426022468509e+00,7.972579203397951453e+00,1.403060818933122400e+00,2.123793799017111539e+01,-8.681456167917655620e+00,1.509055020677505077e+00
-5.522056016545767498e+00,-1.113923260648507885e+01,4.867872385310483274e+00,-8.299619679837100250e+00,-1.610657187445248884e+00,1.159840639979271160e+01,1.272090702520698358e+01,1.705122374131700980e+01,-1.267490102642136351e+00,4.998883971123260217e+00
-8.162306087835714763e+00,-2.855816558843772279e-01,1.992278878604449588e+01,-1.639386507394335890e+00,6.939073687958144276e+00,3.706550722249364327e+00,1.884866766997734810e+00,1.790848191651132737e+01,-1.453537127665428130e+01,-1.593017660677303882e+00
1.843898954977172044e+00,-6.288624930800941204e-01,-2.399607164529375680e+01,8.526883033664981681e+00,-6.913001122356244865e-01,-4.442511102214885987e+00,1.628124930073894916e+01,1.891446861548029901e+01,-3.209645031087450473e+00,-2.292857961808147049e+00
2.212586381671517444e+00,-1.077529078759962644e+01,-8.134930889290252765e+00,-1.694024160008853386e+01,-1.169079110807616750e+01,1.312933544182240020e+01,-1.407187004661530239e+01,-1.026186704052608967e+01,2.386640918520556909e+01,-1.207068108468376799e+01
1.325016733855271056e+01,1.141208376284665454e-01,-3.038375846266271108e+00,-1.119770742554524645e+01,1.858032776483535642e+01,1.629430831612220842e+01,2.228758015737930975e+01,-1.445210057882427002e+01,-8.069083933811770137e+00,1.612520363822913794e+01
-9.972031655977325215e+00,2.006282596839036003e+01,1.549886371167687460e-01,2.829765751881494484e+00,1.624905629478524105e+01,-9.040322444267809843e-01,-4.740488260803654708e-01,2.010772049422040197e+01,1.380247100357254730e+01,-2.556328805088168110e+01
-6.862200155914575106e+00,-1.956547075472324337e+01,-1.873632405801626932e+00,-5.906890274685062892e+00,5.289468264502132477e+00,1.480633088802469244e+00,-1.708545025308081122e+01,1.979349408057709070e+01,1.081723467292210827e+01,1.239520465800113413e+01
-9.500802395336606310e+00,-6.645313134717116377e+00,1.796990806034970589e+01,-4.078443940639329135e-01,2.631905344105648581e+00,7.849346133853636331e+00,5.731281503558467882e+00,2.015893567576605250e+01,-1.916013201648355846e+01,-3.665111275482854758e+00
-1.081506125449161715e+01,-2.098708331558131590e+01,1.548995414186843611e+00,-7.135300412174541584e+00,2.757215315527607125e+00,-3.453588436707315967e+00,-2.095722469567402868e+01,2.522000409086805561e+01,1.023441130870942750e+01,1.340539835744009878e+01
-6.846185556073553613e+00,-1.942182571364227073e+01,-5.441817771325720088e+00,1.539223040564021261e+01,-1.380153392525352807e+01,1.558377340722100657e+00,-5.237952643385925811e+00,2.010207453905465869e+01,1.495713597725934818e+01,-2.319953767348815177e+01
1.608888089993483561e+01,-5.250407496249872352e+00,2.109846247306246259e-02,2.496054298501759305e+01,-2.302164916548603557e+00,2.766141622064089844e+01,1.839232364381330953e+01,7.962043203681488102e-01,2.212931947837003310e+00,-2.710630651657558232e+00
1.651772373265738025e+01,1.244362515924017254e+00,-6.711562417056931906e+00,-1.079746808022761329e+01,1.532111861856673585e+01,1.667855346028721542e+01,1.898284315493455310e+01,-1.637945604514707298e+01,-1.063811267401200844e+01,1.965227753400289146e+01
6.142314747314250312e+00,7.712211722388393476e+00,-1.455950765732088392e+01,-1.020380351194728341e+01,5.558399268194295750e+00,1.789947401796813864e+01,-8.084166846005917506e+00,-9.094422609849338812e+00,2.112182820415975470e+01,2.592357631561686304e+01
-9.277645662728826181e+00,-2.624577780946278693e+00,1.634361690320689320e+01,9.955646904831826349e-01,5.094584025759319346e+00,4.243832925404986689e+00,1.008582178287865450e+00,1.752810547185855583e+01,-1.416576727213016440e+01,-1.147571453906410799e+00
5.852410684237683292e+00,1.459577580898928861e+00,-1.361850120608072956e+01,-7.695708129690449262e+00,7.129293502848033981e+00,1.825677269134891390e+01,-9.100530785398779798e+00,-5.601440151360747244e+00,1.670886730203470449e+01,2.235503925429559047e+01
-1.022284325020672391e+01,-5.344474406703756841e+00,4.546504519066519201e+00,-1.555196068562928069e+01,-3.352932927506036442e+00,1.155755480537001034e+01,1.047329364693013432e+01,1.988384624274817369e+01,-2.479091746086661718e+00,1.582793610494140024e+00
-4.539924142627593362e+00,2.312705375152515685e+01,9.446715646847196890e-01,8.263805306334040424e+00,1.474849553307205774e+01,-1.474171852129708249e+00,7.361610965002685525e+00,1.580196672674120784e+01,1.846626820216347653e+01,-2.447662460049218325e+01
9.191909677424003888e-04,-8.066028541607074942e+00,-7.672019654149166534e+00,-1.471720389125282225e+01,-9.631089881705646505e+00,2.023159014691936619e+01,-1.193830402104568833e+01,-1.016182162397309696e+01,1.974499785696821874e+01,-2.201347183077125180e+01
1.542075218338847797e+01,-3.047614890970059776e+00,-8.435120643676855323e+00,-1.136662563006030524e+01,1.789280281103153669e+01,2.206840875900132559e+01,2.088748852296720671e+01,-9.290567584703875781e+00,-2.528792409366846794e+00,1.779485785252819596e+01
1.078723387179074678e+01,1.517389142111331246e+01,-1.006001479663964471e+00,-1.831077573960525129e+01,4.882152953114613503e-01,-1.840072214926271599e+01,3.850083177315337224e+00,-9.341291400539777356e+00,-1.824222857951276922e+01,9.152870432751614160e+00
-4.798959197658554388e+00,-2.610507579034816672e+01,-3.450935354345091355e+00,1.471872560261652474e+01,-7.727400695836699640e+00,2.819138473698169722e+00,-7.904433900535259738e+00,2.026564623351475447e+01,1.579505137144422910e+01,-1.815797530007241178e+01
-1.122088068882807832e+01,-6.053858012776460740e+00,2.777128597934872101e+00,-9.556270244105160572e+00,-4.214672043029809245e+00,5.688909209406257439e+00,1.132108338769707423e+01,2.092325954600113391e+01,-9.602532729316552995e-01,2.084978741951453163e+00
8.240959892903667594e-01,2.790747271138517061e+00,-1.717133204334160013e+01,-9.351138683591429412e+00,7.361963320865138272e+00,1.621754306600899653e+01,-8.934351449723818561e+00,-4.367976428663808974e+00,1.817448305612637327e+01,2.460047495299514608e+01
-9.655022811460954202e+00,-9.380575919322003742e+00,4.288603785319874184e+00,-8.837140729418322849e+00,-2.493709594626647430e+00,4.742672012279385285e+00,1.075397160917426476e+01,2.217555923100380255e+01,2.510937846591347000e+00,1.030101339721753551e+00
-1.670274055317638506e+00,2.487053201564060068e+00,-1.752228841813337112e+01,-1.426152474701215489e+01,5.444522824670570138e+00,1.819510848203703901e+01,-6.702634954708103443e+00,-6.487087419935360089e+00,2.300535389722700330e+01,2.513783235419763429e+01
3.022359634488560598e+00,-2.198361294341662386e+00,-1.950876306430375351e+01,4.206407655710282967e+00,3.272903541009877237e-01,-8.261552536244371581e+00,2.000608747744448124e+01,1.609521226712898923e+01,-3.861573164524257251e+00,-4.596521009175614125e+00
5.609917369476745463e+00,2.892045069637126931e-01,-9.939288773281022005e-01,7.943423732887387345e+00,2.254542703996614961e+01,-1.162518109012138545e+01,-1.285838003830154896e+01,-2.131017360524546689e+01,1.740774699267424808e+01,-1.030839423323422821e+01
-3.657573443122931867e+00,2.634801329149560090e+01,1.608320364311454753e+00,3.305511977297372006e+00,1.202170788723591599e+01,-1.518129618181227825e+00,4.264548331332544073e+00,1.511234364603794589e+01,1.343829311297138318e+01,-2.180343744443714726e+01
-7.846856748903089596e+00,1.572215729822861618e+01,7.850139592105685737e-02,4.271555367216321564e+00,1.320505692047961155e+01,2.020762262602235459e+00,2.908401025489664615e+00,1.611457161892509760e+01,1.755535448065917592e+01,-2.656750152615969185e+01
-8.495080571753778287e+00,-1.049660499909043843e+01,4.053781657949540040e+00,-8.174311878429362466e+00,-2.329356077315753115e+00,5.033774316074595134e+00,1.366518472855964461e+01,2.045377261593614548e+01,-8.736752979773860783e-01,2.196767685673869597e+00
-1.632607147228182454e+00,-2.136123506435583863e+01,-4.989841946262069783e+00,1.005486504535668857e+01,-7.942275039164345074e+00,1.159963856656252235e+00,-1.176756809622503575e+01,2.228730155840795746e+01,1.221514894354153036e+01,-2.020332696879287937e+01
-9.257624637825895064e+00,2.188557831789938746e+01,1.945923896878327009e+00,2.451290396519385961e+00,8.034272716734193409e+00,3.618204458312476390e+00,3.096300827365419117e+00,1.873901205070103160e+01,1.550051057024312762e+01,-2.255882059566632591e+01
7.771895174410974327e+00,1.422054079397772064e+00,-1.364594936671894576e+00,1.342341778770211036e+01,2.604801178436150622e+01,-7.841997550346623491e+00,-1.492004344664933058e+01,-2.060596109398042586e+01,1.186521509423790732e+01,-1.138661470688504807e+01
3.136828489876418935e+00,6.899190930338000349e+00,-2.140710768811677767e+01,-1.009296179176408081e+01,1.448215220778419354e+00,2.155705183460409557e+01,-5.422905654445149715e+00,-1.606589538986562982e+00,1.750808918919886636e+01,2.630265550105158923e+01
1.119192326784200109e+00,-8.183623806412404278e+00,-1.335665130175566340e+01,-1.534367700981058569e+01,-7.517881112582267988e+00,2.346077685800480950e+01,-1.368141748633526156e+01,-8.763831272595355770e+00,2.237716981033034358e+01,-1.374525561936712137e+01
-1.118202105070092145e+01,-7.039277850287295024e+00,3.614767181285085229e+00,-8.343049887677517873e+00,-7.626967331555711382e+00,5.346921349869157680e+00,9.221004779661541306e+00,2.175366985387591967e+01,4.089766449103040991e+00,3.712546013045516347e+00
-7.841209260703867479e+00,-8.002185536648859454e+00,4.875293891285862991e+00,-9.803476311309820446e+00,-6.311876187674838157e+00,7.636773826646256147e+00,1.144406509878339051e+01,2.012678899001653932e+01,6.349525781730194218e-01,1.860457054460779691e+00
6.097277362571582593e+00,-1.273271791967435718e+01,-8.517683254812563831e+00,2.450041990727367391e+01,2.921655124883698607e-01,3.654059230341401676e+00,-8.656818389181500706e+00,3.945122691344136623e+00,-7.787799405365350758e+00,3.429158585446657970e+00
1.321079749165239292e+00,-1.085678207589618616e+01,-1.365767382236850302e+01,2.552371182208781164e+01,1.858403102786059691e+00,2.164766571312659149e+00,-5.910071641848070101e+00,2.213672188772860316e+00,-1.523346972130667965e+01,2.877900161747510843e+00
1.326125770810026161e+01,-1.520303894334841921e+00,-7.982364532734443685e+00,-1.162112066053694548e+01,1.594196014650706594e+01,1.541802604856840553e+01,2.225328991169937964e+01,-1.669928830050823265e+01,-6.920224937468958615e+00,1.856981692373263115e+01
-8.636059974498524028e+00,2.175521981175833020e+01,2.725946291263457777e+00,6.853652789916089283e+00,1.157990974282542851e+01,2.580306985372187167e+00,2.955669295821082621e+00,2.001656622217715409e+01,1.837936159689337856e+01,-2.386550260856804684e+01
-5.703305003216062374e+00,-2.437694775172121453e+01,-2.693313448988681635e+00,-8.292554235095872528e+00,8.772451455316211621e+00,-3.726445408204581700e-02,-2.150650503467777241e+01,2.066174047545669978e+01,9.832745424034021298e+00,1.560632748216731081e+01
-9.194989318187502647e+00,-2.079564570462159523e+01,-1.906744653534214073e+00,-5.188340711566482355e+00,2.885708190919650029e+00,-1.521410780694542275e+00,-1.795018463111087215e+01,2.568530443600048230e+01,1.568090207056237340e+01,1.349984720928508430e+01
1.708463365507063969e+01,-7.852646979368504532e+00,8.313120154761545200e-01,2.100484772383781618e+01,-5.852756860798427496e+00,2.902284339149671055e+01,2.257195913832553558e+01,4.770181555402441376e+00,3.954343405711307824e+00,-2.429434711175737949e+00
-8.120921506362540399e+00,2.310410906734578518e+01,2.974036942994801702e+00,2.099512717387254312e+00,1.139088591667307249e+01,2.408975063382669646e+00,4.298877354975853216e+00,1.593503684403892251e+01,2.125174861461079345e+01,-2.159362739608351589e+01
3.825807508208635799e+00,-1.271946016118637601e+01,-1.384180238531860141e+01,-1.261296155591799639e+01,-7.088913605064186996e+00,2.490129364982866633e+01,-1.190791350810050986e+01,-7.842295539089172429e+00,2.186492975551377427e+01,-1.504035502885857412e+01
-7.390322107736641222e+00,5.390512454777439677e-01,1.299367492624091724e+01,-1.524790733449889357e+00,-3.634910515957883170e-01,7.164764680437448519e+00,6.450922007775371725e+00,2.226737401799759652e+01,-1.577987225190912035e+01,7.700612221998232032e-01
-1.332634606979093661e+01,4.718690389444806232e-01,1.634371393761742652e+01,2.784884924200193623e+00,3.662887534131890277e+00,5.963703897357833128e+00,7.962680952096953924e+00,2.362376624657518676e+01,-1.602804122566014300e+01,6.777544408953718458e-01
-1.093362079267214781e+01,-9.991020148263352496e+00,4.416465546226190142e+00,-1.054817892383415767e+01,-2.046340085447278412e+00,9.770646927013597605e+00,1.355452815380003173e+01,1.889672503204445420e+01,4.305041419395618796e-01,3.402858588670067519e+00
5.555797560246992006e+00,1.345625037335874730e+01,-6.495129720765898895e+00,-2.001115539446227132e+01,5.750012790847907951e+00,-1.520866951018731861e+01,2.075115900173455152e+00,-1.238952842421770484e+01,-1.704153430848884909e+01,5.614892602017870438e+00
-7.242355770136734705e+00,-1.720187317690618301e+01,1.274798899381959005e+00,-3.308734164045167070e+00,7.695488137609780566e+00,-2.259378453322290703e+00,-2.506980344119313031e+01,2.417495965665916557e+01,7.099991621527940389e+00,1.880238469315819572e+01
5.424581861693305918e+00,1.729389910555575938e+01,3.190534504061279364e+00,-1.690142502369679889e+01,5.606544288789312880e+00,-1.631840251571275857e+01,2.534980765053797214e+00,-1.168737077324709261e+01,-1.562234973836397423e+01,6.533489514829852851e+00
-9.608145795894699859e+00,-3.823397075683609092e+00,3.637736584721748656e+00,-9.200495237426181916e+00,-7.211789212657755854e+00,1.341042889397526139e+01,9.993340768061660384e+00,2.008554242372588305e+01,7.939555966692696254e-01,1.700201477299333019e+00
-7.700876147213990386e+00,2.140898395227801743e+01,1.976407116780953155e+00,4.165242396502313760e+00,1.325878772354180413e+01,-8.906580217025974466e-01,-1.876118832949666970e+00,1.767019591034145876e+01,1.998147283162713350e+01,-2.722215807227460971e+01
-5.874020017253331005e+00,-2.066756826272941794e+01,-5.814136018547208629e+00,1.467171047625232738e+01,-1.224469293054277408e+01,7.518321341367757427e+00,-1.222336794596990472e+01,2.406970413531963970e+01,9.995597946304856762e+00,-2.691810347650310575e+01
-6.255568333520622026e+00,-1.843364349985289863e+01,-3.097496036098426941e+00,1.062540128937179595e+01,-1.013840179654874518e+01,3.647015914968587236e+00,-5.723260877384069190e+00,2.180976086564198724e+01,1.710034542203552732e+01,-2.013653706883155436e+01
-1.345016676582099535e+01,2.146173335534426840e+01,-1.085304815984537541e+00,3.531732860608387536e+00,2.084162342204321305e+01,2.601002584027693132e+00,7.264852556140874107e+00,1.980774807782325198e+01,2.372338223990508865e+01,-2.566640433924216680e+01
1.834583300463702571e+01,-4.789586847980975115e+00,-3.557911727880143093e+00,2.544795880098160978e+01,5.128378401463622893e+00,2.592695073558988739e+01,2.175410283894574803e+01,2.241712585260061452e+00,4.989406027560214341e+00,-2.432865680833453226e+00
-9.266612074983443748e+00,-2.295690871601873084e+01,-1.669393466870833675e+00,-9.092534453957229701e+00,4.253645141495070447e+00,1.016035628238320276e+00,-2.031130852000629616e+01,2.092267293458687760e+01,1.125651568724587470e+01,1.791085836009830956e+01
-4.774788165051186972e+00,-1.044548975586249639e+01,2.049366483454120313e+00,-8.993067995169582218e+00,-6.144951650405738874e+00,7.447419127996894872e+00,1.309798182938308209e+01,1.794065163795831808e+01,8.064108909806455117e+00,7.866135465401457694e+00
2.682109692401656531e+00,1.552026254896792912e+00,-1.467622650336108592e+01,-1.456690982773799803e+01,3.965585139833522010e+00,2.175057580237336552e+01,-6.634580789510239107e+00,-4.865857720296074440e+00,2.275103988350600304e+01,2.335851756233552834e+01
1.784115337157262715e+01,-3.029788996072231289e+00,-4.945804857717391201e+00,-1.190548188504241622e+01,2.083660208976986183e+01,2.016026940251668620e+01,2.088681163047182565e+01,-1.307823297691745523e+01,-3.944026098609132003e+00,1.307499521894862582e+01
-1.457229873554631006e+01,-3.282510532626015110e+00,1.672299776196823018e+01,3.437015883015700268e+00,2.843863059711737140e+00,6.130313317007649587e+00,6.666820103466463365e+00,2.000674280259211102e+01,-1.342965237265904754e+01,-4.655418791658645361e+00
-4.882848863409919637e+00,-1.021686780799788252e+01,9.901116070348285447e+00,-1.295174436017864394e+01,-4.057101262756354743e+00,6.180822888177173624e+00,1.281082713025223363e+01,1.963575507173136714e+01,1.527699939238723159e+00,2.963505274625661823e+00
-6.568339653916395626e+00,-5.492732160993836210e+00,9.023386889425927038e+00,-8.979366263795613534e+00,-4.761957563788277170e+00,7.558206807246501846e+00,6.251619088994166518e+00,2.101819569061227000e+01,2.421306935944874450e+00,-1.378457973242753543e+00
1.637768189307795552e+00,4.561966569110594172e+00,-1.727877030699451666e+01,-2.591187549940721979e+00,2.965474889420718796e+00,1.740173316851826257e+01,-6.344833559677145018e+00,-8.966788942316997080e+00,2.130333854384781489e+01,3.039296896015193283e+01
-1.107843845663636806e+01,4.840728082945981448e-01,1.826040719042702065e+01,-3.636545833040159437e+00,5.814310770369491621e+00,5.325073289559782097e+00,3.889440232882848569e+00,1.722789317848687674e+01,-1.487835361398302680e+01,-3.642964792366976567e+00
6.174075980442774725e-01,3.554468048772494004e+00,-2.397720734891835903e+01,-8.915734025440471555e+00,6.754954778778549773e+00,1.765597059798384549e+01,-1.025392112519458720e+01,-7.251995684485223137e+00,2.136683637575796268e+01,2.534506758587212971e+01
-1.524488819409002049e+00,-2.358701958602572191e+01,3.456043651828686336e-01,1.555244533937842988e+01,-1.192912533434334499e+01,-1.348883052996427745e+00,-9.583261965070349220e+00,1.719389974601050142e+01,1.554380023378874398e+01,-2.410555360753195231e+01
-9.292047517104332854e+00,-8.022529803695185535e+00,2.559602013693488942e+00,-8.562661664327897881e+00,-6.427654565994799896e+00,9.760691352883046790e+00,1.294933156182722911e+01,1.782432081714763328e+01,6.021707903508175086e+00,4.610991813851278209e+00
1.839906426721551114e+01,-6.221647860937700614e+00,2.719368099334364519e+00,2.096249494648891343e+01,-6.169695981669753859e-02,3.126253544430993614e+01,1.203869257750545962e+01,3.679156148818674588e+00,5.003244883544370580e+00,-1.233815699928817941e-02
4.932086397032568570e+00,1.652258976637000831e+00,-7.516293077915178422e+00,1.436779509172282054e+01,2.951200822675006918e+01,-1.017705448339934726e+01,-1.883193369994014432e+01,-2.520959972189287512e+01,9.698206998303572135e+00,-7.396888080832075829e+00
3.940070024361510992e+00,6.166838851149218037e+00,-1.771242026945619941e+01,-6.916167559870224579e+00,3.740239250654471270e+00,1.703892942748641914e+01,-6.378180204344119808e+00,-3.001827191509517156e+00,1.893729889573965508e+01,2.826518879121730166e+01
-1.730672724026200981e-01,-6.620684020767292566e+00,-9.133009727215172902e+00,-1.854754673953545208e+01,-5.344299411756657570e+00,1.733347229109068977e+01,-1.558176183836673800e+01,-2.312155085975866609e+00,2.281003989951653566e+01,-1.679783713719782057e+01
7.567709939005105024e-01,-1.209376569679805691e+01,-1.010690523183526501e+01,-1.478687023718633853e+01,-2.312780024807233215e+00,1.703017307764917021e+01,-8.202195212979024319e+00,-4.370663969466360932e+00,2.081129011228534864e+01,-1.124089810530629485e+01
1.341935201685658896e+01,1.536553894085622041e+00,-5.359894862499255730e+00,-1.173591028832324668e+01,1.012576355596111455e+01,2.105454044187269602e+01,1.995561729200071710e+01,-1.692466632107090163e+01,-1.005029878051979075e+01,1.843446011248276051e+01
-1.285570777124330322e+00,-3.358855107845637011e+00,-2.276725701501221977e+01,7.157226824371924145e+00,-3.922234848332911028e+00,-5.164884338117590179e-01,1.844204924974356885e+01,1.505886911335091938e+01,3.368817994709325525e+00,-7.364572702442553798e+00
-9.098148689990864568e+00,-1.255683952582298168e+01,5.397611905090594853e+00,-5.697023951689808463e+00,4.080610508597616315e-01,6.865673753254968759e+00,1.470762756270156046e+01,2.118352907626238135e+01,-4.101718362371102877e-01,1.176048992414540528e+00
-8.394711496007063900e+00,-8.383728650686453676e+00,2.139400741884275980e+00,-1.010164457321296005e+01,-2.019380254529070218e+00,6.951698677866199994e+00,1.236905838473995800e+01,1.942743895401702758e+01,-3.232391500582640909e-01,7.590426808871417741e-01
-7.595068524526928044e+00,-2.434197471304820226e+00,1.545583451042139522e+01,-1.944156607434964323e+00,4.003313811026735003e+00,8.079508879248736619e+00,8.109011484129386105e+00,1.979114532817633432e+01,-2.203116678705474385e+01,-1.686138990577215502e+00
4.513246773939866507e+00,-8.927246333500985287e+00,-1.250532193030545969e+01,-9.690701836016843984e+00,-6.089094104239092253e+00,1.472225708510056918e+01,-1.494415326360830321e+01,-6.013286521104749482e+00,2.108968425752112452e+01,-1.902378832219965688e+01
7.375854708489552714e+00,-6.923504417921277909e-01,-1.482200628663515873e+00,1.201032328308828490e+01,2.386602099295296497e+01,-1.042338169322646202e+01,-1.446194528264082813e+01,-2.208177530262581101e+01,1.130838564799247870e+01,-6.581424115672301234e+00
6.875832326298604968e+00,-9.659808513992549805e+00,-1.007920630963065278e+01,2.771201351360780052e+01,-5.488505805777499802e+00,-3.630379356981624506e-01,-3.487528919525336946e+00,4.575886857570949928e-01,-1.432471187486053310e+01,6.760249540361220610e-01
6.256290851477521286e+00,-9.666791955275250148e-01,-2.051419582852079415e+01,8.891602135757645797e+00,-3.177424588028070040e+00,-4.432472607595677516e+00,1.585236277136018046e+01,1.520505463909391075e+01,-2.986543016632249969e+00,-6.668614540396733403e+00
1.748496856700555213e+01,-5.448712317709349051e+00,1.505559234378154310e-01,3.049859737002243421e+01,2.084696256719845486e+00,3.176453045422249488e+01,2.385563919118340692e+01,4.500025542758672614e+00,-1.165765904133119424e+00,1.421778092574004004e+00
-2.537302799011971643e+00,-2.060531503750319970e+01,-1.745564294876393197e+00,1.885472053083132948e+01,-1.283622957544694820e+01,1.066003591651562665e+00,-9.468414042160032906e+00,2.090918191261993897e+01,1.363755819037631589e+01,-2.093994412723239051e+01
3.989182884999934231e+00,-2.258506655029135501e-02,-1.897488573329067307e+01,5.048580061172010858e+00,-1.360812551922124580e+00,-4.034246035336490621e+00,2.072888724921914871e+01,1.594019651191484321e+01,-1.946274588320070276e+00,-5.432691405799885409e+00
-5.320256961850765798e+00,-9.762560457010213355e+00,2.011209076585498856e+00,-6.771790495203022786e+00,-8.500036232813611647e+00,1.012428029263485385e+01,1.030365660458608623e+01,1.793589583727345271e+01,-1.018930378610147791e+00,-9.314328007358757544e-01
2.072363039045198363e+00,8.918061004289263849e+00,-1.262946469253932769e+01,-6.644619165957677431e+00,6.466832562800237660e+00,2.016929302255600476e+01,-4.178341148674403982e+00,-7.689635561644887929e+00,1.666832583592180228e+01,2.523914471604246046e+01
5.811382826805072455e+00,4.686605267727840030e+00,-1.621379878126261787e+01,-9.896215082804779684e+00,1.647591394790081987e+00,1.794997694772213137e+01,-6.036404446034105753e+00,-7.280903612617017018e+00,2.176114960360559891e+01,2.468603927814083931e+01
-2.700762831689091481e+00,-9.586512351283799305e+00,-9.006853610425384460e+00,-1.887844679381477064e+01,-9.757132122061616286e+00,2.506039369264351180e+01,-1.320879834657920959e+01,-4.078680467728815984e+00,2.175444179277097945e+01,-1.169942510284449355e+01
3.844497045459014828e+00,-1.449603370637848165e+01,-1.595746276912506545e+01,2.411911021762356100e+01,-8.092024405332689518e-01,9.203697943755939637e-02,-4.819088331244293144e+00,5.298102912892212579e+00,-1.560496529099632390e+01,6.494770571148346328e+00
-3.949962044086109181e+00,-2.162080939337878505e+01,-5.051715926660766520e+00,1.031636168498739359e+01,-8.672383874031684314e+00,5.674540290234537210e+00,-6.786311572103337575e+00,2.090931047566618517e+01,1.676868013866225482e+01,-2.489991360810315513e+01
-8.443330818570435881e+00,-8.722461210266926557e+00,2.642770638160236274e+00,-7.102683755241245400e+00,-5.455707845481572171e+00,1.035083368879549681e+01,1.543354408114238119e+01,1.842810621948385474e+01,-1.624109701716691667e-02,2.165567235633310883e+00
-8.868041998302080842e+00,-2.117146811071613755e+01,6.843992549853435747e+00,-4.153308175040692163e+00,-2.038217315762460125e+00,3.546909392428315932e+00,-1.792516671394447769e+01,2.835548698286273606e+01,1.233960527957075293e+01,1.548474360951929896e+01
1.804567329572514200e+00,-1.059018446471105612e+01,-8.824088284168507101e+00,-1.605513736635595023e+01,-1.465655614840904342e+01,1.651841649225190878e+01,-1.314097535655229976e+01,-3.571772731781613697e+00,2.127698469882405163e+01,-1.881109546135748189e+01
7.013678265880906038e-01,2.363872486924546656e+00,-2.082426282059574163e+01,-7.181499948096956576e-01,-2.102566301187409170e+00,-7.675307991335550639e+00,1.816968548013366203e+01,1.718900201242140824e+01,-5.584923155905836545e-01,-3.862075053452289186e+00
1.443341882983865787e+01,-3.776358471852157894e+00,3.377126677063174931e+00,2.609509793868506478e+01,5.264730579224021767e-01,3.060016255191654011e+01,2.171175513006029689e+01,4.046720482860483026e-01,-1.466983892213975738e+00,-1.129843896635049472e+00
3.958967476229531712e+00,-1.340908697943023320e+01,-1.232406670211246080e+01,2.161074503337500019e+01,2.056465428852504829e+00,-4.233161147850341699e+00,-9.323139468196606217e+00,3.824743303767045521e+00,-1.523288055896580673e+01,6.213241719698634924e+00
8.813602477920616352e+00,5.055044901610557417e+00,-7.110810515157797163e-01,1.188419730640620742e+01,2.251456122217700084e+01,-9.582185266332389872e+00,-1.760862778308917598e+01,-2.227041934819392566e+01,1.791358899545818772e+01,-9.823310505688832350e+00
4.576834365793025938e+00,5.033985470550401686e+00,-2.337302978178096780e+01,5.695265862764260945e+00,-4.861042461734990106e+00,-1.131826815078439097e+01,2.037807342762736695e+01,1.876783731822573387e+01,-2.783439422460086465e+00,-2.134957544555838638e+00
2.104653373058962273e+00,8.842780050337298192e+00,-1.073178937867721672e+00,-1.148258680832353207e+01,5.150534342260644216e-01,-1.351169478793200440e+01,1.283189745410719507e+00,-7.550947243555646615e+00,-1.750551931491454738e+01,6.975722853364727527e+00
8.586450276575710028e-01,-5.416064183483287664e+00,-1.048953052441503786e+01,-1.776415244445606589e+01,-4.523502690814261484e+00,1.971368634668875330e+01,-1.416224001471396754e+01,-6.993738031690127421e+00,2.037435957516418483e+01,-1.707251278391873939e+01
-1.363483082040743888e+01,2.467527239351933410e+00,1.444597715529582338e+01,-1.332350709768245878e+00,5.316495363857300926e-01,8.145494272934714175e+00,1.918872351665246168e+00,2.205549899843416384e+01,-1.411145423510464703e+01,-3.391693270051485687e-01
3.754714175185556169e+00,-1.469324809778224106e+00,-2.120259904826869857e+01,4.039957630709915648e+00,-4.122229771737181636e+00,-6.044579511316443110e+00,1.971567957861851994e+01,1.113729214689496771e+01,4.583922406389004944e-01,-5.811025323983561641e+00
1.838184645827546149e+01,-1.743118095538510159e+00,-4.653286856745940447e+00,-1.155113681047062357e+01,1.685578541454551171e+01,1.869851067636992425e+01,2.945130275215320381e+01,-9.551443980266993705e+00,-8.383575244462232234e+00,1.699297819584498370e+01
-9.397128981752334909e+00,-1.330368935257532637e-01,1.750689809596577362e+01,-1.404723106782823194e+00,3.084703882144759213e+00,9.980591722281216605e+00,9.211653772034731347e+00,1.541126867472753226e+01,-1.016326359370425081e+01,4.507667724827815192e-01
6.590005542823233142e+00,-1.506174833705066973e+01,-8.703924385349713688e+00,-1.322267857788060397e+01,-1.002797056103129414e+01,2.161563958435583288e+01,-1.301506523690539296e+01,-8.645361983094241864e+00,2.142512677952535682e+01,-1.231693011761211842e+01
2.611949313925907568e+00,1.167646096163379665e+00,-2.179681776180817465e+01,3.325249201372438623e+00,-7.831500554369217326e-01,-8.506597112542930716e+00,1.850182701520379780e+01,1.719261660059896002e+01,-3.625830271081205147e+00,-4.833406316961177396e+00
4.590654778475969700e+00,1.934527977684975086e+00,-1.274062381901356744e+01,-5.631492837286057096e+00,9.519347534950549417e+00,2.491235799851051880e+01,-5.632016235041829688e+00,-2.458050907517255190e+00,2.035447585315607455e+01,2.797839392909669343e+01
-3.911527688053680674e+00,-2.440168019636415053e+01,-2.802948396732579450e+00,9.157837326494808750e+00,-1.454794985577855826e+01,5.539959584954902816e+00,-8.783814532745365611e+00,2.208026613538037708e+01,1.318765871612049523e+01,-2.204640590782418030e+01
-1.192399089641267018e+01,-4.403207628118233963e+00,-5.377556964842284959e-01,-9.556316812946354489e+00,-2.296961461177772001e+00,7.132285215003230761e+00,1.221915993392872934e+01,2.319739668598912274e+01,3.015063626637477512e+00,-8.847758366514213435e-02
6.283945697952782794e+00,-1.238125122964132885e+01,-8.564219171577789780e+00,2.789923425518451339e+01,2.787822638167740230e+00,2.305469491262959636e+00,-7.780859597510451309e+00,4.504872990208312444e+00,-1.398859969584079543e+01,7.883646708055471741e-01
2.303060678887464796e+00,-5.981961029282934383e+00,-1.318566973868860970e+01,-1.782829270221601803e+01,-1.438167434418792245e+00,1.844370722201404078e+01,-8.594279905131235964e+00,-7.807446012522459178e+00,2.009622572377432448e+01,-1.764163016108142656e+01
2.502683363499388136e+00,5.876401030840932904e+00,-2.054368107955227529e+01,-9.326050580876730223e+00,3.191260065940833446e+00,1.616138189411809378e+01,-1.167858676690517505e+01,-9.854490792533720622e+00,2.102904291326142783e+01,2.253252764214041193e+01
1.641600075389085234e+01,-1.499600097143704902e+00,-2.602371247377782026e+00,-7.468219485588940110e+00,2.160625308607299289e+01,2.109744766042859254e+01,2.686144421225973744e+01,-1.055481499101893839e+01,-1.511100526915724940e+00,1.314582907770843256e+01
1.703721697760407139e+01,-6.040186790029955510e+00,2.908727435588976284e+00,2.252491499819155152e+01,1.077265279396916187e-01,3.396401364430830938e+01,1.983350294125915880e+01,3.272452508207563948e+00,1.135157317149185330e+00,-3.009567204829365572e+00
-6.930917140605723503e+00,-2.328627363777324533e+01,6.250347212962149568e-01,-8.253787607247700109e+00,4.641397866728944166e+00,-2.086450688547261123e+00,-1.761407295632344017e+01,2.474014859586959147e+01,1.045627532054936637e+01,1.011063410926248984e+01
-9.801606353223723644e+00,-5.754924650276504572e+00,2.713670987345298435e+00,-7.626347575573690918e+00,-7.992457635898717605e+00,8.345072927413815123e+00,8.353511147249125912e+00,2.206516397028203613e+01,2.527639344052674542e-01,-5.497757036683352805e-01
1.762355291517553102e+00,-9.934444396566032509e+00,-1.076378273640924199e+01,2.359014381303018482e+01,8.680303807949271144e-01,2.998533491590130495e+00,-8.120475156893459001e+00,2.923719837032929814e+00,-1.165452884136569445e+01,6.850423356691552890e-01
1.422021784409613243e+00,-1.033479845543491393e+01,-9.665672589538207404e+00,-1.302145976030747221e+01,-5.185538150778866040e+00,2.053251477078821452e+01,-1.360406759797851350e+01,-7.853491363894956834e+00,2.223174003077386729e+01,-1.897976967284315819e+01
1.682815431210702872e+00,-1.155300959423051310e+01,-1.389613146210988326e+01,2.198412134542834551e+01,-1.632688509503140484e+00,-1.622797740185375481e-01,-8.672285302526397288e+00,4.738297103733676963e+00,-1.301400434980731546e+01,4.461906960913820441e+00
4.849422016940507341e+00,2.136546985968521106e+00,-1.980408710090471303e+01,2.502295538506766448e+00,3.642925526709155370e-01,-9.442429218681450465e+00,2.005224502503611461e+01,9.207302861402572702e+00,1.545652663165116625e+00,-3.743535864189189155e+00
5.549191161176482368e+00,-1.283474781775987594e+01,-9.284005362160799635e+00,-1.152505428889782380e+01,-7.571032247791157133e+00,1.528338367643803863e+01,-1.323335142691514932e+01,-5.601453101694093384e+00,1.932360831591081762e+01,-1.400927482186632389e+01
2.819268574854313592e+00,2.101444012844654985e+00,-1.158197793859619651e+01,-1.115051453613415511e+01,1.067452070058452662e+01,1.949509617982482723e+01,-9.216039037702133285e+00,-1.084605356022667522e+01,2.173578388784127924e+01,2.632213181411241720e+01
-7.894906442292575655e+00,-5.828272062059593139e+00,4.394577246873764942e+00,-1.052295755040535319e+01,-3.503912313561874381e+00,6.193302759769578003e+00,9.201032234568513601e+00,1.707423153397872539e+01,6.105064486109760047e+00,4.509256741149272329e+00
-1.069145383635319924e+01,-3.450596958934444292e+00,1.674581130272564522e+01,-1.655756739410384260e+00,2.121027491373804530e+00,3.655766594208948117e+00,6.222783213848281036e+00,1.793731224362153753e+01,-1.815275749883408096e+01,-3.660168660149183406e-01
-6.097973878182833651e+00,2.320131239617189678e+01,3.421033645036085424e+00,1.510683961343972648e-01,3.244129204893408946e+00,3.202397690210301739e+00,-2.222272695710618251e+00,1.124234660630908245e+01,1.442600924869503309e+01,-2.241853827525144638e+01
-8.466628323419573832e-01,-1.874733092923327149e+01,-2.325562484952963693e+00,1.288553820059259714e+01,-8.520277806600407899e+00,-2.418315738052585484e+00,-1.081131883391235249e+01,2.268645722174457546e+01,1.578705177124943582e+01,-2.032054898941072452e+01
-1.101109403365616224e+01,2.230865067427611592e+00,1.368412638912877810e+01,7.371276147990396543e-01,5.159198810041104366e+00,7.379453384216565937e+00,2.363617518204867984e+00,1.935921413897830590e+01,-9.603024231743427563e+00,-1.185205636420316178e-01
2.201019078346406133e+01,-4.321355035865648730e+00,-8.017899837315864975e-01,2.205631637414073154e+01,-1.755689508655002395e+00,3.315487125617119801e+01,2.326838143172296824e+01,2.397858922546856064e+00,4.076148538477487371e+00,-6.305104197640536423e-01
-7.579179885884547829e+00,1.827164610670491740e+01,-1.546673668777935884e+00,1.318612132910277346e-01,1.795336989818994766e+01,1.451491347387643849e+00,3.298405856791397195e+00,2.053436004126531955e+01,1.778120446633037943e+01,-2.370528193254648386e+01
-8.185985927563788067e+00,1.549583159253164588e+01,-1.396354204315319869e+00,1.337597657715112742e+00,1.535884140293411804e+01,3.282497016802043976e+00,4.249449288307838302e-02,1.844901818414615491e+01,1.903112227457535965e+01,-2.398914675256617812e+01
-7.501847265555925404e+00,-1.135553698924849009e+01,3.757794363238185387e+00,-1.150736790378569907e+01,-1.142244064776332779e+00,7.632722027415070443e+00,1.333923237226010095e+01,1.477780311923573464e+01,3.581903583671997016e+00,2.675869898970886229e-01
2.995857509424587839e+00,-1.134110787292294731e+01,-5.978074850900311432e+00,-1.399862148091763636e+01,-4.780766508068420073e+00,2.183331938828730756e+01,-1.539760527346227903e+01,-7.535844349603507908e+00,2.113117070342857673e+01,-1.276931761001833010e+01
-4.457484150153293356e+00,-1.752205176483140647e+01,-1.447732488104345627e+00,-7.832275623144483667e+00,-8.035859519188374156e-01,1.069400412320398619e+00,-2.052924839651673139e+01,2.274898760695077016e+01,1.409082351644589615e+01,1.370490881514653836e+01
3.661065959464583131e+00,1.342906551044764640e+00,-2.063258464951407234e+01,-7.804630892954329546e+00,5.944322688487273965e+00,1.733527420604818303e+01,-6.435784228757635894e+00,-6.071588897944831587e+00,1.774837888653016904e+01,2.033548297582001751e+01
2.904064709129475119e+00,-1.389803721903054701e+01,-3.341135726822212604e+00,-1.602612315796904241e+01,-9.799931002663740287e+00,1.514879024367846938e+01,-1.697117565743625178e+01,-6.039901031067377524e+00,2.062183238900105664e+01,-1.240374418245494503e+01
-7.927893845720747734e+00,-7.671314414103960644e+00,3.325231568553306261e+00,-1.219400610947713126e+01,-6.336114285937675561e+00,1.246120032809224298e+01,1.024207184026067807e+01,2.088645051828184052e+01,9.107548413982997637e-01,4.820850827471203637e+00
-9.681699900661380198e+00,-8.047093494857101348e+00,3.446274021741674520e+00,-8.853947555925403279e+00,-3.942329230279004726e+00,4.644792396041402149e+00,1.354491972314676396e+01,2.079800851723451771e+01,4.230957183578896164e+00,1.166426743976059610e+00
-1.306116354939933899e+01,4.841293436350889712e-01,1.636738410673699562e+01,-2.764811865684718706e-01,4.192516541204640568e+00,8.016132246241365777e+00,9.100502113513464053e+00,2.276919338540366411e+01,-1.088086308589286233e+01,1.525394503255132594e+00
-1.311839996378425965e+01,-3.182494139251545118e+00,2.037910557792418231e+01,-9.138970887346502536e-01,6.501627542418507488e+00,2.924337757394400050e+00,6.488319875876848997e+00,1.851532159473324413e+01,-1.475699497455904563e+01,-3.125558006421223833e+00
-1.627987825728223825e+01,-2.625361334330006180e+00,1.804726310112608800e+01,-3.051376838627624100e+00,2.769703275106659035e+00,3.256682335881542212e+00,4.977502908906049406e+00,2.119492739807478188e+01,-1.427381558058945288e+01,-2.403421632672515074e+00
6.615039943614902995e+00,-1.426552555535780442e+01,-1.433158412499457413e+01,2.486904024155428417e+01,3.938382042957876639e+00,-7.497234801119155856e-01,-6.677954482406428305e+00,1.528500982669255270e+00,-1.581720909368645067e+01,2.232065286069198518e+00
-3.686439257105915690e+00,-2.044230760783886325e+01,-6.602400861481438454e+00,1.108204630255077561e+01,-1.451649363968015827e+01,5.774949985794759044e+00,-5.017206331550116971e+00,2.256397576953768436e+01,1.284214370480556866e+01,-2.261083972689559474e+01
-2.007458506512800334e+00,-6.178055595181062287e+00,-1.248465826991904848e+01,-1.622881338072782498e+01,-6.448104785609613643e+00,1.866972530857111678e+01,-1.578466177202029996e+01,-6.106870420067431304e+00,2.514211936304313255e+01,-1.404763114967743398e+01
-3.635670375746753447e-01,-1.447263605948094423e+01,-1.280519615800556110e+01,2.349037865907910572e+01,3.062091095569822841e+00,4.079704320153456631e-01,-5.228698844899289710e+00,4.722911314874750133e+00,-1.158286850059984019e+01,3.063031418737443445e+00
3.183822944080339390e+00,1.256119831228565964e-01,-2.355174117206087558e+01,6.824240842159177589e+00,-1.191960914942135075e+00,-1.262956117349079044e+01,1.441379347453381854e+01,1.384409019722496659e+01,3.464024865683236420e+00,-5.059573260138924056e+00
3.005823905200772472e+00,-1.214770171717309566e+01,-1.004253582303516090e+01,-1.488357057794190474e+01,-9.453619279400122366e+00,1.910079850880513419e+01,-1.574584996722420449e+01,-5.677901671487077806e+00,2.105316509747484588e+01,-1.330412391309747555e+01
-4.296397829219664732e-01,-9.748374593079077499e+00,-1.310334970068941907e+01,-1.694550571899097946e+01,-8.954041139858306408e+00,1.772433757140847987e+01,-1.387973433404947698e+01,-7.563287923954941760e+00,2.187647407220052642e+01,-1.503825348174189180e+01
4.000623495167161536e+00,-7.900264780041879042e+00,-7.410779162777564544e+00,2.454778428825228076e+01,-1.424967139237911518e-01,-1.704232732424395103e+00,-1.141013680035770328e+01,5.473643360538740232e-01,-1.308352936503635533e+01,8.269233153838467132e+00
4.246206702017704337e+00,-9.068120510565975678e+00,-1.394885056291299819e+01,2.463528763364784169e+01,4.386165536525851172e-01,-1.711791818063877813e+00,-8.532066150465348997e+00,4.993063248100791718e+00,-1.673302236977804824e+01,5.620668829635035557e+00
2.055349654288867356e+01,9.890983019980151836e-01,-5.790758263057873556e+00,-1.235589666547338794e+01,1.480114323351228833e+01,1.674896303229093064e+01,2.004320910368066322e+01,-1.372465767597932462e+01,-2.208244203042706744e+00,1.576161803442374065e+01
-3.804904628827790347e+00,-2.198754978339801269e+01,-3.576735384954269126e+00,2.100688711164356803e+01,-1.272434035768324456e+01,2.561066535261973698e+00,-8.025468904371583889e+00,2.494674473971684492e+01,1.792514634115760330e+01,-2.741495780575882435e+01
-8.223565865368440697e+00,-8.593776698867387154e+00,3.070108697127369002e+00,-4.849468343296627459e+00,-6.453370385648787178e+00,6.811234589616881330e+00,8.782687664361363389e+00,2.088333337050917748e+01,1.917771047870625134e+00,2.337871847116632207e+00
3.710812293305575160e+00,3.446458544023441872e-01,-2.167988785060967061e+01,5.039934949938725595e+00,-2.462741381700663812e-01,-1.050067658972705154e+01,2.035814056390369942e+01,1.658626074318381782e+01,-1.992817019477258533e+00,-3.261497367318701102e+00
-1.132112302936288550e+01,-7.124495078324618369e+00,3.286114245005978596e+00,-1.051827200403643126e+01,-4.850353155487103329e+00,1.137545520074423244e+01,1.364761057878147277e+01,1.959821740099610210e+01,-2.707552786279469714e+00,7.684136358347673834e+00
4.371833911182939403e+00,-9.231446473990935431e+00,-1.652250745864762749e+01,2.316010017776820717e+01,-1.603715622544260366e+00,-1.284934904026003855e+00,-1.203790187383017063e+01,3.364032565731373214e+00,-1.485860490643908882e+01,1.260336120499462753e+00
-5.755462182316780861e+00,-7.638340069767745710e+00,5.492008969540589369e+00,-1.459576083555753101e+01,-4.074504999736283217e+00,4.876975369935449223e+00,1.085427805090565556e+01,1.762330326913985701e+01,-1.307481471043141497e-01,1.683392944553564918e+00
2.170852505327266968e+01,-2.301553192261277303e+00,-7.260065357745906667e+00,-9.785274768435529680e+00,1.633974178484028883e+01,2.034599237253814863e+01,2.092915734772526548e+01,-1.222064249390768254e+01,-3.788034887332312639e+00,1.678777462751279259e+01
-9.952065234799592375e+00,1.014772663913940942e+00,1.433431314380554333e+01,-2.496942596751042132e+00,3.747536828092840278e+00,8.440857679693134941e+00,3.606833274892792485e+00,2.341326786367309154e+01,-1.334938746266255016e+01,-3.529293931488211911e+00
-5.505051479292591310e+00,-2.928480388002289203e+01,-2.769156339391691812e-01,1.482371757587212713e+01,-9.171476717964500480e+00,2.583083185242773361e+00,-9.520235290052607269e+00,2.177208097933569064e+01,1.233168913633831210e+01,-1.662310957852044524e+01
-1.071878369964169408e+01,-6.913922866746564644e+00,3.031853245210580639e-01,-1.030752591133840035e+01,-3.128110315918950946e+00,1.631115787771296510e+01,1.116948650176621172e+01,1.785200285665175457e+01,-9.064378593809361284e-01,7.420777975264163384e-01
-7.649745483569226678e+00,-1.010569133249053664e+01,5.661414088392731969e+00,-1.072672089220522551e+01,-6.118632285822522832e-01,4.746507212110765650e+00,9.359590751500466155e+00,2.068117560659397114e+01,3.793981738044883478e+00,2.494847388432343660e+00
1.885485851313447725e+01,-5.868990247528682147e+00,-3.814141029943367567e+00,2.236207606235521794e+01,-2.328477542082241669e+00,2.994989939332560880e+01,2.510491201380521886e+01,5.149338743509532357e+00,1.134100390551040949e+00,-4.511147886149338149e-01
5.447874471785566719e+00,-1.680785236372106795e+01,-1.579260520329806639e+01,2.831511693716463540e+01,-2.472569758375581461e+00,-3.278079266270130354e+00,-9.273546665049579474e+00,4.843942633820628174e+00,-1.648221382164220117e+01,7.795212777406913318e+00
1.442706924815817526e+00,-3.432476550516044167e+00,-1.585051832225344803e+01,4.855666732260766949e+00,-7.848574825877405736e-01,-6.406741846996609979e+00,1.540184829706225855e+01,1.467263945933142644e+01,-2.047429992796350628e+00,-5.310656184344917818e+00
-1.489648183808735915e+01,1.557348308274444593e+00,2.110204664066532132e+01,-2.277024644980139456e+00,5.624280099968583357e+00,9.491257695950300999e+00,3.264043583472633792e+00,2.574264694142686949e+01,-1.320654677090305640e+01,6.625642243838679724e-01
-8.870149777481847408e+00,-8.315466198316858737e+00,4.963061031899016484e+00,-7.776667224559065339e+00,-1.068782825526414726e+01,1.044058639834830693e+01,9.661506726015208102e+00,1.864956579854210261e+01,-7.110725051127029239e-01,2.426791735153527974e+00
2.316151124315340759e+00,-8.439762934083113066e+00,-9.745075061864623578e+00,-1.716472892666662986e+01,-4.837749412337212895e+00,2.101092123526768418e+01,-1.557507314210302418e+01,-8.293900266168876101e+00,2.349451337584611466e+01,-1.872459309030574914e+01
5.486749923949835406e+00,-8.703817604270358554e-02,-2.621394902604073263e+00,1.350072724866523899e+01,2.129053455530010197e+01,-6.217195276657955461e+00,-2.021911777929227227e+01,-2.595666612322990474e+01,7.678753297411807566e+00,-8.308577949615848723e+00
1.153129409734749755e+00,-9.184344690964984181e+00,-8.634143131463488885e+00,-1.282232699486179328e+01,-9.009714648404097304e+00,2.184257774644338568e+01,-1.785601504873605450e+01,-3.748143804648748301e+00,1.896835357945549916e+01,-1.769756919216253621e+01
2.686337942088676822e-01,3.946019085490870104e+00,-1.952130311444638266e+01,-1.212481562277694813e+01,5.543773389327449230e+00,1.793468177370634464e+01,-1.180660153746409335e+01,-6.177585499151357240e+00,2.122730941145170291e+01,2.320314859527569240e+01
-9.096162632454653618e+00,-3.080029101568895644e+00,1.331128010163144992e+01,-9.165977434947318869e-01,5.351126635150388111e+00,8.301045718603438317e+00,5.576169424135875019e+00,1.815658619418019981e+01,-1.377560146210886316e+01,6.282968029161069001e-01
3.055556000425712071e-01,3.121712305104825891e+00,-1.337307095936387924e+01,-5.615136024494264078e+00,8.924757206340609983e+00,1.610226181424911829e+01,-7.244473190842512622e+00,-9.473012251154866448e+00,2.201662779886131460e+01,2.810374410179228377e+01
5.508202841893512058e+00,-1.267635849936590375e+01,-1.123412134855162670e+01,2.386418713566598626e+01,3.713315316582028180e-01,-7.189627620002183583e-01,-1.118247302382996367e+01,5.315753382089291712e+00,-1.457715389214444457e+01,6.309499953234411151e+00
-1.052588510918765152e+01,-7.642539039690136704e+00,6.462331533237654746e+00,-1.009478081203419642e+01,-1.911150901136643210e+00,7.145191032570242129e+00,1.107103308680306419e+01,2.110293082978201795e+01,1.708913131337270741e+00,3.133442419389148581e-02
-5.502582648595596204e+00,1.949460834841201162e+01,1.001610948966858317e+00,3.738847007706722181e+00,1.549145908593903087e+01,2.605566189575216018e+00,5.273206737975959513e+00,1.499379538582016913e+01,1.628404024081566348e+01,-2.517705061966809765e+01
1.663943405343407278e+01,-2.065681565568787015e+00,-5.145284747148449078e+00,-1.178609468021496731e+01,1.481656692266621711e+01,1.985410331794185268e+01,2.463223292992689295e+01,-1.210911251769797303e+01,-7.429242093803111402e+00,1.292900337766836039e+01
-8.643950881119790708e+00,-3.677507639378112092e+00,1.557497238213911572e+01,-4.134748760100468434e-01,5.859019523471756585e+00,5.896789243520812462e+00,7.730288731076569775e+00,2.141158569296764469e+01,-1.321870989747578662e+01,-3.564525482511111232e+00
1.220559570620168799e+01,-5.964644114619161108e+00,-6.969573105929301349e+00,-1.072926274972063432e+01,2.090660468203275357e+01,2.039761010451712053e+01,2.146398039959176884e+01,-9.463967567678455595e+00,-3.404997159755033920e+00,1.249635389564800114e+01
9.281771863548675228e+00,1.209879415635894162e+01,-2.905797683000852505e-01,-1.862542567311726316e+01,5.897884748333475091e-01,-2.061076203197927015e+01,2.928484733813768059e+00,-9.003400419655539721e+00,-1.499716419711211302e+01,1.209764318673907368e+01
-4.620910641330767454e+00,-2.343758728036916850e+01,-6.289389544509900176e-01,-7.873554437376958148e+00,3.669725072172605351e+00,-3.094856497922961580e+00,-2.185717335862124955e+01,2.702628702686984852e+01,1.330588112527249223e+01,1.110456800023585799e+01
-1.449244711518146111e+01,-2.668642022298563621e+00,1.801729593471714352e+01,1.680076956447771552e+00,1.337902796050980170e+00,9.641292224380395126e+00,5.702238080967970468e+00,1.715035885752101308e+01,-1.730960319441696171e+01,-1.955045005364548505e+00
-6.616711813988183977e+00,-1.584349040894124805e+01,-1.251618115598456704e+00,-1.003204386437815465e+01,-5.490934639080022883e-01,-1.936420203854517075e+00,-2.077296818141754997e+01,1.979079198616275193e+01,9.271946811283060086e+00,1.508561898563144510e+01
1.779625459527821008e+01,-4.847349043745662556e+00,-1.022738512831690150e+00,2.627938907595684270e+01,-4.970328794566765573e+00,2.992910447092965853e+01,2.348834727094189390e+01,4.669324837200631961e+00,1.025930534847689923e+00,4.065856435792099266e-02
1.613542673996556331e+01,-2.777948313130933489e+00,-9.326797336146434247e+00,-4.335792535963610028e+00,1.485893449607952022e+01,2.181633472423707332e+01,2.427478652475634391e+01,-1.285324999268339852e+01,-5.472259715468910102e+00,1.579767476094711398e+01
-1.198177659509033788e+01,-2.354257702972551991e-01,1.556060580675565674e+01,1.546835201570788909e+00,2.639442378002809342e+00,6.988763914945981703e+00,4.708553135637828291e+00,1.820779881778063825e+01,-1.243297087066075868e+01,-3.625127002423328415e-01
-7.907141787517601550e+00,1.978072281745431127e+01,2.968701814831531394e-02,2.982544601492949088e+00,1.141699654227415905e+01,-1.321563932946143508e-02,4.204176319083972047e-01,1.585976471070032723e+01,1.750900087536740912e+01,-2.658450425924774763e+01
1.569730073192061326e+01,-5.076818996156552188e+00,-5.660615216823684293e+00,-1.667083053759215616e+01,1.478460496171197747e+01,2.034525150188793319e+01,2.158681400019552399e+01,-1.425115687234494111e+01,-9.295779963533190582e+00,1.651333207767399003e+01
1.268224766867664854e+01,-4.322579973684054444e+00,3.379379193166863971e+00,2.347843712651308579e+01,-1.562538603971380669e-01,3.016490602996591619e+01,1.734905885471913578e+01,3.154102011777515813e+00,-6.726889863940033187e-02,-1.919221573107884549e+00
-8.449101041455408634e+00,-3.826807382393288659e+00,3.861451924001064295e+00,-4.975060025638879502e+00,-3.661330696105708604e+00,1.018184748023337605e+01,9.198135473549202246e+00,2.007310200619989971e+01,2.012620277895004861e+00,-1.890349796146863603e+00
-1.511640326590303340e+00,-1.578017588430255413e+00,-1.022974732031043565e+01,-1.791462991716425179e+01,-4.765644531832280428e+00,2.124905864640102848e+01,-1.721443427980585383e+01,-4.477106503286002237e+00,2.386590815729592308e+01,-1.659954285961941522e+01
2.727457452020085604e+00,3.261905704263485806e+00,-1.685296537251618432e+01,-9.875839177655423740e+00,5.987798090288752206e+00,2.066476766624134953e+01,-1.056526880951476288e+00,3.718598744078254192e-01,2.050054623175045165e+01,2.069178091920194262e+01
-6.307498583583257101e+00,1.510032531901313035e+01,1.086710972566798272e+00,6.335968142313458173e+00,1.539493487790176651e+01,-2.045528906012852310e+00,1.327584953033869253e+00,1.538377242295220881e+01,1.287159681088470542e+01,-2.386640749666497996e+01
-4.835094213865400725e+00,-2.448264519452201426e+01,-5.945493236851812746e+00,1.513806051575133083e+01,-1.073921786800017664e+01,3.052667307550682274e+00,-1.007887261309558546e+01,2.132463804318352629e+01,1.368127378966521590e+01,-2.092634017499955590e+01
1.545707802298081468e+00,-1.157215874065491157e+01,-1.519694686289141394e+01,2.823239401297420414e+01,-1.516775014516908549e+00,2.178038911152836654e+00,-1.973620680423622487e+00,5.529016733587653221e+00,-1.613476281074175844e+01,1.136721840299934172e+00
3.719673225618286505e+00,-1.821208193666958186e+00,-2.079581580500607174e+01,6.225758826818578839e+00,1.699039397729430023e+00,-8.776573817205504113e+00,2.298997427445770469e+01,1.364296549339142395e+01,4.807404445145715854e+00,-1.774362112976064276e+00
4.993781742336117269e+00,-1.707053754650939581e+01,-1.168681537621771938e+01,2.185164107582163950e+01,5.353232351429773050e-01,-2.606397473547792831e+00,-9.180922745655669459e+00,1.743404051876313865e+00,-1.387979254055496980e+01,2.752969238617317238e+00
1.408371521932335058e-01,-8.804935431989973083e+00,-1.496826407128417813e+01,-1.909766988856541658e+01,-1.138685906360254352e+00,2.245112371357258141e+01,-1.112076510873100510e+01,-6.813252441400104331e+00,2.188342777759208602e+01,-1.484938019608497761e+01
-1.268133505157833696e+01,1.217703710734114653e+00,1.479658102611291248e+01,1.291921671163895891e+00,1.802520292621055953e+00,9.005252681818618044e+00,3.840926930059222144e+00,1.791067319024294591e+01,-1.494374825796614914e+01,2.521500584186229688e+00
2.203204347162379673e+00,-9.542196015554337052e+00,-8.288799109302260604e+00,-1.627487088832375051e+01,-1.045847857378818624e+01,2.345951683706157809e+01,-1.501694499394893079e+01,-5.359048472292526455e+00,2.044904836177152774e+01,-9.264726811037586884e+00
1.566147316595314543e+01,-1.239711212188856493e+00,-3.453330865781194081e+00,-1.426095918723355105e+01,1.722701403943218779e+01,2.328809356275163722e+01,2.068209974729820999e+01,-9.346473789771719609e+00,-2.419341163764989755e+00,1.614168330396961437e+01
1.492942173483895374e+01,-7.408414272885167406e+00,3.429210787523278015e+00,2.614256605845530856e+01,7.123761004150808152e-01,3.202180531285232945e+01,1.891979040497301057e+01,2.676020027902585419e+00,-1.900894393307490660e-01,2.450306955128673359e+00
-1.128566398365631152e+01,-1.838952569834854600e+01,2.430503389764333555e+00,-3.909763416384540946e+00,4.322978552474439518e+00,-6.377314380715953801e-02,-1.965557054852141405e+01,2.737283338027893720e+01,9.471172932230000896e+00,1.407092084621903361e+01
-8.703825606554948635e+00,3.127368012480485238e+00,1.686124206072781817e+01,1.247075428649820461e+00,3.741499266470559082e+00,7.306428855465539662e+00,4.843730917001277447e+00,2.249126545359520790e+01,-1.709197609410426466e+01,5.688669959217886873e-01
-8.706905906650716176e+00,2.868076469581318833e+01,-2.129663751951119011e+00,6.316948660506510826e+00,9.035833637724380196e+00,4.529214210651018035e+00,4.450124213940122253e+00,1.598839146970263059e+01,1.473538287216572762e+01,-2.210277232112152390e+01
2.492485672696074772e+01,-1.942928311905494976e+00,-7.662903217191221472e-01,2.887767205732630771e+01,-6.465171509721939103e+00,3.392419784930137894e+01,2.025042239247488496e+01,1.735533910233942434e+00,4.897416336658308111e+00,1.752914782715822684e+00
5.805519271465222175e+00,-1.341945620694563246e+01,-1.462849108767251671e+01,2.478148527716930616e+01,5.442373502949408026e-01,4.512155961753878231e+00,-3.839230168643300800e+00,6.554084941116212981e+00,-1.519618518674107932e+01,6.232590222954548231e-01
-1.112766908950515798e+01,-5.116479744444661470e+00,6.926446490524979183e+00,-9.887093418632993291e+00,9.805387289443980858e-01,8.503916628708180880e+00,1.630644457035030470e+01,2.126214667958335269e+01,-5.675239591396208372e-01,6.343192099892018376e+00
5.991018539745899929e+00,1.189844416920541015e+01,-2.098613484381837591e+00,-1.381338649815131880e+01,3.499891915117815944e-01,-1.665742440416186554e+01,2.992493443757487714e+00,-6.032310973034144652e+00,-1.841743642219833887e+01,8.479697265934383665e+00
-6.797313309650653501e+00,-9.309477712041326569e+00,4.014022145453723489e+00,-1.030590395165576112e+01,-6.809566693575375140e+00,8.508229604678810176e+00,1.299114286029361587e+01,2.111959159796135310e+01,1.961799972855632124e+00,4.860873326779014292e+00
1.836495017018875942e+01,-4.059717641211267214e+00,-6.097088989609922294e-03,2.436649951013072268e+01,-2.868332909574534462e+00,3.188889098534389177e+01,1.772118301276859853e+01,8.055247462159668137e-01,4.005714739106188915e+00,-1.513750081746939591e-01
-5.168184713911831984e+00,1.926061969934191609e+01,1.124291466037151910e+00,3.445059236745855458e+00,1.587546703120475655e+01,1.355689734816380998e+00,3.242803733834525470e+00,1.506801999034982131e+01,1.593951521601255195e+01,-1.961755675418566369e+01
-5.991665280090512802e+00,-1.955090531048371361e+01,3.575453562825679832e+00,-7.229510962107931427e+00,3.606679318291008407e+00,-2.802443439922458257e+00,-2.107390671158519169e+01,2.382700194317497377e+01,9.869984926685461346e+00,1.510307717511266290e+01
-3.378645098243325151e+00,-1.800762313648588986e+01,-2.796363264881868815e+00,1.349088531458920670e+01,-1.408815550948013318e+01,2.716673217619906655e+00,-1.126396958476147248e+01,2.337977318974631658e+01,1.473188346752354860e+01,-2.123423381525237730e+01
-1.419948852862545863e+01,-1.611401265299577945e-01,1.525344475796999433e+01,-5.381211823473907030e-01,9.395956039713635022e+00,9.004142898980477483e+00,5.984387407913917656e+00,2.065679071283935642e+01,-1.791715056050578170e+01,-1.509678999535279287e+00
-6.507039612029118736e+00,-2.304597443974708071e+01,-2.577554136435646903e-01,-8.964411617745790650e+00,4.001564085482695710e+00,-7.155141309449120079e-01,-1.846607173816062186e+01,2.522473629884080282e+01,1.038666215605221588e+01,1.445410884674804208e+01
-1.440654100226079670e+01,-1.439029568519320623e+00,2.063968245021066394e+01,3.493455011929649245e-01,5.680743926476594652e-02,6.739429561112492806e+00,6.068938014971273276e+00,1.740799729074695890e+01,-1.378578371065232311e+01,-4.168556918331280059e+00
-1.567632787027498331e+01,1.342792121437513941e+01,-3.775141100729307198e+00,3.660956370748288169e+00,1.585937449478305616e+01,8.331073138628838137e+00,1.932891794764881599e+00,1.863976513719449102e+01,1.283747800650002624e+01,-2.475674414261310119e+01
-7.702437059932453423e+00,-5.132794159706125292e+00,6.335164857797943583e+00,-1.193410905865008687e+01,-6.146132857275800276e+00,1.053446646320012370e+01,1.131577285538210553e+01,1.866521208597263737e+01,-4.615922743600040512e+00,2.763666274276372015e+00
1.295932113438880862e+01,3.730516264625683753e+00,-5.835902156266375762e+00,-1.000534677087254032e+01,2.000547448487077062e+01,1.920839918323882145e+01,1.804113390654883986e+01,-1.453518456132612080e+01,-5.660670241376199563e+00,1.893344928695648477e+01
-7.458302718835429168e+00,-2.189250300920873826e+01,4.732468703509468355e+00,-5.724941457676834489e+00,1.375679878884523255e+00,-2.352541830928098321e+00,-2.449721367905436864e+01,2.296870004437964496e+01,6.614637922845074236e+00,1.789236650069475232e+01
-9.933274411468158149e+00,-2.673028453332945809e+00,1.125458157293479289e+01,2.610437752400066813e+00,1.969537577701949260e+00,6.073000476268075154e+00,1.637977303401185747e+00,1.615537066534349009e+01,-1.564641720065403518e+01,-2.322015617345565275e+00
1.853027784516613963e+01,3.095638077908386077e+00,-3.039265980405646328e+00,2.402735043726681496e+01,1.795855633820954145e-01,2.914217433897155018e+01,2.257601974989341187e+01,9.478730056722749708e+00,-1.825790373574145420e-01,4.369565064398228671e-02
3.881906134237972150e+00,2.853621932880268552e+00,-2.369540337322408163e+01,7.573537710316163185e+00,-1.570968323758741736e+00,-5.850888038851481454e+00,1.837462312309255452e+01,1.612411315833496062e+01,-1.665239574701894876e+00,-3.211312958680307084e+00
-6.405946586316243696e+00,2.107648972249593555e+01,3.289651681884367296e+00,1.882493452299567327e+00,9.592412399253626987e+00,1.282071555860548884e+00,2.468257805506400615e+00,1.457392399599883959e+01,1.978365928147098174e+01,-2.501525357355817647e+01
-5.808423452759374328e+00,-1.648978134676709928e+01,1.184470462790091494e+00,-6.225582359060798154e+00,7.436556501149950371e+00,-3.332076673963250357e+00,-1.776402610181341046e+01,1.678229347665882543e+01,6.731539987302900485e+00,1.564301760154201126e+01
7.025535365926142362e+00,1.444629152373138048e+01,-7.065063652887936252e-01,-1.043565650085448304e+01,1.576140147393088053e-01,-1.067024744523786417e+01,3.913485650591312925e+00,-9.372377075872199370e+00,-1.765587786695714101e+01,5.195338898910328851e+00
2.595934797230506685e+00,-9.640566950366284971e+00,-1.181520644363302885e+01,2.518465899200198521e+01,4.027000853807675362e+00,-1.908031877110168084e+00,-1.192695350095952023e+01,1.181922602403750133e+00,-2.053943260438292029e+01,7.912886384545306129e+00
-9.727620959298894476e+00,-6.885707508584919978e+00,-9.550596687013841457e-01,-9.168858752428048930e+00,-1.764120923469840063e+00,1.323131090050902259e+01,1.009139690529377731e+01,2.412478883257583107e+01,5.706064718075078090e+00,2.910491512115188417e+00
-1.211848253676669351e+01,-2.164562776979836123e+00,1.558000995274874612e+01,3.162748623366021583e+00,3.048510877962172572e+00,9.338917142509421510e+00,6.329857288785395220e+00,1.771600180966561311e+01,-1.714538793104779657e+01,-9.979358850125497060e-01
-1.079113113982396044e+01,-7.832266750542320466e+00,7.039219253366839624e+00,-8.911603037651675052e+00,1.289815140500647495e-01,1.031510184920083795e+01,8.092350067761987731e+00,1.922397907792088034e+01,6.187585527421544107e+00,-3.867754055910579414e-01
-8.134249388473628883e+00,-8.702177277848079484e+00,4.351189780675761010e-01,-4.714334369729312080e+00,-9.251606853487185589e+00,5.428286476890249013e+00,1.123303597983656132e+01,1.579543582999953877e+01,1.271426432553633523e+00,4.893760544113277433e+00
-1.106951945935394832e+01,7.026110691293410149e-01,2.032405769011918295e+01,4.759076421286899006e+00,4.836728612252148451e+00,6.179395047412039155e+00,3.978019588033298248e+00,2.448096331407291615e+01,-1.354361091334472356e+01,2.699712957248006528e+00
7.339526183746344357e-01,-8.644647214033328808e+00,-1.140232171688235674e+01,-1.500786020666046561e+01,-1.052560338793552042e+01,1.677338277992003768e+01,-1.356215683394609783e+01,-9.179148958859967067e+00,2.367150676875998627e+01,-1.624626152657226896e+01
1.427347472054299793e+01,1.726036152431400961e+00,-2.771848421707848065e+00,-1.135448706694040766e+01,1.336288515306942237e+01,1.846435308928411345e+01,1.646805413841702759e+01,-1.696385523631163394e+01,-6.333553747041998250e+00,1.906286408019213141e+01
-9.015681708518705761e+00,1.689922676645673860e+01,1.115568960806498922e+00,1.968580218005538507e+00,1.508024085106864476e+01,1.509656924182034565e-01,1.929356558079610817e+00,1.873215950877226632e+01,2.243975627091042213e+01,-2.523974076757644980e+01
-4.601499443271222844e+00,-2.457453344555667840e+01,2.106199948563604041e-01,-8.857970219970018988e+00,1.028019633869407201e+00,5.913772903084351107e-01,-1.487652210241111739e+01,2.350399254080488021e+01,1.167921648987915439e+01,1.499321160776466222e+01
3.085189001031125589e+00,9.584191318163830520e-01,-2.469046174899245116e+01,9.562246985547382394e+00,-7.653181422353512176e-01,-7.081158280025371177e+00,1.595803932716005313e+01,1.231900301437637069e+01,1.077126869307883261e+00,-3.867149635368051008e+00
-1.244025744164369307e+01,3.117927497452051000e-01,1.629960873560290224e+01,-1.649042022637325688e+00,4.923919485425983567e+00,4.870927194302713481e+00,4.814667272704220569e-02,2.251320538297146356e+01,-1.656857739724988932e+01,-3.625106795133242521e+00
2.529084652984907677e+01,-6.541423844102411955e-01,-1.149994036463376057e+00,2.337942519634249550e+01,9.544339779173018901e-01,3.119162934404844378e+01,1.815152514334004863e+01,4.091897177649832074e+00,2.464282872621723630e+00,-1.160805969559095679e-01
-1.101092765473903512e+01,-1.025736723970922881e+01,3.086551407431730620e+00,-4.598031465040684829e+00,4.125582107927643349e-01,1.324484602210630335e+01,9.314182442044016241e+00,2.096630558943450495e+01,5.522842714297050648e+00,2.027296460540873202e+00
-5.386311899660157110e+00,2.026478921332584449e+01,-1.024886689581233190e+00,4.103392437529851833e+00,1.318687258738242996e+01,-1.834419054518814152e+00,3.991077612889819548e+00,1.473952453376509730e+01,1.991225385965132233e+01,-2.474935890116579529e+01
-8.546054909028882207e+00,-3.062686208737621207e+00,1.652287601600663436e+01,-2.021654068854337183e+00,7.369525492145855949e+00,7.965113927015498696e+00,2.823182406146284684e+00,2.195462798138765947e+01,-1.350526033628206690e+01,-2.915024082288288021e+00
1.811006921802516700e+01,-7.085093565681460426e+00,2.605925180595587698e-02,2.700054794272269376e+01,-1.955281061572429868e+00,3.160737187544371452e+01,2.270373039353608746e+01,4.754360979722597413e+00,-2.868583172237526568e+00,-4.815357142109993882e-01
-7.270352413774674449e-01,-7.738514857871377828e+00,-9.450744017878262682e+00,-1.771934054570033013e+01,-1.556791876119410034e+01,2.090208185726881851e+01,-1.208053361323571195e+01,-5.887491510929711680e+00,2.222085684782136994e+01,-1.815073428229123564e+01
1.811748895215831467e+01,-4.286266958229039581e+00,1.170743941266938482e-02,2.498069926978096689e+01,8.708083566437583301e-01,2.819806545352425076e+01,2.076791200349800093e+01,2.652543741983878878e+00,7.519533653925439820e-01,-1.182856956121728587e+00
-7.260540334765770432e+00,-2.852807186701113551e+00,1.298376417091727753e+01,-7.915962469825379433e-01,3.344069875192692276e+00,8.473636395214262151e+00,9.841979685002469225e+00,2.037585040288737659e+01,-1.355445472132233498e+01,-3.430861876510614472e+00
-1.052796686464266607e+01,-1.185913549500687836e+01,6.188941961087036425e+00,-8.018000100688425391e+00,-5.695643832659242456e+00,7.334631600911417415e+00,9.170920668394929365e+00,2.012507967479443494e+01,-6.558892412627266300e-01,2.052775530490769107e+00
1.803570271566216832e+01,-6.746025343723757395e+00,3.101797586807443441e+00,2.816230874896597314e+01,-1.745281402854043318e+00,3.710501778734986544e+01,2.174406778181005961e+01,2.681910402718885145e+00,-7.702933604441198900e-01,1.620515608190462586e+00
1.440221932341962496e+00,-4.605130148507982080e-01,-2.056249966159371212e+01,8.874341132748924110e+00,-3.026578437176383307e+00,-8.294387565956506947e+00,1.690175435808590620e+01,1.909868203612531445e+01,-3.740384959604341031e+00,-5.163516360251073856e+00
-1.346134077049512889e+01,-3.277237882412400882e+00,1.686850295805729161e+01,1.263731042611198063e+00,3.072326345066568098e+00,7.846056477968812892e+00,1.488636362379873512e+00,1.770484160010412111e+01,-1.546946662733808076e+01,-3.405440357176504840e+00
7.048474337026247483e+00,1.004553099187429765e+01,1.110835753112868529e+00,-1.452713300840439459e+01,4.932343426446572643e-01,-1.110453037121892450e+01,3.735175732140262550e+00,-9.368147405044595644e+00,-2.113506893111900098e+01,1.212606491276266318e+01
-6.622601806938350322e+00,-2.305589439651485506e+01,-4.340851792381110741e+00,1.254170852820176663e+01,-1.596090188009356758e+01,7.400545123406284453e+00,-4.748909270463285814e+00,1.729581672545621274e+01,1.369911137839718585e+01,-2.322529586652066769e+01
4.583828812969477973e+00,-9.984739203775960803e-03,-1.840034368853437385e+01,6.923074334335675317e+00,-1.759955166917665847e+00,-7.051067607281707339e+00,2.120414392592653385e+01,6.764722677772783577e+00,1.654251992071148036e+00,-8.219768947433280459e+00
-4.405092314194962277e+00,-2.230067742656558938e+00,-8.721242373145280169e+00,-1.609957288557573207e+01,-6.999601334193583213e+00,1.985131107048040633e+01,-1.346208696933415538e+01,-2.863335876954073989e+00,2.437392964743882118e+01,-1.728750419733664145e+01
-5.823255757609421934e+00,-2.042963024632536317e+01,-5.040679258063413215e+00,-9.662749524843013305e+00,7.094119518636251343e+00,-2.792814650096195450e+00,-2.665723532799746920e+01,1.777355744143104488e+01,1.224548115355227473e+01,1.986428482631763259e+01
2.289365184525524288e+00,-9.620089609935869035e+00,-7.317508127082070324e+00,2.733431714274567881e+01,3.041934197425526509e-01,-2.238439390953429697e+00,-7.433432409656814954e+00,3.468023349220424212e+00,-1.450456606674792503e+01,4.403296530946798626e+00
-7.228410543605410687e+00,-9.070050559852495198e+00,5.936549218231601976e+00,-9.486195415829651978e+00,-9.157811804265350020e+00,4.331471890099379607e+00,1.036824140577278719e+01,2.030401386415859477e+01,1.413492122701333953e+00,1.224737570250573171e+00
-1.114494883719872931e+01,2.087286924358146933e+01,-4.212631037085526331e-02,5.326722859998127113e+00,1.163542482230249675e+01,4.792188205584187344e+00,5.784718822699161045e+00,1.994743743292473326e+01,1.740111443468869723e+01,-2.522566777598279586e+01
-7.647993635168991666e+00,-2.383568495374910867e+01,1.567563862067119729e+00,-5.995262804921616784e+00,4.929486147029078502e+00,5.734060061104528927e-01,-1.994268767718389768e+01,2.273259869543290534e+01,1.180449413406729242e+01,1.639425321812716518e+01
-9.909250734345789624e+00,2.657707174878070511e+00,1.332751462922935559e+01,3.951854878881352562e+00,2.620521291573257638e+00,2.470356752764321762e+00,8.444284560088947345e+00,2.193964419991377923e+01,-1.344129124710313228e+01,-1.247624020772988063e+00
-1.526357703466634419e+01,-1.202375405885492965e+00,1.218417456232138996e+01,-1.909124629563002662e-01,-5.428012131901875037e+00,3.494615114231736541e+00,3.015055810762754973e+00,2.452428679211898910e+01,-1.799055740664947223e+01,2.805019153720561320e+00
3.186748143684664303e+00,-1.024475443710441702e+01,-1.360349071368981200e+01,2.333865893040053408e+01,-1.768842254523959268e+00,2.341998527367618266e+00,-7.042031122766840845e+00,4.443623724137424347e+00,-1.182533705119864642e+01,5.599467839298962524e+00
-9.407517396276151800e+00,2.685171784182191157e+00,1.505391136952809994e+01,3.833989908345154074e+00,6.200223990850536104e+00,7.569393366841238091e+00,1.337567447399001797e+00,2.029291393876410154e+01,-1.138807043837326205e+01,-8.388543924701987731e-01
-1.098660544788664772e+01,-7.281478803037243486e-01,1.620595504363008388e+01,-1.530531010467029773e+00,5.641711096707802575e+00,5.884400264477981146e+00,5.041792608672168718e+00,2.173273982685277161e+01,-1.339931554243940326e+01,-2.631844130387809066e+00
7.308558716184300863e+00,5.665653603692364371e+00,-3.930759521244718835e-01,4.464615004361932371e+00,1.816925807752428668e+01,-9.896415086798949545e+00,-1.675609707171605223e+01,-2.199956824005179001e+01,1.041203314392836177e+01,-5.533501838157314445e+00
-1.437006935312690281e+01,-9.427749640176730228e-03,1.506012803814191869e+01,-1.970792968283946456e+00,4.310813949471129725e+00,8.157821772923785630e+00,5.980310439799267463e+00,2.126901065614728736e+01,-1.957280556303159358e+01,-5.262088548925131448e+00
1.838267746673168190e+01,-4.324536866182715933e+00,1.856563040668960163e+00,2.372251074664606918e+01,-2.378831265416546659e-01,3.375558807148583185e+01,1.956283415774502643e+01,3.099518779869257834e+00,-1.002771011717904059e+00,-9.877219768046796577e-01
1.803431427824325439e+01,8.752581726660796368e-01,-9.774713109306137904e-01,-9.437049781223407763e+00,1.965605728769953586e+01,1.851714698672248716e+01,2.417222214243659906e+01,-1.127727384438129832e+01,-6.041600412562178946e+00,1.265619744200325414e+01
1.828823280376557392e+01,-3.458955635900180958e+00,-7.205090408930116652e+00,-1.052733569825432980e+01,2.161742607496866597e+01,1.962633759212445028e+01,2.192520949215455062e+01,-6.896436284072066769e+00,-4.301678920962439534e+00,1.783497347296157898e+01
-1.148651217663252666e+01,2.205830301696094509e-01,1.450439464625255503e+01,-2.418609915309007707e+00,-2.605892695439013806e-01,4.682319194366639792e+00,4.162092171044094790e+00,2.353244714992599640e+01,-1.674846216799435439e+01,2.646447300784873086e-02
1.438153661465090716e+00,-1.663805257276444038e+01,-7.840017910310217886e+00,-1.749748582475596237e+01,-5.518249958586746828e+00,1.835037841899622535e+01,-1.496609952557449041e+01,-8.898568497008085387e+00,2.094294538930637017e+01,-1.680719316957866738e+01
6.539784295981216466e+00,-1.288902158443674217e+01,-1.333517406858289611e+01,2.497881950531191109e+01,-1.364389835591237166e+00,-1.874991363059192784e+00,-7.852220852267985052e+00,-3.252990198610650197e-02,-1.474394776398650109e+01,-1.993030212694494763e+00
1.547840022181455488e+01,-3.239673373386539268e+00,-5.652436910850837215e+00,-7.808452981188671593e+00,1.665137653179814592e+01,2.116596889115803393e+01,2.631032348050177205e+01,-1.544990584900284247e+01,-1.031578686614794904e+01,1.795229904601640314e+01
2.065041965737109741e+00,-1.145917150862785761e+01,-1.508921145659792096e+01,-1.470214453680939393e+01,-6.899738750489035510e+00,1.689916562272266987e+01,-1.274516541679186687e+01,-8.505155222999077225e+00,2.026485009119510750e+01,-1.688671930865691806e+01
-5.589391634663265496e-01,-1.174450509706312396e+01,-1.340487088709957852e+01,2.746888952026142050e+01,8.887559933166266912e-01,-2.840304868802600691e+00,-9.629799755824958396e+00,1.539550835998316103e+00,-1.350420852566681695e+01,6.348929468328085690e+00
1.799891195577114633e+00,1.017013786713670154e+00,-2.238732531908935997e+01,6.554015142799054949e+00,-3.826583662772088168e+00,-7.061691027185308833e+00,1.808073710436989856e+01,1.965029997566126241e+01,-3.890196252057568138e+00,-4.877620016333819031e+00
4.438343915748133917e+00,-1.093216185371965965e+00,-2.137233827238056705e+01,6.083092486126054688e+00,-2.763679869501551423e+00,-4.735336598471659997e+00,2.163150974280556937e+01,2.071087417906671035e+01,-3.476414205030531779e+00,-4.569241927055455399e+00
-8.928250536586805453e+00,-5.067028683901037667e+00,1.790436245471429544e+01,-1.637283668719681895e+00,3.093009034554147441e+00,1.014377400006346974e+01,7.085290626375383205e+00,1.516430116259143013e+01,-1.331543782543081811e+01,-7.266729615287763622e+00
-1.262225340322418177e+01,-7.593995305164930265e+00,2.780976480230930470e+00,-6.049479809944829256e+00,-4.287065856686421483e+00,8.409823555023528741e+00,1.023336016328080689e+01,2.420542246195778091e+01,4.863824590498166955e+00,1.045445497232788679e+00
-1.253715720869960037e+01,-1.141423538583358210e+00,1.753922665348961019e+01,6.538418302655182868e-02,2.872379227858375739e+00,7.847811005164554210e+00,-3.690333444213939051e-01,1.717589250922542377e+01,-1.146328431204022635e+01,-1.246674838437713317e+00
-6.015287550604859312e+00,2.202231478728881697e+01,-1.700824387203241805e+00,2.325507191734574874e+00,1.426346367452611474e+01,4.993629932622975498e-01,2.151994826429482366e+00,1.759495269077426016e+01,2.109451981809590038e+01,-2.581955208067932617e+01
-7.768814853010663768e+00,1.770027547099952159e+01,1.459463704220661073e+00,3.570261848426760753e+00,1.383436801317813192e+01,1.226130219662569854e+00,1.377349524779724277e+00,1.355749840503530024e+01,1.778908935636848909e+01,-2.379706809026597014e+01
-8.314118130485494973e+00,-9.175594261017922193e+00,6.975261177437715787e+00,-9.940250663958078547e+00,-4.380457741668564609e+00,9.248674730781360154e+00,6.343459486087538401e+00,2.139041483467193672e+01,3.940377565986821651e+00,-9.538891985844454302e-01
6.662165010118420660e+00,1.352659601996744509e+00,-1.265071735494609939e+01,-1.019163705694265154e+01,1.065080970204593136e+01,1.576996508382575080e+01,-9.958466002561490171e+00,-4.385972412670562370e+00,2.084304780098231547e+01,2.392727686002315224e+01
6.022722814995276508e+00,-5.818796555277787164e+00,-7.468405695880822037e+00,-1.275101331441805996e+01,-9.049547670846175507e+00,2.008323539609601838e+01,-1.171898434954862545e+01,-7.856688567020833958e+00,2.005250019648792303e+01,-1.294594494976074550e+01
-3.023047440774383254e+00,-2.091794519685265641e+01,1.563167380156005315e-02,1.684670623663778599e+01,-8.634870334210102527e+00,-9.710983372340391551e-01,-1.159658126392091937e+01,2.199495934643972106e+01,1.621062337852006507e+01,-2.160233838624048630e+01
1.391598265091468001e+00,1.620537113128528617e+01,-1.631749237345976322e+00,-1.491649753379273236e+01,-3.288257531095503339e+00,-1.480388060200874989e+01,7.094467761075357259e+00,-8.882761149487317098e+00,-9.628274248684020264e+00,9.356166293100892872e+00
-6.194501273351814774e+00,2.522429488540067410e+01,8.502162940878047470e-01,3.713906489494705809e+00,1.342536896814825553e+01,6.165493534662392916e-01,9.120145963005992229e-01,1.494945637946444883e+01,2.136212483207463109e+01,-2.598097202647560877e+01
-2.372918398975793153e+00,4.898134192352814331e-01,-2.170048737607395495e+01,7.180175661387144359e+00,-6.982873265586000855e+00,-1.095311452446084033e+01,1.870304328189266840e+01,1.372309462679900349e+01,-1.229280530044874142e+00,-3.078213103342013035e+00
-7.720718762946768621e+00,1.693461178222593944e+01,2.412267918591814997e+00,6.222324681659148204e+00,1.077774488896761085e+01,1.785586679375416042e+00,2.764963011247384417e-02,1.331865537148476086e+01,1.277342568601934758e+01,-2.056097100232024033e+01
1.747488168880684256e-02,-3.649990628351306388e+00,-7.346205194648049108e+00,-1.410117234351215210e+01,-4.484269548990939214e+00,1.466409165013926774e+01,-1.107269402583088258e+01,-8.640197651935018541e+00,2.202305511053620179e+01,-1.814551563913189369e+01
2.219703191685211152e+01,-6.565162079565113551e+00,-2.921536930081138905e+00,2.239094007362169236e+01,-1.126836276691812078e+00,3.018908156883313865e+01,1.790489784846955246e+01,7.145888073562860043e+00,-1.636145782421690509e+00,-1.351702421590319281e+00
4.414374342613286650e+00,-1.262678879065266635e+01,-1.721164447253504903e+01,2.992068374759992722e+01,-5.074875618114407239e-01,2.335133508688331361e+00,-7.008202230511640707e+00,6.304504157551299670e+00,-1.571421855664044642e+01,3.053167810335573051e+00
-5.806010796455842282e+00,-1.128985601100055725e+01,-1.092671227926493671e+01,-2.067623105410208595e+01,-1.097696396469955005e+01,2.050023645449892129e+01,-1.807094174010802234e+01,-5.239480172916159084e+00,2.179504078583474325e+01,-1.931746461689544248e+01
-1.056877236216574723e+01,-8.620177028830914523e+00,6.817575690074091810e+00,-5.530291440022714333e+00,-2.293226365252826415e+00,2.323535109570614710e-01,1.197183807691411594e+01,1.908375814310772967e+01,6.411483414591553354e-01,3.718381082277870675e+00
-9.137177432613319272e-02,-8.257568807832832647e+00,-1.368160467479555820e+01,-1.169542186229111813e+01,-5.712210010947138983e+00,2.040934172029104943e+01,-1.100148709764746080e+01,-7.697932836234305576e+00,2.072835878444505653e+01,-1.230301504745473196e+01
1.699969738717356904e+01,-3.716218561596121184e+00,-3.172481950140932927e+00,2.740569743820581294e+01,-4.545624845688450932e+00,2.952751010299439471e+01,2.252738200869970697e+01,6.849629985245138108e+00,-3.310610797708839037e+00,-1.060839264060801312e+00
-9.961437616180962351e+00,-1.447741584942639825e+00,1.574244615215789977e+01,-2.030692328591723772e+00,9.476725818126057188e-01,7.566429719417879340e+00,6.568931199546578448e+00,1.938384642914781608e+01,-1.387721202394630993e+01,9.423180627387671704e-01
-9.416036160878364925e+00,1.944756462906274308e+01,1.901097668680757025e+00,3.688277745266675289e+00,1.441668994226630751e+01,3.323110699304042015e+00,5.453109870657629088e+00,1.812680836588082656e+01,1.924286823317173045e+01,-1.653752641896366171e+01
1.707981215789210694e+00,-1.452881280837184619e+01,-1.502737575418460381e+01,2.621762442641994184e+01,4.559874957153647657e+00,-2.208142102913587923e+00,-4.661822988057712891e+00,3.471926352958762507e+00,-1.560535044734431231e+01,2.249576756692984958e+00
1.800308759888109833e+01,-7.034131851695209825e+00,-7.605366172067640207e-01,2.436505573518821421e+01,1.613015009874611660e+00,3.057725048073412921e+01,1.550052166024598321e+01,5.871809183996374415e+00,-3.902619407480698577e-01,-1.849675391285163339e+00
-7.802845539508389550e+00,-1.999063722625788131e+01,-9.343984310183243158e-01,-1.029604668908070408e+01,3.538932466469638438e+00,-4.017022054456532487e+00,-1.962913298253562644e+01,2.066644005384349470e+01,1.194434349266623130e+01,1.517996570831025771e+01
2.256879409993107544e+00,-1.260487655229003856e+01,-8.702111560129859313e+00,-1.629748591442186267e+01,-6.761375065603312251e+00,1.885366039381231928e+01,-1.089965947806545898e+01,-8.066171239615430366e+00,2.046957835865260122e+01,-1.262476900921520340e+01
6.084216279892304513e+00,1.508847228625501025e+01,2.117683994509928613e+00,-1.362540933476768856e+01,8.410545640840383363e-02,-1.146317854056092855e+01,5.170218868065374451e+00,-1.099433144595884748e+01,-1.864651730719147338e+01,8.432817398851419455e+00
2.802487869391506514e+00,5.232744700117708536e-01,-2.405428708745085942e+01,9.247187382382342946e+00,-2.666950568266690524e-01,-1.047834232003513399e+01,1.876493117496426066e+01,1.515719583513921620e+01,-5.700023698853446952e-01,-1.612457309652177484e+00
5.807595624789096078e+00,1.419545994999999783e+00,1.168236347965729838e+00,1.321660290682745575e+01,2.221620336668784645e+01,-7.033020490389872315e+00,-1.430532418753493751e+01,-2.328504187442992901e+01,1.003774015438325584e+01,-7.882657488398597145e+00
3.525435988218809769e+00,-6.148407723757311594e+00,-1.595264055753487220e+01,-1.211954647774154026e+01,-1.077165147814984536e+01,2.272434180669910475e+01,-1.068853949852982232e+01,-4.919563483295415374e+00,1.983029587622167256e+01,-2.055653229422262029e+01
-1.122002559900131935e+01,-7.603016601151908915e+00,4.290704757347261200e+00,-6.504852257878193988e+00,-6.586338871750247570e+00,1.196831110691949007e+01,1.084402152141822384e+01,2.229091582023890439e+01,2.630542073792388358e+00,3.990992741005474187e+00
-1.520585285188410296e+01,-3.290510539400660850e+00,1.586812601744815865e+01,-3.312449540716761565e+00,7.890847844699817593e+00,7.750319342492801411e+00,2.538182529600431003e+00,2.327847040560473246e+01,-1.683461557714062096e+01,-2.592949962876049952e+00
-1.158762573512198735e+01,1.804595088489962862e+01,4.933744793341319657e+00,5.141979117649924547e+00,1.576448523682498148e+01,2.927978519309196503e+00,4.538074911730918259e+00,1.808699931683989703e+01,1.702017892997313098e+01,-2.227207677130276053e+01
-9.006879642318878609e+00,-1.566148810308290562e+00,1.233863134563060804e+01,-1.116464421112710825e+00,4.753625264557834740e+00,8.328835448966771082e+00,1.946571855576854970e+00,1.846420983762170565e+01,-1.387473061545155950e+01,-3.592270040004855503e+00
-1.099876268257098744e+01,-1.048654958440140561e+00,1.194744497384803772e+01,-3.548551650505666899e-01,1.938588225529093823e+00,7.956672831068763330e+00,7.406086495130562497e+00,2.315935656177227031e+01,-1.540229443416664701e+01,-2.712400655418749640e+00
3.497792681334842779e+00,3.530272659673096669e+00,-1.977379213455461482e+01,-1.056717682061562336e+01,6.323084511881300607e+00,2.046142752615450888e+01,-5.538471760533136390e+00,-3.890401530155675580e+00,1.976535935167610347e+01,2.489869854214255085e+01
2.754408873606370989e+00,-8.532930059256996103e+00,-3.887749935338509211e+00,-1.356171378124744109e+01,-6.967064219885978460e+00,1.943365926241603248e+01,-1.324146372729996202e+01,-5.066631826567951968e+00,1.836344337526061210e+01,-1.736025883175399542e+01
8.704724570205101486e+00,2.087774182517980304e+00,-3.868829880101548380e+00,-1.580986856585981393e+01,1.560726540852679101e+01,1.862796500999735372e+01,1.708243154788079110e+01,-1.221634127451527441e+01,-8.052683768808549303e+00,1.672150876173874678e+01
1.360647754244935470e+01,-7.656680897040333278e+00,1.771605906278649556e+00,2.026292893695283581e+01,-3.167055623453757462e+00,3.463613069033485203e+01,2.187872724805978919e+01,-3.758246338901229056e+00,2.025962147778570532e+00,-1.231641410111846913e+00
3.243003810275941312e+00,-1.300137698184503243e+01,-1.404598618778844710e+01,2.667297098340768358e+01,2.993258286659395556e-02,1.399830777547316218e+00,-8.744499412299775898e+00,3.881320141139792845e+00,-1.597197741502389867e+01,-1.378493967766512007e-01
-5.486573638839402633e+00,-2.488936634939112125e+01,-1.136177134614200224e+00,1.200991654485170557e+01,-1.424517005115282764e+01,2.879330382868401372e-01,-8.729438466645861538e+00,2.440194813778645866e+01,9.991347149857498167e+00,-1.838553787626572955e+01
1.641511681758678876e+01,-3.190235173089457810e+00,-9.790342843626753666e-01,2.830832118822196719e+01,-1.748527853498176521e+00,3.447563052575340237e+01,2.456111050222709835e+01,-5.147717862888032681e-01,-7.355943636557547016e-01,-1.745410684108394062e+00
2.485335725774941551e+00,-9.980221429343355766e+00,-1.081903428117768584e+01,-1.353857598777271321e+01,-4.213044984609067178e+00,1.650297808488579321e+01,-1.350483790707737164e+01,-3.265514678832265094e+00,2.185356604326234731e+01,-1.769538684287967456e+01
5.549241233755580538e+00,9.279778415618503695e-01,-2.540123978313122421e+01,7.562355920058680070e+00,-1.495428657150222218e+00,-3.648356600510282099e+00,1.813707732996647692e+01,1.397557770126811150e+01,-4.255482556425874918e+00,-5.316500283301206053e+00
5.623156688032823425e+00,-2.922598595044611169e+00,-2.272109310076865185e+01,1.710435824094551194e+00,2.038196241087813831e+00,-7.951677042057797351e+00,2.273236062896701881e+01,2.018461216612169906e+01,-2.892968459367342593e+00,1.062702797570640234e+00
-4.063014304747144756e+00,1.911481585275697270e+01,2.136244604447017803e+00,-5.489403867478894750e-01,1.388801216549133244e+01,-4.507939482021205979e-01,2.860527507631419830e+00,1.479487102065622395e+01,2.335313685593911259e+01,-2.389711212342929159e+01
5.365457265222429051e+00,-1.582786338270518556e+01,-9.490958554970239547e+00,2.732152436993984423e+01,1.073641172986314896e+00,3.305361308858955294e+00,-5.563463853234765111e+00,4.967934503039943550e+00,-1.076654666220349021e+01,1.645221745815721226e+00
-4.941288171611831537e+00,2.705266337304044200e+01,-5.299050784935966929e-01,2.096889682819686573e+00,1.158540081401988253e+01,-1.897928629570523884e-01,2.964033335156652349e+00,1.409354194836774710e+01,1.952400236632536590e+01,-2.748167672683409890e+01
7.112297688487884351e+00,7.159169277294754608e-01,-1.431344291404861835e+01,-7.206541119150736030e+00,6.066768704919341282e+00,1.422436270252990731e+01,-3.729002197352118131e+00,-5.257405560660122212e-01,1.976127890008617172e+01,2.018833982762551216e+01
4.855765616119083639e+00,-1.348170047630162394e+01,-4.009723411797084580e+00,-1.484470901358285744e+01,-8.418995685581368349e+00,1.954212619082639435e+01,-1.084782367272656067e+01,-8.175980481136170042e+00,1.832877089842682850e+01,-1.229865149772320798e+01
3.975406558807419888e+00,1.180598049858176735e+00,-5.248904040207285959e+00,2.181686850039088910e+00,1.840450954360944635e+01,-7.414783825569918108e+00,-1.746584171037181576e+01,-2.942429945881458409e+01,1.209003658562206773e+01,-6.256959504576657061e+00
2.262218522248780062e+00,-1.080741749619726733e+01,-1.842565934861848831e+01,2.657943856413040606e+01,1.901583116140355689e-01,-7.819679476470491331e+00,-8.351240897076207759e+00,4.864177155968237853e-01,-1.235030830653167833e+01,8.824016779753161899e+00
5.369780782317283396e+00,-1.214701595956531399e+01,-1.240841531695372524e+01,3.050829702861474857e+01,-3.370186496588884584e+00,-2.110672444628810318e+00,-8.371726912002859677e+00,2.577549239300482409e+00,-1.447773289343880698e+01,2.016446721941172804e+00
4.239836217858152345e+00,3.254988738517244240e+00,-2.735379349700230112e+00,8.724161505008092732e+00,2.486384382959260364e+01,-7.801764777449358590e+00,-1.538051619303744033e+01,-2.078951933217718562e+01,1.324237211475446685e+01,-6.313769044973000177e+00
9.115035201989675429e+00,-1.410450364675635271e+01,-6.001110596565713884e+00,2.607689195956221440e+01,-1.380291700397674681e+00,-5.190117028477938543e-01,-7.920789275827309517e+00,7.515644973512123350e-01,-1.172538410492623662e+01,2.639527335326656843e+00
1.303425625687670752e+01,-2.600986826992734535e+00,-1.784216164159515561e+00,-4.272051378667707233e+00,2.237034052235090442e+01,2.373003661455250324e+01,2.245625820288105601e+01,-1.401301799382579460e+01,-2.150674395691803298e+00,1.950375092927084708e+01
6.392109331391535143e+00,4.991885405407161969e+00,2.486586003221626484e+00,1.096945843317189428e+01,2.505726107332849750e+01,-5.375812017183005942e+00,-1.941679178348216439e+01,-2.425321541210382037e+01,1.429196006852730427e+01,-5.918456491518838902e+00
6.076901700872400225e-01,-1.404094276684185871e+01,-1.018417095522706894e+01,-1.466520174115617792e+01,-9.508062069487515089e+00,1.286603475069401803e+01,-1.188891781369561329e+01,-5.955822739612386840e+00,1.983654257311460256e+01,-2.098917264996352827e+01
-2.904142895174072869e+00,-2.296872195529185845e+01,-7.527837019110378058e+00,1.058150677205940760e+01,-1.330489476885003342e+01,5.201561243625570263e+00,-9.946892760778855092e+00,2.429703642723543311e+01,9.681645299954864115e+00,-2.600816794383300845e+01
6.012407565975883550e+00,1.265018070677113293e+01,-4.630835088571915392e+00,-1.548330443188688932e+01,3.257783059317929553e+00,-1.579835403539148153e+01,1.986090044907273811e-01,-9.621344929032897397e+00,-1.644655793542546718e+01,1.037501823510421239e+01
-6.430714594986060462e+00,-2.455991471148673355e+01,-7.137322589681072138e+00,1.600914767517122428e+01,-1.324137633011144999e+01,7.199378727710304737e+00,-1.205520760323503460e+01,2.043136421907480837e+01,9.350715880394441015e+00,-2.246619058165150307e+01
-9.369969800929464299e+00,-9.590150013814975338e+00,1.428022054658547368e+00,-7.030625250268159654e+00,-5.449689360098991742e+00,1.079610048476590123e+01,1.134578260759228741e+01,2.017547323693543149e+01,3.800939036812098326e+00,4.291190341965751998e+00
-4.831003273707487722e+00,-2.152465574477793808e+01,2.579341523663101210e+00,-4.700942062006753019e+00,3.401734274169087247e+00,1.575393505129747185e+00,-2.021832334397066333e+01,1.961663839990972491e+01,1.465615768997256474e+01,1.858277234931385635e+01
8.083636469925465917e+00,3.345067983145479928e+00,-1.991631508276430296e+01,3.327803259763803645e+00,-1.868834788282601522e+00,-6.080809977945321521e+00,2.010954117401687569e+01,1.590916239663103049e+01,-7.154454666674824992e+00,-3.311569246830038171e+00
3.396040317336358472e-01,-2.088134474641555016e+01,-3.248247244859812644e-01,-1.089728189443480488e+01,5.683478796138584421e+00,1.398562104877010936e+00,-2.262285039285423238e+01,2.492606229052520561e+01,8.253556304679857902e+00,1.439921539932580430e+01
4.012461423943400440e+00,7.229589908004070420e-01,-2.441181280742881299e+01,9.100418693528140590e-01,-6.242197629673070125e+00,-7.356633908824717238e+00,2.053589935807801226e+01,1.571642491448562140e+01,2.166309470705095830e+00,-7.057437629979171234e+00
3.115560852606981790e+00,-9.198029963181312496e+00,-7.371310289206767230e+00,-1.510059289198375332e+01,-7.501911998465942588e+00,1.377840003972674054e+01,-1.581667804898963858e+01,-4.597955513912017622e+00,2.094195474384945754e+01,-1.708523690173203491e+01
-8.404359286598126033e+00,2.045647438312731481e+01,-8.448147608226650451e-01,5.351994405457435100e+00,1.838438772408861510e+01,6.718162544776097311e-01,5.740769191979171460e+00,2.064622551588142940e+01,1.685780545384614371e+01,-2.640559491680012982e+01
1.529139212949595095e-01,-8.019496215817303764e+00,-1.029159641403140846e+01,-1.676341137807731485e+01,-8.295524387682265299e+00,1.566865449055346637e+01,-1.142257186436052763e+01,-4.524421395997957340e+00,2.153865238148741312e+01,-1.460522806175182708e+01
-8.044489078116429326e+00,-2.216295051752048195e+01,1.322786226528983811e+00,-7.595555303619128118e+00,5.569072533410007964e+00,-1.728722608297052821e+00,-2.174457349425920683e+01,2.543198197610499633e+01,1.114462528510516037e+01,1.588491158401104997e+01
-1.483255350145173956e+01,-3.812590575402088344e+00,1.699961802744403627e+01,1.250150820368134408e+00,2.947760954504527575e+00,8.336805717094046386e+00,1.420582013803271870e+00,2.077465368574116056e+01,-1.075600344931064889e+01,-3.679457483887837554e+00
-8.162497213033898191e+00,1.968640772559320951e+01,3.479717576671951029e+00,6.908998830000868452e+00,1.002624415773880884e+01,-9.818990562339148243e-01,4.906450083726087819e+00,1.512239921708422585e+01,1.683500970159040833e+01,-2.681400880243707263e+01
3.321605905241515888e+00,4.997760131348761625e+00,-2.074254023040925432e+01,8.451343683068195389e+00,-2.822123414879364134e+00,-1.373601289778507928e+00,1.731564398937846150e+01,1.223316390092398009e+01,-1.145773749657538865e+00,-9.162767612803170536e+00
1.630682067533068746e+01,7.127648801719410621e-02,-3.852167059873886856e+00,-6.528506203298446664e+00,1.909565731480855888e+01,2.567405448761233799e+01,2.419143917338784178e+01,-1.127278629820641420e+01,-5.234921766950638045e+00,1.955280782464825151e+01
-1.971728383710571464e+00,-8.151299150625296974e+00,-8.249135661056536506e+00,-1.682981491999439783e+01,-9.223949027875018913e+00,1.517812215662296182e+01,-1.317141540675410383e+01,-6.353180933039945799e+00,2.268146492207853981e+01,-1.580552557857862972e+01
-4.506377001622317913e+00,-8.883544184783440656e-01,2.151846854878928017e+00,-1.231773623229626757e+01,-7.462429543670845433e+00,1.516165882715944413e+01,1.232935186908492220e+01,1.608516092975412803e+01,4.398740587733136032e+00,1.682835256236923094e+00
1.788970798368826820e+01,-4.888283489864411635e+00,2.151194241321820133e+00,2.680765225916085370e+01,9.436121231309013702e-01,3.205733273692138141e+01,1.593019094405781644e+01,4.250916195003069831e+00,1.029993740571351291e+00,2.095300950676843410e+00
3.626106587462065267e+00,-1.150634715475457170e+01,-1.117548922787570298e+01,2.552381261332069329e+01,2.466015819481655491e+00,-5.027921893882830950e+00,-8.267303810676370546e+00,-1.588046630675750137e+00,-1.645665711598023506e+01,4.206000170470894695e+00
3.876649778672497604e+00,-6.394657548228915189e+00,-1.073781513897771234e+01,-1.325146163046508541e+01,-6.432278912817779748e+00,1.359916561861411211e+01,-1.314222432209708913e+01,-6.447400025767500154e+00,2.094905468671853299e+01,-1.569930970139917648e+01
1.902315356552575309e+01,-1.875043883875683104e+00,-5.852322941258833566e+00,2.516341963854515384e+01,1.192775186449423597e+00,2.913369465229155253e+01,2.173061711146584329e+01,5.994002297918193278e+00,1.019197048523370341e+00,-5.020051653248063239e-01
-9.600200298577636460e+00,1.970831753029161248e+01,2.107327238559764115e+00,5.597239921839931576e-01,1.181010302912056886e+01,4.788561188865325668e+00,1.454226508648673200e+00,1.493459571685207621e+01,1.823495869455425478e+01,-1.782327831711461030e+01
-4.023824218952821496e+00,-2.886790028214577220e+01,-2.556097059827979190e-01,1.163279756510158336e+01,-1.101028993116505283e+01,5.938918686113706435e+00,-9.635868605093470762e+00,2.241536992151998220e+01,1.239126927731002681e+01,-2.127309903902610699e+01
-8.765653335185631390e-01,-2.142869814315755406e+00,-2.502843818537779086e+01,4.842237662656468267e+00,-5.735905277365304755e+00,-7.619033622004262263e+00,1.875868757859771563e+01,2.164824982342277693e+01,3.823828450185561945e+00,-1.738732468123020514e+00
-9.050267892176373508e+00,-2.049943629096019748e+01,6.886002957233070543e-01,-8.271401139643515421e+00,3.349674997922452491e+00,1.835553153860742803e+00,-1.809575821095200965e+01,2.151487074525582344e+01,1.594612183024378105e+01,1.344504229581256283e+01
6.403232478792184601e+00,4.052500136290443145e+00,-2.285702613763751501e+01,4.639530700722423795e+00,-7.135268230236508025e+00,-9.910376238376363389e+00,2.111595916948511942e+01,1.773493806565090125e+01,1.238704248981199019e+00,-1.715781473596439177e+00
-1.016466611816585930e+00,-6.971686051649628624e+00,-1.298749358192301173e+01,-1.831235338001079782e+01,-8.428488304847148171e+00,1.049539485325392718e+01,-1.050585468133063927e+01,-9.965975123149492632e+00,2.274300384937087571e+01,-2.125115833001463983e+01
-6.864201430460422415e+00,-5.890633842740164994e+00,6.427857274636150642e+00,-1.072413434152623246e+01,-5.927070598210302244e+00,5.849274424628076119e+00,1.402798939865476768e+01,2.109838710709450993e+01,2.923720695065367803e+00,1.482661320543082972e+00
-4.949393250579971593e+00,8.070087859568977340e-01,1.593037168342091725e+01,7.705841172131413508e-01,3.295809792316312326e+00,2.168672926679731994e+00,6.200916435464802312e+00,1.630302042338015767e+01,-1.159109142778578061e+01,5.501751814112409988e-01
-9.601584227011153772e+00,1.896058549747864674e+01,3.890438307641217897e+00,7.976682294287937403e+00,1.390283864123918356e+01,1.051315236108615325e-01,2.299680792866515500e+00,1.750432737577346387e+01,1.807505446457993870e+01,-1.880599227417372177e+01
8.467154433823749216e+00,1.589203648457019113e+00,-2.086647466794939731e+01,6.906886108190778195e+00,2.029649283764955126e+00,-4.252339523626457840e+00,1.922583141262410322e+01,1.745739506448423128e+01,-2.004246698266050508e+00,-9.893972252198171002e-01
-4.789480669113084232e+00,2.209843573330812561e+01,3.727777787759440020e+00,5.962595200659555950e+00,1.303909453133930008e+01,-1.079760309818110997e+00,2.142081705410103787e+00,1.589363480025555653e+01,1.693150554416200393e+01,-2.307267554759977912e+01
-6.848016772725236123e+00,-2.038365422685945916e+01,-5.789698268549349436e+00,1.563540731015457119e+01,-1.390887443575446270e+01,2.074062923028265892e+00,-1.037692409389894799e+01,1.895345098709427134e+01,1.527172294438627453e+01,-2.269486807994969624e+01
1.834528684736672588e+01,-2.406813454472713332e+00,-4.919489771789359089e+00,-1.035566298461970902e+01,1.882175588067238081e+01,2.018023354399163338e+01,1.794954077102269707e+01,-1.253297690113981844e+01,-2.176147294016597566e+00,1.159532252482407699e+01
-1.279894786028229525e+01,3.589217866197152773e+00,1.680719929145271507e+01,-2.497096233204451288e+00,4.432079929420415176e+00,9.043624308095363773e+00,2.067871547195576643e+00,2.326761020523806422e+01,-1.727146675858076463e+01,4.229010007726486720e+00
8.038184823014098868e+00,1.146712539152718868e+01,-5.021285988055641525e+00,-1.526561675025574338e+01,6.881348988178230819e-01,-1.428580074666967015e+01,7.156857312642603830e+00,-8.591950483209650713e+00,-2.198894717111464203e+01,6.201715133156421089e+00
-7.265720249279447707e+00,-5.161484069386167661e+00,2.748584003341529858e+00,-6.300848236442802452e+00,-5.147766633171835693e+00,1.165852239937333756e+01,1.085194420117490566e+01,2.010713818330084024e+01,3.033593610387637973e+00,3.066096160699467887e+00
7.784611477126176515e-01,-8.307292618749748669e+00,-9.446278850072321376e+00,-1.369145076431817287e+01,-7.944485001107346456e+00,1.956456656603048216e+01,-1.406223177790463730e+01,-7.192033039113768567e+00,1.863087043861908754e+01,-1.788216282199300622e+01
2.075758113825467888e+01,-4.481562500183297715e+00,-1.271644664387392432e+00,2.136654925980690578e+01,-3.994114363564333914e-01,3.019564530809025982e+01,1.853385090466889551e+01,7.107952914725231608e+00,-1.770325076578977974e-01,-2.884271693290867855e+00
-9.070546993409129399e+00,-9.986696676857043098e-01,1.349704012038571044e+01,1.185826483278599408e+00,3.459789911172021615e+00,4.920588939661895367e+00,6.083632363304675827e+00,2.259938315449498347e+01,-1.515980683352720959e+01,-3.571010459926512226e+00
1.129108245911049124e+01,3.374156449939400115e+00,-2.477128155062599202e+00,-1.231013986207400279e+01,1.800094932825964733e+01,1.564298021979220898e+01,2.312562151300017632e+01,-1.508214608956947700e+01,-2.585780353820038791e+00,1.434502920731896225e+01
1.707769211021170364e+01,-4.282042753550317826e+00,-2.346016548762305920e+00,2.726759720988774660e+01,-1.550244038427746496e+00,2.796819953677187343e+01,2.250954216029609967e+01,2.707695669102110347e+00,-1.322344132838861430e+00,-6.486548058751257173e+00
1.868443115107578434e+00,5.930679834140923923e-01,-1.684701734809428331e+01,-5.976929149102841343e+00,4.158553914403619878e+00,1.299763904280141880e+01,-6.858138900884942935e+00,-5.413238074673850875e+00,2.112023397161949845e+01,2.625396096454890937e+01
4.929519544869181757e+00,5.009942396678587428e+00,-1.250340132943941107e+01,-7.865286381565178786e+00,8.838295369511433464e+00,2.140410957259721769e+01,-5.078499669051886656e+00,-1.375255301056844681e-01,2.015066962224827307e+01,2.636294723108862215e+01
-3.781487350573183859e-01,-7.078872325290519463e-01,-2.043632149836959755e+01,4.822881137400725216e+00,-3.317588540056819912e+00,-2.902313375438656529e-01,2.065142448742544090e+01,1.627205918143518915e+01,-1.649303512070923627e+00,-1.084448318097160602e+01
-5.278988220363146411e+00,-2.642185822594525035e+01,-4.651201872317693109e+00,1.412296410946471248e+01,-9.714897417433419946e+00,1.829995418585386613e+00,-1.080217211435539859e+01,2.074340334504082506e+01,1.411417225213644322e+01,-2.272287229746684289e+01
-4.908721797108335672e+00,-2.222120630809438424e+01,-6.101670671400559742e-01,9.827531498978974156e+00,-8.478562828202777624e+00,2.756802678042066468e+00,-9.570253448657464190e+00,2.246837344342506881e+01,1.569029697993645556e+01,-1.953358368216083107e+01
5.388571269646504902e+00,-3.287137309404887464e+00,-1.628130587572766075e+01,8.816028715995503973e+00,1.422934182417668225e+00,-1.586507701009473870e+01,1.871079817446006999e+01,1.731845972343726103e+01,-2.866376198099545025e+00,6.454347886617473051e-01
1.444978707036646348e+01,-2.481612602250480748e+00,1.580010475062950004e+00,2.349886500933791922e+01,-2.167962652387052103e+00,2.721862812695392719e+01,2.253002511209403380e+01,1.241732320701110837e+00,-1.775899178986201754e+00,-3.665395499699150239e+00
-7.483265408143612518e+00,-3.403315657184118770e+00,1.232950466259479683e+01,2.319932686305800629e-01,3.220701089856585764e+00,7.907695291537875981e+00,4.607655354428458416e+00,1.637134514303614452e+01,-1.434758265745698225e+01,-2.722156398344414363e+00
2.614091157739975468e+00,1.619105874005731582e+00,-1.873509886210019104e+01,-1.942776374755557978e+00,9.118826622242655944e+00,1.460789562876565029e+01,-9.612369967919027758e+00,-8.001932889911122615e+00,2.034736805380434532e+01,2.365962234868801772e+01
-5.578501509193596775e+00,-2.256086659539466410e+01,-2.090053734295916676e+00,-4.652764542263966518e+00,4.151081342266435215e+00,-5.189409829093484527e-02,-2.090472467687354552e+01,2.869717795437578545e+01,1.187034923020019939e+01,1.052093166531655477e+01
-5.855551107990407012e+00,1.645452078087938119e+01,2.209548344762657823e+00,5.153263707546164696e+00,1.588328138449445781e+01,-7.871759960251499821e-01,1.700793202757046707e+00,1.639627232760996733e+01,2.238577418685363085e+01,-2.165252136943885120e+01
2.705737867243738215e+00,-1.539079727323182656e-01,-2.068662082768607391e+01,7.715010263064691287e+00,2.246986722720886398e+00,-6.717467136146880513e+00,1.520597327221068262e+01,1.691432192561639880e+01,-5.259137829285570831e+00,-3.970842613536334831e+00
1.866148447820955347e+00,-3.347588668861930294e+00,-2.150180754755498569e+01,5.422443446539833900e+00,-1.392215862414774463e+00,-4.509240434145720400e+00,2.136984642042535043e+01,1.768506169137273432e+01,4.330309340319795641e-01,-3.961636761831324627e+00
-7.711542163703359876e+00,2.027603140149052408e+01,4.766993698224304410e-01,4.174249104969047330e+00,9.878559800782960920e+00,2.631549557774631953e+00,5.445375741040404449e+00,1.462021878959480858e+01,2.028706881340865920e+01,-2.516999975827161506e+01
-9.987218456096169206e+00,1.962751781597016176e+01,6.651531246012288845e-01,3.655271432730329284e+00,1.237555672468166890e+01,2.071323983485556131e+00,6.476273442817925829e-01,1.422527704524030412e+01,1.633354498110748665e+01,-2.593353794607013896e+01
1.668975659231259456e+01,-4.503033965717953890e+00,-4.907587749306853375e+00,-1.014483825237813619e+01,1.688576352918074619e+01,2.177618393140565445e+01,2.283363140422684978e+01,-1.263530211255178948e+01,-8.171797040028703663e+00,1.847506904604215094e+01
-4.428212507672993681e+00,-2.266016197595952164e+01,-7.445729146183458269e+00,1.211184717756188434e+01,-1.344837218347637986e+01,6.682815065182733605e+00,-6.152302710896710991e+00,1.854856885389996890e+01,1.616264951847897535e+01,-2.196962278790890011e+01
-1.278174004259711438e+01,-7.459714502115082357e-01,1.355928512571228239e+01,2.057574577181374487e+00,-1.073223180764804940e+00,1.028478145537995836e+01,3.136338234988736318e+00,1.837381605287203001e+01,-1.350995401660774142e+01,-3.571525026117877921e+00
-1.132397285627133954e+01,-5.835046786589279222e+00,6.837454101501744930e+00,-7.892346448783854385e+00,-2.960686301071454807e+00,6.872986700905394208e+00,1.037215950554317345e+01,2.053975862821673104e+01,-2.590401202950423087e+00,-1.355731413413981734e+00
5.209138436968745900e+00,-1.263101455045367771e+01,-1.629218358763825236e+01,2.270875429318801864e+01,5.324442237345392570e+00,-1.965634892562322378e-01,-8.361591556660037838e+00,5.499735001251860211e+00,-1.667845533591868445e+01,-3.954680699729739013e-01
1.151604715744900087e+00,6.527546586415824414e-01,-2.404665632375255058e+01,6.320079694358282651e+00,-3.529272237537024015e+00,-7.915423593472556973e+00,1.753704484389817964e+01,1.546429942286046177e+01,-2.382978445197691642e+00,-7.211862115558711928e+00
5.189561121190362059e+00,-9.624454815332871283e-01,-2.198292390073983427e+01,5.935277815165864723e+00,-3.882339814755483509e+00,-1.042349785466596224e+01,1.695609458419884064e+01,1.722191167367371634e+01,6.856469480817251050e-01,-4.229386744898664396e-01
4.448152592758367163e+00,-1.258941292672373358e+01,-1.056533988347304387e+01,-1.149386328826131276e+01,-7.977540306447993501e+00,1.552215385651711088e+01,-1.126774774663351231e+01,-5.771362089263046613e+00,2.055777746980228216e+01,-1.228087717054302352e+01
9.469457914757661854e+00,-1.665158892484448572e+01,-1.034227585215461787e+01,2.298157539642308578e+01,2.886663213734810718e+00,4.794892133196010597e+00,-7.166905144816405837e+00,7.397605614412866792e+00,-1.228408228450417816e+01,2.147594677307792299e+00
1.656947121920382404e+00,-3.960845477432564987e+00,-2.246122126727016166e+01,2.201927583296325874e-01,-2.577935102118842803e+00,-1.469843056179019003e+00,2.247738160208019309e+01,1.338627615720304576e+01,-4.743323850481026005e-01,-2.185107303713884175e+00
-1.164274035645839867e+01,-2.267112639965772658e+01,5.360257111191868429e-01,-1.568871556722211569e+00,6.452619874627457008e+00,4.415899976297694984e-02,-2.014393933917851243e+01,2.341832210358219157e+01,1.217490902249075901e+01,1.515759413180227355e+01
-1.097069997209675840e+01,1.799533139639158463e+01,-1.510802913297595751e+00,3.653459438052965691e+00,1.490058903097215470e+01,2.775810070447470856e-03,-1.149074041301421989e+00,1.696627118900837061e+01,2.017089061257738081e+01,-2.257822338882769131e+01
-7.567024146073703106e-02,-7.418908383723961997e+00,-1.080123744221117832e+01,-1.482666208284942932e+01,-9.550973834476101487e+00,2.170690015573762111e+01,-1.371268259705151138e+01,-3.068898677040767797e+00,2.086975420749322296e+01,-1.456874990404144654e+01
6.843789411076286466e-01,-1.006155196016087494e-01,-1.845562524211887734e+01,-1.020650394156755958e+01,3.869049367415471785e+00,1.686575231480087922e+01,-8.525883877663076760e+00,-5.375760005787307172e+00,2.451490440092500833e+01,2.248448232906599742e+01
-4.578910563186574301e+00,-2.937570884704186014e+01,-2.094306281820248472e-01,1.209808586542123976e+01,-1.302947229936760287e+01,9.907856420678414766e-01,-1.057131929602575937e+01,2.062711157395528971e+01,1.356437887944598231e+01,-2.013210445971202844e+01
-1.196693008649547529e+01,-1.453964637570980045e+01,3.543864957005174343e+00,-6.988000500248831237e+00,-2.532016575633949884e+00,6.129066242523297348e+00,1.115473228946000894e+01,2.054051528098434432e+01,-6.603429458860050616e-01,2.372660384305982362e+00
-1.355565290002401646e+01,1.488571627227004424e+00,1.502474797514048177e+01,-9.034583716915288720e-01,2.961591209525932911e+00,1.061478938588029308e+01,4.205423811518071986e+00,1.869011406145904175e+01,-1.476238087589740822e+01,6.811308819818915339e-01
1.857039143550747173e+00,-8.435383840503856145e-01,-2.083961072914479118e+01,4.972497517215658469e+00,-1.548077267290919323e+00,-5.923981435765600878e+00,1.742084782294569223e+01,1.706080337135944802e+01,-8.869114746629604973e-01,-3.693294255257944858e+00
6.509297765982391404e-01,-2.431467603342473538e+01,-2.594123331426867463e+00,1.447311275425310129e+01,-1.556858527797457903e+01,6.791587686694471770e+00,-9.947499564711268505e+00,1.959175280009476694e+01,1.302363227668960732e+01,-2.356709236975818911e+01
4.455777066844170520e+00,5.816104859812426753e+00,-1.485235278458265462e+01,-5.940679938314170627e+00,5.185894521620479480e+00,2.154800887755147798e+01,-4.963392139517177171e+00,-5.541087893211316562e+00,1.943782672426338465e+01,2.692311337731008081e+01
1.271638955581580177e+01,9.383000043275309121e-01,-6.329370790177364370e+00,-9.294640829829932116e+00,1.995803917682475159e+01,2.704787074977042494e+01,1.827260624119631416e+01,-1.023805065403520409e+01,-3.305867144349766473e+00,1.739958776626522763e+01
5.451289898050775129e+00,2.198542185250239811e+00,-3.561841005512301095e+00,3.710476132052116682e+00,2.014350172926839733e+01,-7.557646664247060997e+00,-1.396708679453645274e+01,-2.361836748041008249e+01,1.935752167534063162e+01,-5.466239683506190161e+00
-4.746446607441351162e+00,2.289336076118004826e+01,5.832737889908901074e+00,9.850261991270137241e-01,8.134494155481974076e+00,3.390273272852045494e+00,-3.444445071538150493e+00,1.846158610232379615e+01,1.944765649229958626e+01,-2.588544896016460228e+01
1.045268785449533500e+00,3.049974499523850469e+00,-1.798707556200625390e+01,-6.934000712305083525e+00,1.220423934318817905e+00,1.786364408776467982e+01,-7.569710362436316231e+00,-6.770191765145198382e+00,2.122627813126769780e+01,2.731722846813228855e+01
1.663384923131550863e+01,-2.678937519537699430e+00,-1.284841258761517224e+00,2.314778430805761644e+01,-1.247421605615618212e+00,2.921288552573175679e+01,2.017654733229365505e+01,4.529117005082353487e+00,7.466879258385354934e-01,-6.979625474957204645e+00
3.459693550081058167e+00,-6.331767103264341223e+00,-9.670041837910096305e+00,-1.028980415212834210e+01,-4.535711326108455843e+00,1.741350382060838342e+01,-1.633438283562132654e+01,-5.792210081243554853e+00,2.130599726834752516e+01,-1.589755005450950875e+01
3.393238853245779119e+00,1.573126323104314395e+01,5.714778995775903425e+00,-1.379621634567137889e+01,-1.319855141056327508e-01,-1.850297363694770070e+01,3.199379987229751254e+00,-9.045560796651278324e+00,-1.134480550898298468e+01,8.802810942213740830e+00
-1.197044767916666963e+01,-7.041490903000589441e+00,1.529776384499275288e+01,3.516406817867988366e+00,7.673722010147812078e+00,4.251182520738442605e+00,2.607265164197960061e+00,1.864367091260907472e+01,-1.496084064463215846e+01,-4.401263916904792239e+00
1.500193378821965773e+01,-2.718638185899863835e+00,-2.085379598396333467e+00,2.408815638666655801e+01,1.858759185793156465e+00,2.895986626103396233e+01,1.695455867669248207e+01,3.532313503424182155e+00,1.466708710019367423e+00,-4.632830143061539729e+00
3.604947195189687648e+00,6.915083851176863083e-01,-2.658463316643548069e+00,1.276879350521207002e+01,2.451801127616969822e+01,-9.324670719031457722e+00,-1.630414415367794234e+01,-1.951059100854821082e+01,1.091659040746878340e+01,-8.597315429139918308e+00
-6.532878990195233548e+00,-2.483463067788435907e+01,-2.047859965569024610e+00,-1.107902858388759881e+01,7.924345310987184199e+00,-4.776959748263194250e+00,-1.704198365244476321e+01,1.938672783659169596e+01,1.206132736536166483e+01,1.029910641811270899e+01
-1.325537432443368679e+01,8.374280803433635789e-01,1.508166380399141815e+01,-1.702525202627191536e+00,3.126504106458694032e+00,5.058856256469940860e+00,8.170691671052978222e+00,2.065972986618374918e+01,-1.426106408643781975e+01,-6.702615991164253550e-01
-7.011462081713673911e+00,4.589742414016313887e+00,1.931850254926898458e+01,-3.129346212252084758e+00,9.208355786087206951e+00,5.529898782450561434e+00,5.015598833797876743e+00,1.922880287243450681e+01,-1.151944914814636611e+01,-6.165404564115422037e-01
-7.645297971888473043e+00,-5.827599589442315597e+00,9.118572941629883744e+00,-6.304991099278626443e+00,-1.872349759004061198e+00,8.756068576294353534e+00,1.334628104793116954e+01,1.975571075256436870e+01,-4.137370960282089616e-01,3.829521671358808721e+00
-7.686723893972629895e+00,-2.643103425131203821e+01,4.223833287482571919e+00,-1.096415917913497395e+01,1.575782975763328597e+00,-1.898610862570887292e+00,-2.007841084888022820e+01,2.527577625078089341e+01,1.687527006549510489e+01,1.359816934067568006e+01
-1.315259241381727673e+00,1.788689476399422418e+01,2.698745828531077251e+00,-1.129840274510718889e-01,1.047783225421796161e+01,3.004685810506268151e+00,3.613757651787261604e+00,1.395665877765499019e+01,1.888824475711980000e+01,-2.269373919144999618e+01
6.796761839284564566e+00,1.472918184403168240e+01,-3.343546217102556506e-01,-1.723935785903913498e+01,-3.780727300675912339e-02,-1.313560137011795881e+01,5.963496732223037000e+00,-1.113292466302016415e+01,-1.085939302012512009e+01,1.031125053246046974e+01
1.843504090107908056e+01,2.926434678823035984e+00,-7.531579896261022533e+00,-1.127132341062252330e+01,1.754968613407338296e+01,2.179098456235870174e+01,2.084470160367082059e+01,-1.365577378614180937e+01,-5.800140342947455174e+00,1.674407131209569854e+01
8.276455560436424719e+00,-4.242345502948002611e+00,-4.658332330688530476e+00,-1.014701943148043028e+01,2.221778927071015275e+01,2.478998536544363063e+01,1.808172400570764893e+01,-1.186456352486303700e+01,-2.876240862206279836e+00,1.749437453282610377e+01
-5.062877281858575884e+00,-2.069486126752095601e+01,-3.752235888750246495e+00,1.110057236268312408e+01,-4.831797856118908996e+00,3.375798701606544938e+00,-6.985737881884116263e+00,2.263110839874718039e+01,1.490019025147751641e+01,-2.267121638592569610e+01
-7.052850547115388835e+00,1.914016363095676709e+01,3.489088429976196615e+00,4.662546999202208831e+00,8.760182912315450210e+00,2.427427299682456852e+00,7.770587160368618740e+00,1.397134337853033337e+01,1.516387121584073761e+01,-2.165754053696774406e+01
2.803589421870183340e+00,-1.371356326566559503e+01,-1.435909562743171541e+01,2.787958095984363993e+01,-1.433769146649122028e+00,-1.361051598929073014e+00,-6.184216195696058627e+00,-5.040871247592144666e-01,-1.217991242214304926e+01,-3.223777417711910509e-01
-9.795006339115449379e+00,-9.799757338340885582e+00,5.788034207037963341e+00,-9.821022866738648105e+00,-6.378832702000536869e+00,9.561663744953021293e+00,1.167970688317937622e+01,2.291703324228171823e+01,3.310119701930390956e+00,3.861913301406219468e+00
2.929716421075849730e+00,-7.079697462641431294e+00,-1.226328688791271659e+01,-1.675398749536623200e+01,-4.240805997667960625e+00,2.116374705456185268e+01,-1.488542795425352061e+01,-5.967452058975641016e+00,2.038384006708086460e+01,-1.919925613155802679e+01
1.474648264576816636e+01,-2.745912388962762130e+00,1.212978916599277479e+00,2.583708002385350611e+01,-2.212696301376373409e+00,3.331487310480840591e+01,2.158635690308162225e+01,2.662254094070178212e+00,-1.464819508470295517e+00,-1.171727994715319188e-01
-7.746742015195946074e+00,-7.880945691620193649e-01,1.028306523886348955e+01,-1.592158821449770612e+00,4.017346990173606969e+00,8.103701362905979977e+00,2.375443757193862915e+00,2.095696434677779507e+01,-1.446044631503756506e+01,1.095463263564365963e+00
4.368084200436983089e+00,4.249162161315681807e+00,-1.586727836973089012e+01,-1.113546757868789250e+01,6.543066834379638763e+00,1.689150893924632513e+01,-8.539436728328722026e+00,-4.587446949825674025e+00,2.164510366448823930e+01,2.178592962905959851e+01
7.821135367375805281e+00,-1.376742548027972823e+01,-1.038688172231053741e+01,2.623612610974135961e+01,-1.503745792403663017e+00,4.540713424403894471e+00,-1.032963564300224490e+01,7.666998768644862849e+00,-1.782620263617972611e+01,6.166240468122344609e+00
-1.345137577864552014e+01,-9.804224996644306245e+00,3.249670285006970971e+00,-8.703700110950370217e+00,-8.428483927010589127e+00,7.101586062274372502e+00,7.902399543095604884e+00,2.226858009670557692e+01,3.232385275880282460e+00,-1.586529883938307961e+00
6.077080885045260672e+00,-1.478840102318494765e+01,-1.727467546300200851e+01,2.664833927184110607e+01,-1.243724980581589312e+00,7.200145097433993113e-01,-7.749868933679988636e+00,2.198995406492644911e+00,-1.720651471131314736e+01,5.915869601959840907e+00
-1.466937074867907143e+01,-7.994946856580468442e+00,-8.454178648549313113e-01,-7.954538675174646301e+00,-8.974147163614294431e-01,1.030846240852051920e+01,1.392483314273117756e+01,2.152564040505722431e+01,2.248617702615453240e+00,7.005404801697951100e+00
1.897978819398564099e+01,2.785633685838824203e-01,-6.312110730812068304e+00,-7.437454146814181932e+00,1.584022120200313211e+01,1.867840058644829071e+01,1.803678831531858151e+01,-1.401992363382434803e+01,-4.721928938504939666e+00,1.143290958154257453e+01
4.241681267206975470e+00,-1.116117491886276625e+00,-5.809624210134890276e+00,-1.738269092727432508e+01,-3.185203430101118727e+00,2.065989317786419122e+01,-1.154613868582212355e+01,-7.747259826847610498e+00,2.258699224301439301e+01,-1.747874063591062210e+01
-1.251762970213663673e+00,-8.653155299960216595e+00,-1.015549450579806567e+01,-1.437384774896318262e+01,-4.358600075015456987e+00,1.995734993075810593e+01,-1.170017286127400169e+01,-6.588559050637350367e+00,2.152965072299877036e+01,-1.361587271190516013e+01
1.594785866307108169e+00,-9.352144449014359040e+00,-9.534232291059026920e+00,-1.020487276761789808e+01,-6.848381419652708857e+00,1.384648253502216697e+01,-1.682212033577592791e+01,-8.987422802465012239e+00,2.170532152693790096e+01,-1.642707094667043677e+01
-1.728802005782269902e+01,-1.601521155348691217e+00,2.151449004744841886e+01,1.278091205203287117e+00,8.790903924599499319e+00,7.339971744327108638e+00,2.271386187055155048e+00,1.856692900033315397e+01,-1.465458859024297489e+01,-1.440609323575993583e+00
3.891565296178248978e+00,-8.336189932041948580e+00,-1.553993484543223502e+01,2.379570173331529404e+01,4.073328051432075769e-01,-1.318154333765603203e+00,-6.470610916911042843e+00,6.002879713296241704e+00,-1.657629285388793505e+01,2.741191146716057681e+00
5.085785969575326249e+00,1.242095814913499829e+01,-2.664162383694563374e+00,-1.299820654251255192e+01,2.201629248304460607e+00,-8.596176395587114882e+00,2.973889536816681556e+00,-1.082135537911899803e+01,-2.038051160812187135e+01,5.416819510200804544e+00
1.691911930040255996e+01,-5.473236929401548156e-02,-2.520455976392239617e+00,2.351303553738910068e+01,-6.044553169202684373e+00,3.162784004866343324e+01,2.056250644421808360e+01,2.474187369458916486e+00,6.043782171077283216e-02,-4.779279323445193128e+00
-8.291329728347484718e+00,-2.257653113928045130e+01,5.804335401931320249e+00,-3.664353707046301700e+00,2.927928883782486835e+00,-1.780188667219247733e+00,-2.118909967557322105e+01,2.751309917635439106e+01,1.096166624255271849e+01,1.449670264654052687e+01
1.898836583975230141e+01,-6.920447688296746946e+00,-7.529546624062996019e-01,2.748953667034373538e+01,-1.272567915422188056e-01,2.680160608889671536e+01,2.006802567117013680e+01,1.580298105246900953e+00,-1.189976398079116482e+00,-4.510842967188541941e+00
8.372581855728302713e-01,-5.775361742366118101e+00,-1.222437852905332001e+01,-1.765751708487449179e+01,-5.731107584211456718e+00,1.941995904919404481e+01,-9.141522341955848674e+00,-8.967790962937570498e+00,2.086105314865928761e+01,-1.200341100293465857e+01
-1.294362445287659291e+01,-5.664540552613794411e+00,3.339831358889968183e+00,-6.684551754573798021e+00,-3.436612231031194398e+00,1.126904587449871187e+01,1.328947106726800165e+01,1.972938859046802662e+01,-1.743661121909114264e+00,-4.227027357010082476e-02
-3.190667535596981352e+00,-2.563918093253729324e+01,-1.688164689105637883e+00,1.024343935404096761e+01,-1.259614417138597453e+01,4.124493062068040672e+00,-8.029247533231119505e+00,2.289853076552682509e+01,1.454140262726650334e+01,-1.779055465911697098e+01
-5.748356610103294351e+00,-2.788647417699457520e+01,-5.135137788199751085e+00,1.617809039216079370e+01,-1.568778643561477004e+01,1.235106339718297974e+00,-7.643019601960000742e+00,2.402518347559022160e+01,9.533719490350556214e+00,-2.354221582897668696e+01
2.139908034494666822e+00,-1.058175833232890461e+01,-1.184719007365301380e+01,-1.096421257272616678e+01,-5.353474169460685772e+00,2.169934225119201443e+01,-1.422517713799488348e+01,-7.482854567241339794e+00,2.323308543877337584e+01,-1.864920050824428799e+01
1.813316438194249614e+01,-5.753521567750158994e+00,-7.385736204412843842e-01,2.658037130934914671e+01,2.565784246006217906e+00,2.723573000247680653e+01,1.549088275471362053e+01,1.462681247896374659e+00,3.140930493182208849e+00,-4.510840293942374180e-01
-6.847473027180905447e+00,-2.153989885448008579e+01,-2.664481226908239631e-01,-8.442872276807676712e+00,3.808625454685360179e+00,-3.692459894077701144e+00,-1.678586092350654368e+01,2.408765657671510851e+01,7.420191094648350472e+00,1.020921040080095743e+01
3.591556747747507217e+00,3.721212254772824579e+00,-1.816170622109946819e+01,2.216169993731226473e+00,5.127551963913942190e-01,-8.420209477207077242e+00,2.120070042815998335e+01,1.511074414389911524e+01,-2.464067218403975801e-01,-1.988643687624151335e+00
-4.918051591535450129e+00,-2.526041645614839837e+01,-3.951379278868922373e+00,1.214105625018622092e+01,-8.056549062413687068e+00,2.848185941908523588e+00,-9.390542999248342682e+00,2.453075756989121103e+01,1.425846430172503254e+01,-2.357807095844376377e+01
5.538360023864415282e+00,-2.129385890969047956e+00,1.167838394593307072e+00,1.316555853290506839e+01,2.369627610309846588e+01,-1.083024156985771036e+01,-1.754054281239082513e+01,-2.191210966467286170e+01,1.287607288754773904e+01,-6.294394344506297756e+00
-6.469193815011021087e+00,-2.544178517502944459e+01,6.152785240523250820e-02,-8.256410496812634392e+00,-2.106790891410863509e-01,-8.527523400189871428e-01,-1.769538723431150018e+01,2.683122734660555864e+01,7.507469057420053105e+00,1.167831232928694796e+01
-6.630936794114441035e+00,-2.302064841678125617e+01,-5.503733141553002639e+00,1.609571371717387223e+01,-8.507119277189149287e+00,5.787937580554566530e+00,-6.998989170851610098e+00,2.343712614764541158e+01,1.042271853497219780e+01,-2.241885111991852142e+01
-1.143693534415128887e+01,-1.739075790250800324e+01,1.501510045594010023e+00,-9.575455426287911465e+00,1.632173152680118644e-01,-5.271550809597708387e+00,-1.828858295923617305e+01,1.876809533430897403e+01,1.231955558421769226e+01,1.598493028805953919e+01
-2.231734650566078226e+00,-9.624063449019084615e+00,-1.088815325311563598e+01,-1.874552409797858488e+01,-5.153713732429896943e+00,1.865684782858358304e+01,-1.237860645645744384e+01,-3.176445758959013599e+00,1.913121960906643437e+01,-1.723607059455060764e+01
-5.301575769661034165e+00,2.132646856778949740e+01,1.061771334924890731e+00,3.444689748112485184e+00,8.418665347528692777e+00,1.469650801432928366e+00,2.259785190440750657e+00,1.742144065391930852e+01,1.832836187849292742e+01,-2.506366328043207048e+01
1.933602672406814804e+01,-5.795924567396713911e+00,-2.811987371023667581e+00,2.082242950675403037e+01,1.700548083089329365e+00,3.285856608609596918e+01,1.671681021731138372e+01,3.028020736005421210e+00,7.434801801202993721e-01,-3.694392673848376774e+00
2.368564200979921708e+00,6.407515732321183322e+00,-1.918620884842652430e+01,-1.254283523942093836e+01,6.384555980511128936e+00,2.439927167908795624e+01,-8.742240640343030833e+00,-1.012758430801711107e+01,1.964148714623468805e+01,2.167649291841772552e+01
-4.964477972999070232e+00,-2.274379822771104998e+01,-2.871461382590645428e+00,1.579506280099897708e+01,-1.108849925451314533e+01,-2.133127812493552877e+00,-8.729202716294217623e+00,2.164615995833129247e+01,1.530058500878359062e+01,-1.905742274052663987e+01
7.794266997292909060e+00,-1.362896549442177374e+01,-1.035374382632747547e+01,2.397678091351553320e+01,-7.576947267951569254e-01,8.461970718779285860e-01,-7.985826741726916644e+00,9.454341901518244384e+00,-1.808174211564072564e+01,2.881717905618355502e+00
5.059398685188300604e+00,-1.399166500803704949e+01,-1.436948595595095490e+01,2.825931799586848570e+01,7.912129064137538581e-01,1.533418481437534009e-01,-8.987155755613651209e+00,1.815649984513742154e+00,-1.535588243303818423e+01,2.598801609057959983e+00
5.982226069363341558e+00,-1.251897577981570642e+01,-1.399554364632115089e+01,2.778007136487929429e+01,-1.962553925492149576e+00,7.178266689352976737e-01,-7.413312168811473590e+00,1.865194716754867477e+00,-1.092819043874323626e+01,-3.343426586222013053e-01
5.014966460646171242e+00,1.579623418691962655e+01,-1.180747955453358422e+00,-1.453893046660043531e+01,5.855725203919682542e+00,-1.450963092639723051e+01,1.697554380327150003e+00,-7.115312275066492553e+00,-1.471242572285138728e+01,8.398794415597160778e+00
6.659099179463899176e+00,5.891039300504710141e+00,-1.665212973909194361e+01,-6.645804057402876275e+00,2.600148285356614686e+00,1.689301504208347282e+01,-6.492016651600146515e-02,-8.951008942280843428e+00,1.769829761979431737e+01,1.980041264613993235e+01
2.412924501407620603e+00,3.883955493035459394e+00,-1.611275221143068848e+01,-9.806812534012701477e+00,5.306166142791910900e+00,1.943417972304065700e+01,-5.051907766710536762e+00,-3.993669857254543487e+00,1.971545693623374618e+01,2.626531825837419021e+01
8.193923444198278006e+00,3.730093341050880085e+00,-5.778260918021010717e+00,-9.618096103211428272e+00,1.921844008640895396e+01,1.344756642456872342e+01,2.139037752435596929e+01,-1.615951657530722940e+01,-1.001686125458984300e+01,1.270429256903432957e+01
-6.585243241326606878e+00,-2.804810883191318993e+00,2.647265100457985909e+00,-1.050613371243183991e+01,-8.716031856765420471e+00,1.324785359348802061e+01,1.416813131318037833e+01,1.585536204428348483e+01,-6.372417003201306107e-01,-2.178055870002163275e+00
-9.571465566881808940e+00,2.289149245994672199e+01,-3.118357607142796084e+00,4.474942367786884034e+00,1.554450786847475463e+01,-1.424082912775589405e-01,5.840761021592594915e+00,1.474053764974880742e+01,1.769311766280218379e+01,-2.454671908756022347e+01
-7.874560708070799997e+00,1.659525753916330970e+01,1.747933920277706665e-01,3.857652496972214351e+00,1.629559480456844867e+01,2.642253602548885638e+00,-4.390448705595426659e-01,1.650226771794476832e+01,1.951734118484912273e+01,-2.476831232505059788e+01
-2.557219608723235282e+00,-2.126106426229827662e+01,-3.611168544657791024e+00,1.336392026047586690e+01,-6.817939904983600030e+00,3.200217812090666580e-01,-9.239795712247721227e+00,2.007653243210338090e+01,1.959480968503485343e+01,-2.213580046116452138e+01
-7.451532150016384470e+00,-2.603340150311725765e+01,-6.711834754978373674e+00,1.253073153487048330e+01,-1.023372446769744215e+01,2.237808333084684964e+00,-7.320645809354463296e+00,2.445686252474518696e+01,1.116159514467111258e+01,-1.976424891355685176e+01
-7.277022845678948748e+00,-6.276643018710439392e+00,9.839711645588179678e+00,-9.912467450251572387e+00,-8.064144545938585651e+00,3.451852889558336912e+00,9.232357138719891054e+00,2.367683461576704573e+01,2.534159306539236489e+00,2.669045991895667935e+00
7.977645302864457832e+00,1.533440675953803023e+01,5.735510471042935876e+00,-1.403837727174534322e+01,-1.994536187291279239e+00,-1.324815516729788634e+01,4.961194011024676165e+00,-1.230100030773722963e+01,-1.351528915360312588e+01,6.132483817211632271e+00
-6.406251663852637002e+00,-2.046832187050497609e+01,2.863692582257185926e+00,-6.023841686572799503e-01,2.084708456394730458e+00,5.097803166238323858e-02,-2.539233365254346353e+01,2.570464061270009637e+01,8.074852103508192158e+00,1.890319339799246734e+01
-1.009522493912543162e+01,-4.803382611951230174e+00,1.112819169487977078e+01,7.506291905543354126e-01,3.958322967156675087e+00,9.771528021131066666e+00,3.321740514535965971e+00,2.178865584659547849e+01,-1.876668291674048561e+01,-3.071153932300430434e+00
5.669225762780898847e+00,-1.465308123146110830e+01,-1.530153408540835436e+01,3.048283392672957604e+01,-5.977824178752982887e-01,1.476920995114279211e+00,-5.205122617214801295e+00,5.019026922120086276e+00,-1.598498828095959112e+01,4.670705516005160263e+00
2.105750875969955693e+00,1.647528190707407525e+00,6.845798957842100796e-01,1.730463309004915828e+01,2.169933087431976304e+01,-1.142264036511438619e+01,-1.466297643656497840e+01,-2.837101001016930013e+01,1.047129514004218720e+01,-1.101562675696761673e+01
-3.603731739395567235e+00,-2.974855966441778321e+01,-1.574958433787579715e+00,1.663421934747231390e+01,-1.284539336007573063e+01,1.537817081582782741e+00,-8.398030825254375387e+00,2.055984696810616441e+01,1.626527842691406534e+01,-2.625462677856880589e+01
8.352166269065158133e+00,1.076998339479937172e+00,-2.729468718093226443e+00,-1.155116257671227942e+01,1.934848410366111793e+01,1.854136893415639875e+01,2.393747396881038370e+01,-1.357041922817972690e+01,-1.275828537489266523e+01,1.639812623438535155e+01
-1.475708828203422129e+01,-4.347162491285961883e-01,1.673937776804251243e+01,1.598131072518065521e+00,2.301017657408241046e+00,1.074221988118826232e+01,5.930289597941630575e+00,2.051716739534403899e+01,-1.062396882138145848e+01,-1.782573041487675702e+00
-5.925621353749988884e+00,-2.232072444729833194e+01,-1.339796757260418136e+00,-4.896161379831658778e+00,2.788817139525218369e+00,1.662238744174787453e+00,-2.140556847251292538e+01,2.384119598022277131e+01,9.253066579978213468e+00,1.399021783028641863e+01
1.898896685793544137e+01,-5.047368493849883286e+00,2.222272916082641103e+00,2.357830400488124667e+01,2.136445066666166959e+00,3.152402327003603943e+01,1.993660331005985853e+01,5.817537854778603856e-01,5.602386605759480886e+00,-2.152265434600602934e+00
1.758810961498377523e+01,-4.405207661223412785e+00,1.006496187682270449e+00,2.229684664404874184e+01,-2.312685581097396081e+00,2.647932038079262185e+01,2.314928037763223045e+01,3.185030087984006109e+00,1.124947605832135933e+00,-2.932925805136514352e+00
-7.954771760085872501e+00,-2.075402108924691191e+01,3.711712867260541948e+00,-1.009257479146554992e+01,4.954951051728923694e+00,1.693891409444946872e+00,-2.183862064425027327e+01,1.800504186254129735e+01,1.280093452502526041e+01,1.982071256587203578e+01
-8.142251111449670731e+00,2.046864257164615353e+01,4.970789491656224524e-01,3.593289599614992280e+00,1.804131449682212818e+01,6.534303185298209193e-01,-1.642437700853412119e+00,1.931520633875185666e+01,1.883973916586841213e+01,-2.779678806984287576e+01
8.540566737455284496e+00,1.049383970435354030e+01,5.194750303884790865e-01,-1.345894144234797984e+01,2.310285686398272809e+00,-9.435425916993757767e+00,2.718554092364883434e+00,-9.006522869369574025e+00,-2.008263538078162469e+01,9.433863945320551281e+00
-1.430217930679292060e+01,-1.746912060864354577e-01,1.566574696177884896e+01,2.672797291011328014e+00,5.594704953106042211e+00,1.204759129680964413e+01,5.116460776290317369e+00,1.750985953477595913e+01,-1.549824972458307748e+01,-3.823281037082359113e+00
-8.343650258590018964e+00,1.700450797612709408e+01,1.937376551492552279e-01,5.482411363145004657e+00,1.307786867545787679e+01,3.528933318431676902e+00,2.632906656911471188e+00,1.800194879368161693e+01,1.821069629559666936e+01,-2.211400800566132929e+01
-7.620723976775225950e+00,-1.976082895123706606e+01,-1.099880788076184723e+00,-8.516125123134404618e+00,3.991790751554687322e+00,-1.976431249999007100e+00,-2.240911756982686143e+01,2.292485401014492297e+01,8.531735158870686675e+00,1.886824906591590789e+01
5.753340556969547492e+00,-9.856102207915029112e+00,-7.424991944532830956e+00,-1.474997601730731134e+01,-7.889953883326078277e+00,1.629731771127791262e+01,-1.592215357675850385e+01,-5.631207493934165420e+00,2.160387887540835905e+01,-1.759274423626799333e+01
-6.412593724095859038e+00,-1.829695933027874233e+01,-1.573064029931681818e+00,-6.512313120667958977e+00,8.449136316352324982e+00,3.344146689732953703e+00,-1.738921693704043392e+01,2.553862325630174368e+01,1.032753100216857511e+01,8.991980257640987517e+00
6.255139783941443543e-01,-7.814984220964548811e+00,-1.655335510235694585e+01,-8.114246923748279272e+00,-3.979765250396293030e+00,2.090133789158817734e+01,-1.394091143301533187e+01,-6.888587632777511516e+00,2.496318662728056381e+01,-1.922034603306302003e+01
8.880880988184485236e-01,-8.694180136926590308e+00,-6.849880319517705374e+00,-1.628617075689232863e+01,-9.438810570385708587e+00,1.492193671002090483e+01,-1.678310980124851781e+01,-5.303967833579318558e+00,2.037005740813217258e+01,-1.417707799588131756e+01
1.960154137459492674e+01,-1.654611461352281321e+00,1.321870322193516190e+00,2.558714509283819183e+01,9.356250778408856661e-01,3.309661025208620799e+01,1.960607711974638434e+01,5.672119025123701697e+00,1.126286264691048533e+00,7.139920130210135607e-01
1.428724165854993267e+01,-2.900633081730564555e+00,-3.712427991419282591e-01,2.188432606647000611e+01,3.730285946105043937e+00,2.642192158000299074e+01,2.467190075355429002e+01,1.430036094800741786e+00,3.033725034720192060e+00,-8.363101100046851144e+00
1.696411504447544072e+00,-6.408922687975927346e+00,-1.062849504448657001e+01,-2.049635438664002862e+01,-7.681697768311922303e+00,1.437752293139704207e+01,-9.737489830004472324e+00,-6.045256355501073209e+00,2.120558215839205118e+01,-1.063255699864364523e+01
1.862371732695401860e+01,-8.504278544268670803e-01,-6.827994778446782043e+00,-1.226423389552113363e+01,1.900442233110958412e+01,1.478751024710475548e+01,2.072385292217778030e+01,-1.524467464891475466e+01,-2.804193728676815489e+00,1.453766659662555760e+01
1.581965273942370187e+00,-2.547436111549228777e+00,-1.736781679270254131e+01,4.751105160376027925e-01,1.464587527449932480e+00,-5.411622098846077478e+00,2.303468454633067708e+01,1.713908571623228738e+01,-1.352410838938558069e-01,-6.766698418810230820e-01
-9.259799714961058470e+00,-2.439616940531492872e+01,-2.215579023115039181e+00,-7.816678702539538115e+00,4.411235413485933066e+00,-4.358586841295684522e+00,-2.458675483665626516e+01,2.572916928624153243e+01,1.362292788284876544e+01,1.352805297571638476e+01
-1.171085895308086045e+01,-2.703789612671797293e+00,2.156427563233911471e+01,4.516478494638291874e-01,-5.586402360960662783e-01,6.761912458263310555e+00,1.172351745159971159e+01,1.992922121737191077e+01,-1.235782794691635367e+01,-1.806037812625927774e+00
1.964981105179065679e+01,-9.141756558224681806e-01,-2.808540564599288469e+00,2.290089694653757135e+01,-9.553401411877061600e-01,2.726724241875091792e+01,2.324293434699672289e+01,2.701094619808735775e+00,2.859087289575601876e+00,-1.801888005648665247e+00
1.697988005996216287e+01,3.227625165115362904e+00,-4.760921979459937781e+00,-9.081176944454936617e+00,1.712684676278136209e+01,1.860600466566844347e+01,2.670677419590338530e+01,-1.028477741901924603e+01,-6.058920411001857964e+00,2.072650083334596260e+01
3.831518042363125875e+00,-6.160995763595146002e+00,-1.249685370867872614e+01,2.132406374475435840e+01,-5.902776848954892630e-01,-6.030926695772989010e-01,-8.325658966857938381e+00,7.162328968611413327e-01,-1.666879161945477250e+01,7.274170331290187974e+00
1.553262527851491326e+00,-1.098722651132419159e+01,-1.609589884605558296e+01,2.366348491942141052e+01,3.156991030473249582e-02,5.454877116182066388e+00,-5.801730150437292011e+00,1.045590655265682933e+01,-1.029446208017422393e+01,-2.279465105958583759e+00
-4.625331147970123347e+00,-2.513482348553391788e+01,-1.078995555474201007e+00,9.698145886333476184e+00,-1.254834914031691895e+01,5.862329855662933298e+00,-9.554699966654050414e+00,2.510419256110420605e+01,1.202286273264254035e+01,-2.262650273798022837e+01
1.508694704045306878e+01,-8.370769433724696285e+00,7.520606007949519611e-01,2.406161787989011458e+01,2.747260138702955157e+00,2.870888209531635482e+01,2.104439502778230064e+01,6.220911161754293595e+00,-3.127843578540463021e+00,-2.653420214314905934e+00
-1.220530408867418970e+01,-8.113366490448184365e+00,3.359850250921061932e+00,-1.364042137345206918e+01,-1.120101746049373848e+00,6.312316332175387679e+00,1.178182072336941921e+01,1.960822920417029280e+01,-9.484497027578973061e-01,3.417344890664364421e-01
1.143914600063197362e+01,1.311191342015108674e+01,-4.196858639764764476e+00,-1.804754843425821420e+01,3.954976143623535556e+00,-1.895735495812807159e+01,1.178970372287988955e+00,-4.988991762275071018e+00,-1.490214783174887536e+01,1.022528368762608153e+01
7.694371057059660401e+00,5.389836750763180362e+00,-2.014016472292292192e+01,8.961608452923202073e-01,8.638678620997933821e-01,-4.025216306579309844e+00,1.853632830081255278e+01,1.943368130154151174e+01,-2.968867647076047334e+00,-3.189369136234227464e-01
4.987487052178803282e+00,3.326736294201381838e+00,-9.868583745627631743e+00,-8.973748766224208140e+00,7.490983389648801172e+00,2.032618461751379613e+01,-9.792236734542246523e+00,-8.366500617887378866e+00,1.403454963127181188e+01,2.835784923373481448e+01
-6.581065182435244409e+00,-5.081190572961316931e+00,2.821193550754536261e+00,-3.256037764915804544e+00,-8.982487845909361113e+00,1.064926362375189584e+01,9.040664870293328548e+00,1.944407270275615218e+01,5.085856192244413876e+00,3.964279545340313238e+00
8.141294821969339068e+00,4.018481514295326740e+00,-1.778476639557248618e+01,-4.521090136953556105e+00,8.565986821102500315e+00,2.099212746456140266e+01,-1.242379866469434546e+01,-1.322713693026407178e-01,2.580070817781727754e+01,2.612796219225434768e+01
7.731951573369706843e+00,1.409588158130617686e+01,1.156315511354905290e+00,-1.560723173739420311e+01,3.418539673725113470e+00,-1.321376816958971112e+01,5.019356245276131112e+00,-1.270925718248635761e+01,-1.534672609061287218e+01,5.468339174657824486e+00
-1.063166346993349265e+01,5.047304909421059804e+00,1.499129095848355497e+01,1.345557992730333829e+00,6.240662808101316905e+00,3.778204380709728305e+00,5.041457130176759449e+00,2.187404001862689640e+01,-1.108755831151042415e+01,-4.604889799354788815e-02
3.815450688767509480e+00,5.317942524624883482e+00,-1.816272835593151669e+01,-7.475177845105590357e+00,5.716750652286559209e+00,1.731106752466314092e+01,-9.741467246775794564e+00,-6.825909300292641646e+00,1.822014895924213462e+01,1.693877520357201050e+01
2.480670456312835448e+00,-1.502535533523266764e+01,-9.489122840289743621e+00,2.288129211692105969e+01,1.763598192143531751e+00,-5.831928280735997561e+00,-6.774374470275458471e+00,1.003603120537798210e-01,-1.402933137794555130e+01,5.432785322543479900e+00
-1.127242056040978158e+00,-1.115300281077450606e+01,-1.026998248488241039e+01,-1.175353313363902608e+01,-1.974199925870531391e+00,1.818053688997476769e+01,-1.007482624412940098e+01,-1.126474465798922786e+01,2.152490064009095150e+01,-1.167806896876176914e+01
-2.864166761546805828e-01,4.076673782911439670e-01,-2.263313658172731024e+01,1.122616161990198691e+01,-4.205002119666932714e+00,-6.905219936597033481e+00,1.826457784706040144e+01,2.035721258198809025e+01,-5.260936318877958762e+00,-3.207377118818409478e+00
1.627035970015882782e+01,-1.462534789099209975e+00,-4.751094771008716577e+00,-8.794013846862045014e+00,1.983084061842070867e+01,2.267836037626182133e+01,2.771576105235359222e+01,-6.025409581099997247e+00,-6.605682256792341889e+00,1.396849166056715852e+01
-1.582501972382867450e+01,5.934889479570327753e-01,1.639676567712893274e+01,-1.262038046299262195e+00,2.101595615641888015e-01,5.264259267649896046e+00,3.831130824827219783e+00,1.792346009181191491e+01,-1.669627717239781362e+01,2.075640523406682814e+00
4.832163793719598921e+00,-1.267207496792316945e+01,-1.129204700837803443e+01,3.006028215872006726e+01,-5.911288122506592746e-01,2.968192538705074490e-01,-8.456473712196473258e+00,4.305524968717342027e+00,-1.795045482824031424e+01,7.542708057542053979e+00
-1.304618367874820350e+01,-7.112305988380139610e+00,3.584826414746447920e+00,-9.791827553128259254e+00,-4.625472721290468492e+00,4.675829305187202856e+00,1.422107720008427556e+01,2.138305780699393210e+01,-3.058282260337483294e+00,6.288889690358515416e+00
5.977119066970881356e+00,-1.035112162189521356e+01,-9.239804266259467269e+00,-1.105177296410396970e+01,-6.260930487158756108e+00,2.107024529375614108e+01,-1.255203444179445071e+01,-9.379273050498181163e+00,2.066779143387321582e+01,-1.498682766880971329e+01
1.907340483774846263e+01,-5.051760998175127249e+00,-4.022155939397153990e-01,2.322406741551828091e+01,-1.892669669950498790e+00,3.085547281354650195e+01,2.042456328737788596e+01,1.640484029936207233e-01,2.187655811831415775e+00,-4.014927908894057929e+00
-1.481747760576736717e+01,-1.418268725587324530e+00,2.021843355969257416e+01,7.858736378341180107e-01,5.653669276309138958e+00,1.005410012787227991e+01,3.834495003094699150e+00,2.433215027956877208e+01,-1.003864588034763550e+01,1.295931706287996033e-01
8.848377330133345708e+00,1.417035945962286547e+01,1.713905366079874648e+00,-1.577175285406706529e+01,5.537639347347390606e-01,-1.388572535294642307e+01,6.324089933552266451e+00,-9.557072196424048371e+00,-1.454012100803659280e+01,7.986163693370924577e+00
1.031916017480819647e+01,1.229272564529845901e+01,-1.124722355834328669e+00,-1.778681180403079054e+01,-1.613057616594532506e+00,-1.484615541231566382e+01,7.893344744604792851e+00,-5.691426854579564321e+00,-1.888529109356915470e+01,8.235390385913760269e+00
6.939219581951361349e+00,-1.274907668386668824e+01,-1.327167772424126646e+01,2.792964539281617320e+01,1.319866837290200934e+00,1.311559597667137478e+00,-1.158230258978141691e+01,4.351711975186360881e+00,-1.568594897365384533e+01,6.235108184460088410e+00
-1.094476152833474458e+01,-1.053249175304402652e+00,1.375407774922671678e+01,-2.023802291977848444e+00,2.686618501747905619e+00,6.201290701109394732e+00,4.794692048280728258e+00,2.671768288338099495e+01,-1.739571412752086488e+01,-3.436806573723893976e+00
6.583873611621241295e+00,-1.018470017177267195e+01,-9.828136419195875106e+00,-1.335290545929776762e+01,-8.710545573692348498e+00,1.923519087504852365e+01,-1.552763703798365214e+01,-4.534923202327005853e+00,1.955608729862270678e+01,-1.692564366743681603e+01
-1.316107692239319427e+01,-8.255229890719955055e-01,1.990580044141383098e+01,2.315401780346167726e+00,7.830228194991768476e+00,7.062648357892103768e+00,5.741117275373182949e+00,2.117384611120747806e+01,-1.514787330038524793e+01,2.379651851763308290e+00
4.908870293008850361e+00,-1.165580039293310666e+00,-1.530689762869534576e+01,6.544623642638742744e+00,-2.200862165198578246e+00,-9.925980688320812817e+00,1.869386145938886301e+01,1.369659247583579464e+01,-8.038409892528579626e-01,-5.672285004811336684e+00
2.187123351812177319e+00,-4.965506557173907431e+00,-9.157518784571028192e+00,-1.911980503322771341e+01,-8.666920254997492634e+00,1.974423443958068347e+01,-1.389708925759670421e+01,-9.611385985595804371e+00,2.203697772674136246e+01,-1.620762892137305045e+01
1.731913965647525089e+01,2.394527493400747886e+00,4.688688351324200587e-01,2.302316032715067706e+01,-1.417219530323901022e+00,3.318851163793279824e+01,1.837940641828818755e+01,2.689018579421225130e-01,-4.487318264367404774e-01,-4.015054277277572581e+00
4.202263257469847524e+00,-1.373885108980685610e+00,-1.895436472802902017e+01,2.386013904266190533e+00,-3.490345344371081016e+00,-6.471592443647791626e+00,2.097723320298548444e+01,1.448874620579823791e+01,-8.640366305207796138e-01,-2.499180949217705727e+00
3.238400725604523078e+00,-1.383668830266777228e+01,-4.716009000230851456e+00,-1.460345023057809932e+01,-8.627766850485834027e+00,2.152601776603406591e+01,-1.292370377426962591e+01,-7.977480311215654041e+00,2.130713229201044356e+01,-1.715730629205467750e+01
-1.511467986164864286e+01,-2.275564990919737962e+00,1.699930461674779636e+01,7.933887440485219988e-01,4.237622409549754110e+00,8.750699799879281926e+00,3.767540712909806189e+00,2.147092098923864611e+01,-1.526609392776453333e+01,-1.079630641515133993e+00
-2.316074248687157056e+00,-9.667057168251165677e+00,-9.156859020996156673e+00,-2.058669226893049142e+01,-9.299122869192691709e+00,2.012252723397781651e+01,-6.698591485488599062e+00,-8.426611120437524249e+00,2.043088627219636422e+01,-1.283523905350475403e+01
-6.577266094699652399e+00,-2.188476407322028905e+01,7.467865185422624119e-01,-1.141496756819850056e+01,2.419047584538204454e+00,4.047050178674683529e+00,-1.990444182957819308e+01,1.981241702636811297e+01,8.340858714480074099e+00,1.711096306074989570e+01
6.090975353559690220e+00,-1.017385829216535775e+01,-1.041188074915307560e+01,2.727692211061490113e+01,-3.049265223029342220e+00,-3.616637770392370776e-01,-4.960356972636407846e+00,4.412019814721978683e+00,-1.238103844775427831e+01,3.285931870430462087e+00
1.697679859293393889e+01,-2.713290123405076137e+00,1.008030591447224289e-01,2.543608550609645391e+01,-5.307232298557633676e+00,3.041980333330785768e+01,2.130245106799076638e+01,5.415675456109360297e+00,-2.032361241600749935e+00,-5.223154309240180204e+00
3.724879037562186301e+00,8.715158791425936968e+00,-3.036027153136817702e+00,5.776199532521967939e+00,2.463223146327809232e+01,-1.091057711269588637e+01,-1.492155829073024620e+01,-2.020582871494947241e+01,1.385058368586816968e+01,-1.199343259108234250e+01
-1.375581148210816096e+01,-1.202232202150573581e+00,1.459546942077980525e+01,2.436576710319234840e-01,1.891026751945761974e+00,6.781139088024051631e+00,2.710017136220018497e+00,1.491159125264792884e+01,-9.724844681969720739e+00,-1.953404978171020545e+00
-9.855198559936882319e+00,-1.407458081817928175e+01,6.361985359998113765e+00,-7.124496172945041117e+00,-3.575711403908652386e-01,5.462489771277631689e+00,1.555105196165645687e+01,1.856260735771746795e+01,-1.856442697798419861e+00,1.274977108450223717e+00
-5.047997497396233157e+00,-2.177645028127675531e+01,-3.326616766239763212e+00,-1.024814306506915784e+01,1.604558072166836658e+00,-2.238096169305517691e+00,-2.020884592947572855e+01,2.208501651205201100e+01,9.296821171187433563e+00,1.349009375075005579e+01
-1.072064962877657734e+01,1.923697230231459443e+01,-3.972407266420121541e-01,-2.437567966956213361e+00,1.349382761310770107e+01,6.349488843552659745e-01,3.203634788133831623e+00,1.368828659028057437e+01,1.999908636208366630e+01,-2.094518176507969542e+01
7.456705103037476690e+00,-1.340898373503292795e+01,-1.087484731252824410e+01,2.200657000952261555e+01,1.084961598131481075e+00,5.577138779117110090e+00,-5.185968268428458927e+00,6.268931679016412239e+00,-1.630155446071629299e+01,3.299398482696658252e+00
-1.228946209548145596e+01,-3.364857454817745452e+00,1.355824735726850960e+01,-2.351651572870226969e-01,3.924443042962017625e+00,3.415032390673854223e+00,-1.130845148090643182e+00,2.244249962465056569e+01,-1.565916065614514707e+01,-4.864027350699371421e-01
3.707243731941040288e+00,7.903964164481214194e-02,3.813870589860595128e-01,1.381118285952082658e+01,2.448248867611794211e+01,-7.440181551423780348e+00,-2.016538453126674568e+01,-2.251809648983496714e+01,1.140995647245441447e+01,-4.767313743936985482e+00
5.252001191675240932e+00,-1.229871207375846237e-01,-2.664069643262878984e+00,7.549591086394486616e+00,2.041593970764020582e+01,-9.686975954974885283e+00,-1.658809173180567242e+01,-2.545343474065585809e+01,1.356366230190591438e+01,-6.757617300416770334e+00
-4.070100695503565014e+00,2.136146269813748333e+01,3.203492339735192207e-02,1.624451971676661000e+00,1.566073413136779635e+01,1.619977073639891518e+00,1.844436828779921544e+00,1.736662876176470505e+01,1.970548264575207398e+01,-2.528279875532498266e+01
-7.923772742292371163e+00,3.188653000372987822e+00,1.345766630951199438e+01,-9.754355100237062093e-01,9.329836876030999093e-01,4.318655691950278985e+00,6.925113545463131182e+00,2.383785215719112571e+01,-1.286356834156858397e+01,-1.031225089183081867e+00
5.996321821104745986e+00,1.423918646327253157e+01,-6.325492179286992922e+00,-1.591951000671423166e+01,4.782410485604438044e+00,-1.698589259360078074e+01,6.724782268038101307e+00,-2.817427696678008520e+00,-2.401789754580575931e+01,9.893714930600904012e+00
-5.276202981369052303e+00,-1.895125496192157755e+01,-3.338874390435768724e+00,1.185322367325177417e+01,-9.011829227101282314e+00,2.356107907582619454e+00,-9.586362122986349377e+00,1.922154084831082343e+01,1.467049302194012483e+01,-2.384909347154579251e+01
2.035237732892333895e+00,-1.164243260072975872e+01,-1.182398709860460251e+01,-1.379634461220775421e+01,-4.257327343232670813e+00,2.178509951413881751e+01,-1.182508957737136690e+01,-8.047719287839989022e+00,2.005380209376880529e+01,-1.400950939054060385e+01
4.900714802242584156e+00,-4.312513278196390409e+00,-1.666214451703163135e+01,6.024848494178017155e+00,-2.062032601505570106e+00,-8.351817090220690076e+00,2.226633779961792925e+01,1.789694028214491439e+01,1.499121393656420720e+00,-5.417260841499776269e+00
-7.368520476614777159e+00,2.399700896552700513e+01,5.037362852055697005e+00,4.006202829079021477e+00,1.690781223452565030e+01,1.464625475790469311e+00,4.471620456353828210e+00,1.619512853861779078e+01,1.865003151177795360e+01,-2.215389748405794990e+01
2.351682195374430151e+01,-8.746395218059596743e+00,-3.912161820610805307e+00,2.010712378940934286e+01,1.717864884263464731e-01,3.073365349586837780e+01,1.921873228526272115e+01,2.230678174715883255e+00,2.325495622586630784e+00,-3.375315191630316125e+00
2.701186091478005924e+00,-8.567558402576548104e+00,-1.015382214001386707e+01,-1.761156285368731034e+01,-8.727557379721806896e+00,1.694027925079063834e+01,-1.497852849588040591e+01,-6.476439292104775980e+00,1.865359672093038057e+01,-1.681799391993701320e+01
-9.410718443608574901e+00,2.280350716269157729e+01,-1.955353387269341159e+00,4.701593227640901596e+00,1.381864522091583147e+01,3.508100301036806812e+00,9.660241255760539936e-01,1.784665891959677708e+01,1.756232785917859118e+01,-2.739106290939180255e+01
-8.537517257011801419e+00,-9.954024003139654297e+00,4.578286536855824096e+00,-5.193371795932308466e+00,-7.352125125707200226e+00,4.673931030224663274e+00,1.115616030514252799e+01,2.083834258254455918e+01,2.221438788346817184e+00,9.121267768319240687e+00
-1.367480314939811059e+01,-2.611912995983661778e-01,1.498766114703008689e+01,6.169283850525080215e-01,2.837829405097430868e+00,6.966364739805984030e+00,3.153218339632323008e+00,1.935934149438246621e+01,-1.549229041093532722e+01,8.873142364695332240e-01
-6.540823584232077437e+00,-5.768956833235638015e+00,3.244228188268643009e+00,-1.494338037658480189e+01,-8.969424428062527710e+00,8.829664406697748547e+00,1.519694673481658320e+01,1.994509948443593927e+01,2.747222939276872555e+00,1.681723969618815762e+00
7.455975666331698726e+00,1.223583904585402315e+01,-3.831527626280273768e+00,-1.408862044925106893e+01,2.038829851844823793e+00,-1.079294276413478748e+01,2.530616124540251199e+00,-9.355767168143579227e+00,-2.029459146942238945e+01,7.393887497329773240e+00
1.454505673070888738e+00,-5.296358892802380147e+00,-9.545796016295613029e+00,-1.636108090305836882e+01,-4.105801283954334302e+00,2.599775266657188411e+01,-1.241455098533262991e+01,-5.164268441318496272e+00,2.179839120606599678e+01,-1.663576186374401900e+01
-3.497657959600081412e+00,-2.548805275415713112e+01,-2.333897840516518052e+00,1.158802175400174406e+01,-1.313355975177498713e+01,1.495323942390652583e+00,-4.337899333789993150e+00,2.222410204335091066e+01,1.375428621358798331e+01,-2.416824641893464687e+01
1.643102562480766693e+01,-9.242779706963188957e+00,6.992860299611016739e-01,2.487557984707352787e+01,-3.097050185279779377e+00,3.213603175843573467e+01,2.346946717268159333e+01,-6.381285091061725812e-01,8.148009324629795769e-02,-1.883255541144682521e+00
2.993084869840339390e+00,3.440601437027813070e+00,-1.237088128977987722e+01,-1.196432372359100071e+01,6.797119635271491767e+00,1.440636429079776804e+01,-6.920784157198728970e+00,-3.054900507117377373e+00,2.107729022332758717e+01,2.275883734386597368e+01
-7.064792393808971838e+00,-6.944002705034280964e+00,2.441946055656435188e+00,-1.018889259866653418e+01,-8.755854731807964697e+00,1.282136043404771897e+01,1.352714332694935528e+01,1.790744902758864399e+01,1.514984461937809890e+00,1.148165237741877398e+00
5.816851828223333243e+00,4.173214840509331225e+00,-1.664736829397470075e+01,-1.026023533541059685e+01,4.731264368945633514e+00,1.694938790546115825e+01,-4.386196757264395174e+00,-4.274945305034853149e+00,2.106144125250769861e+01,1.985433049208515399e+01
-1.252619722812898750e+01,-3.869812426807082151e-01,1.715015827563070872e+01,2.352515299078071553e+00,3.786444590618149419e+00,5.530824981918494032e+00,3.043039061494162478e+00,2.152750466082974867e+01,-1.755693850530744271e+01,2.232809993178716645e+00
-4.735762055672698700e-02,2.457585789012724842e+00,-2.173460386297961477e+01,9.384223807757768654e+00,-4.290272904770122686e+00,-7.975394458828757749e+00,2.137354487806305059e+01,2.162721968266998118e+01,-6.175464236927223904e-01,-2.415514895707213228e+00
4.132945261030827488e+00,-1.821213007807268980e+01,-1.245028495405746760e+01,3.193500756539163277e+01,1.499193292226942864e+00,-1.913236726669871324e+00,-9.894383560800239508e+00,6.324806934714633400e+00,-1.553594782730398016e+01,1.609121362235601316e+00
4.608439732026774927e+00,-1.354634478853067314e+01,-1.388289023809231004e+01,2.703345132008499974e+01,-2.180017039270257806e-01,1.276365537997595778e+00,-6.651612927261727037e+00,2.505897914881049626e+00,-1.743022951072200044e+01,1.524649117284932576e+00
6.739241903502135145e+00,-9.597027754322033921e-01,-2.221424017916439908e+01,1.606149079343229147e+00,-4.128199185850105479e-01,-7.510680655720974208e+00,1.643389413838005098e+01,1.229243679621518481e+01,1.909427156649309509e+00,-5.918778095888055368e+00
9.041424300864601804e+00,-2.384435455170031304e+00,-3.268999231857633969e+00,1.521317440474807192e+01,2.362248049623845958e+01,-1.089101535471546178e+01,-1.694331663249439046e+01,-2.446949976476814470e+01,1.230640562762907386e+01,-6.497512872610554879e+00
-8.668656880221190519e+00,-4.291978331838182115e+00,6.337100138980879649e+00,-1.096731967253857931e+01,-2.308766004668582283e+00,8.913302602249371986e+00,1.450426842879622491e+01,1.994632519298118467e+01,6.841002567194780504e+00,2.006581917798942349e+00
6.165791330626077205e+00,-6.262406470202177999e+00,-1.179335902729041408e+01,-1.197471673281327043e+01,-6.037674584789866294e+00,2.105325879126852229e+01,-1.237024751688345958e+01,-6.636783893252585109e+00,2.003327009224788924e+01,-1.597353773509873420e+01
1.978466547483885307e+01,-2.915289908477592284e+00,1.233906007488683620e+00,2.307131670694727532e+01,1.595333308664314664e+00,3.414855001904136600e+01,2.144734149575776527e+01,2.688121971634593432e+00,9.609037152583010943e-02,-1.723542570301851429e+00
2.062689312454293322e+00,1.093780850617677824e+00,-1.423553378184575990e+01,-5.149850369497866787e+00,7.639797466569491213e+00,1.713335656500839832e+01,-8.601935511821162450e+00,-6.025577246266136555e+00,2.233030520534035901e+01,2.702246555434990682e+01
-1.821391691548775427e+01,-4.043201512110036866e+00,1.661044987186276245e+01,8.229419866691656260e-01,4.482039603736499345e+00,1.129496201002289624e+01,4.205066565085035180e+00,1.912602952995460370e+01,-1.374271347353911388e+01,-4.543581413577794770e+00
3.819301328331931256e+00,1.306153855501368177e+01,-1.951970284278329748e+00,-1.320436145083086998e+01,7.098488372240284505e+00,-8.272038363033962227e+00,2.150049883934334272e+00,-1.115889865082556476e+01,-1.118572054834263696e+01,9.764316556076700238e+00
8.613935309593613310e-01,-1.054346073364478542e+01,-9.360913204842439939e+00,-1.547601996663523671e+01,8.101599628999133218e-01,2.011347963199847300e+01,-1.049860123591106564e+01,-8.847818150711985297e+00,2.114935138267054882e+01,-1.071472409378806923e+01
-1.025457721331376604e+01,-6.832080326423922934e+00,1.943996441352832338e+00,-1.153980954736430853e+01,-1.980144615150880583e-02,4.111280382105792164e+00,1.426493014396956482e+01,1.961843810738529115e+01,3.434153820606495877e+00,4.068543169796342340e+00
6.893126810232021562e+00,4.282901997141186357e+00,-1.055208018666744074e+00,5.873227314412639899e+00,2.246492368335808010e+01,-8.489189324767233202e+00,-1.170749294091858772e+01,-1.790153413018062523e+01,1.374651524799220859e+01,-7.840436546515210381e+00
-9.974251309038404401e+00,-2.582520227230547860e+00,1.640509231514457511e+01,-4.156298392035497336e-01,3.932274604362528514e+00,8.534695083903152124e+00,1.281583961574066066e+00,2.230009105180024775e+01,-1.522366705321231706e+01,-4.682066446928736525e+00
-1.445551981663181174e+01,-6.715979582387324953e+00,4.956782222456032727e+00,-1.342715474053787617e+01,-4.761960306412489352e+00,8.373059412653304889e+00,1.288783730300328756e+01,2.445680350659405633e+01,2.211012892215408199e-02,-3.313360612169844455e+00
5.404172119709993893e+00,-1.313056603732552574e+01,-8.008334767927561160e+00,2.696086438379212069e+01,-5.212911653189902239e-01,-7.425529089112480330e-01,-1.174238171278030052e+01,4.833691355517680144e+00,-1.498165974547401724e+01,1.178037811641854837e+00
4.047223163861601414e+00,4.701629784411204049e+00,-1.701212120641662295e+01,-7.242472627654453987e+00,8.216456384924146761e+00,1.575685072628031769e+01,-4.290459377444935107e+00,-5.100795836371604608e+00,2.146874160847343305e+01,2.581143829042066073e+01
3.420243855487040463e+00,-1.536739507334281818e+01,-1.136969797601592980e+01,-1.539417715979139345e+01,-1.123793887323522789e+01,1.701866814145963502e+01,-1.458921537924260647e+01,-9.307953015542404174e+00,2.159605614223142922e+01,-1.530384455062983839e+01
-1.081108643187281615e+01,-2.006954449997601841e+01,1.502142040609550477e+00,-7.783101594711819615e+00,4.785228520438523425e+00,-2.356519306384407209e+00,-2.110928760676597804e+01,2.424593921589928414e+01,8.039397231525933663e+00,1.377034036569953024e+01
-7.374276666346627707e+00,1.882617685191293688e+01,-3.446446309797890351e-01,1.351707798074159417e+00,1.198621974220954911e+01,2.479350971975422091e+00,1.420587080114314116e+00,1.753535982891449052e+01,1.605803196599813987e+01,-2.842320003542454998e+01
-5.514931492792106482e+00,-2.204738322332791967e+01,-2.842972037583784584e+00,-1.048891530825393659e+01,5.557349277712483548e+00,-1.874679158509146237e+00,-1.843920721555415909e+01,2.153289820386862985e+01,8.365042015454150715e+00,1.261653109006346618e+01
1.966628778924841114e+01,-6.712851647540643896e+00,-1.925448005216870762e+00,2.910411562730561030e+01,-2.867008431059639317e+00,3.126318918121360824e+01,2.001027049136266456e+01,3.390236827370193051e+00,-4.639583819092003125e+00,4.021585484474563543e+00
1.800609935539052131e+01,2.619543890192622015e+00,-6.679976733359799468e+00,-1.384319520277564664e+01,1.421547872447491834e+01,1.478266626561237373e+01,1.763040011945626517e+01,-1.836814736300819462e+01,-7.092927196831319669e+00,1.250476445225405264e+01
-1.187809819209643969e+01,-6.985076800250306306e+00,3.630134357792329070e+00,-9.987388511770252109e+00,-2.757697859902880300e+00,8.358962991798563280e+00,9.973402081795043728e+00,2.124638120302504873e+01,3.305728797941651642e+00,2.051505276018614321e+00
8.480785838121533970e+00,-1.205005576578157012e+01,-9.175250800632596793e+00,2.516018316613071448e+01,-8.833075273801537231e-01,4.326292511811339891e-01,-1.115722667598327611e+01,3.116611117803483211e+00,-1.419948875445368230e+01,2.967124180155734425e+00
1.496540886846549068e-01,-1.139638321584665803e+01,-1.012238672618653190e+01,-1.749298621926827479e+01,-3.504328748244911917e+00,2.177710692725985808e+01,-1.452567263099271955e+01,-8.937825628179934867e+00,2.332209278867050273e+01,-1.616122139476829744e+01
5.368899996756075765e+00,-1.409384751085471343e+01,-9.965359000722369132e+00,2.498818253394794553e+01,-7.623379093159452502e-01,2.959738029881965105e+00,-7.112737325907340313e+00,6.009862541233012223e+00,-9.686885643880646768e+00,6.982661289428321538e+00
-7.677894271921489988e+00,-1.020119358407878885e+01,6.228934422282959460e+00,-9.448112752419637772e+00,-3.686988726439822894e+00,4.124518543145463845e+00,1.084291544053910883e+01,2.318643460218689256e+01,2.396560718288948788e+00,5.424170280542319311e+00
1.280173650016714504e+01,-3.419148374095772880e+00,-7.008573787156143098e+00,-1.354748673231789446e+01,1.512831849278518348e+01,1.718095014565340506e+01,1.457659850931107215e+01,-1.616767994790218310e+01,-2.737542744321651345e+00,1.952427853136115132e+01
-1.256710887910542773e+01,1.639927944312143393e-01,1.867646544839233869e+01,1.709790053573521984e+00,6.444335363211666667e+00,7.166508064704843584e+00,1.031977686279550177e+01,1.977507972362847966e+01,-9.753961575266799855e+00,-4.847001961137745951e+00
1.664529131007783036e+01,-5.189051159994136242e+00,2.422425506557859265e+00,2.611592303332550458e+01,5.608115933108043016e+00,3.138982299115535213e+01,1.907841152329022449e+01,-5.403087838297782497e+00,-6.086012471625812381e-01,-1.962417780211500151e+00
-3.132371689470598852e+00,-2.182464263914462776e+01,-5.220400346807999803e+00,1.440061975487910573e+01,-1.057819691186828415e+01,3.582158392876004349e+00,-7.081838586227657828e+00,1.846043357546454899e+01,1.892589545132105755e+01,-2.396296240051973570e+01
5.797991833560917740e+00,9.352895519075776321e+00,-1.426175495220738831e+00,-1.400899858516815222e+01,4.262572025355837013e+00,-1.106440279995563358e+01,4.287071783238084244e+00,-1.410340445414863453e+01,-1.603204097431608233e+01,8.124636455267598478e+00
-5.528675769436030230e+00,2.240467467597207119e+01,-2.520739156211266874e+00,1.013285153013326889e+00,1.628898241820091997e+01,1.216563690408821174e-01,1.778378903078394302e+00,1.634832195338318073e+01,1.786883516946707218e+01,-2.368532400876983246e+01
1.041287745260878062e+01,8.282193169966280522e+00,-1.296679742448186268e+01,-2.407969406183138261e+00,1.299060852922060327e+01,1.924221791025826533e+01,-6.708173753010090223e+00,-7.465201925476947054e+00,1.859073439195327637e+01,2.774808452372842993e+01
7.759172508693417569e+00,-1.308960499624925866e+01,-1.309027164530983001e+01,3.113656702049812708e+01,-2.439719545893974217e+00,1.029572288348481468e+00,-5.494158173755870678e+00,2.564880938228792484e+00,-1.727243071529244389e+01,-2.011473173141259174e+00
1.327773811019309491e+01,8.706170608878665007e+00,7.098600643504505925e+00,-1.636221771983471385e+01,-1.250319957563626350e+00,-1.041538071854188807e+01,4.907047346527678933e+00,-1.204296635837195062e+01,-1.452224883712248804e+01,5.326984133838433166e+00
4.860181649365509671e+00,1.462738490743648478e+00,-2.253284459727098010e+01,3.425952874275768334e+00,8.768239641710013910e-01,-1.054742223714945304e+01,1.877459603388753706e+01,1.360363246678112503e+01,-4.219140194231675522e+00,-1.920693323217467441e+00
1.306602785037716430e+01,-3.219149690162003807e+00,-4.725478708491051449e+00,-1.401223449127038556e+01,1.172937311010847594e+01,2.137416928445402675e+01,1.997276589025275229e+01,-1.044337722980907301e+01,-7.016963022775710712e+00,1.458982849504161727e+01
-1.325809225744421660e+01,1.441328790950871408e+00,1.545337086697945850e+01,1.627411712058940862e+00,3.503473004277014802e+00,1.141732292673177263e+01,1.678987647348987089e+00,1.798902763462462318e+01,-1.400976789848277981e+01,1.050473356938673053e+00
-9.208882816928706916e+00,2.341313030331791012e+01,2.462312324887949155e-01,5.280989074951386364e+00,7.864972983979579446e+00,4.041277155068233817e+00,4.474538424258720504e+00,1.870523511533694005e+01,1.837186041943866499e+01,-2.333263521237531180e+01
8.122560982118761430e+00,-1.317229117850338760e+01,-1.526120277350241494e+01,2.484936223804374933e+01,-1.114015264359660806e+00,-1.790823781672927550e+00,-5.183171228753791659e+00,6.441370030854414175e+00,-1.343140595291725781e+01,-3.619368012388169742e+00
3.691259111330279730e+00,-2.346948315149025355e+00,-2.141642727272545343e+00,1.240522939296758587e+01,2.231215347513451874e+01,-7.003006268567344428e+00,-1.265280217433758736e+01,-2.251660584846878521e+01,1.451723569242719591e+01,-7.565803686584284371e+00
-1.941848134769773537e+01,1.609003456641471264e+00,1.776237936475898138e+01,-3.532407806035679165e+00,2.396577728923430683e+00,6.067891106189976291e+00,5.299747306495160792e+00,2.420745813114759315e+01,-1.393274243482089858e+01,-1.038944183352420447e+00
4.049606139765857371e+00,-7.925705236705957724e+00,-9.496618952938096214e+00,-1.144828437766100038e+01,-6.686707066846927283e+00,1.240508446820457422e+01,-1.234630380472647282e+01,-5.979786071676322479e+00,2.114620578259844308e+01,-1.673595031552116197e+01
3.936419305468061403e+00,1.582335227468292871e+01,-2.701111860353736738e+00,-1.632803995334030844e+01,3.663299518067915983e+00,-9.766839255403922948e+00,6.494510417429433247e+00,-9.818508306427460752e+00,-1.356297601898328686e+01,5.668859749384552060e+00
1.326618313551948347e+01,-6.179525463703807731e+00,1.240267331278378071e+00,2.685999659842212850e+01,-1.489851985315366889e+00,3.335690517488413320e+01,2.181431333529530292e+01,-5.596885902171913063e-01,-3.035918159104423530e+00,-6.890940853987799208e-01
1.898659252783058804e+00,6.028363101985124928e+00,-1.649483142080811149e+01,-8.248509066061497919e+00,4.764104946153207898e+00,1.039776931566126095e+01,-7.613369376092538054e+00,-1.002050721653559151e+01,2.268936716527567299e+01,2.485993307993086887e+01
3.665895053367680401e+00,-1.380169395246003106e+01,-8.117982162412793912e+00,-1.367306316438117797e+01,-1.194071650315934541e+01,1.618334466293740093e+01,-1.013446209171170942e+01,-8.839802829996830980e+00,2.105664518257976425e+01,-2.124633439201558716e+01
-5.381114970536924780e+00,-2.265423474170277984e+01,-7.590837960350310887e+00,1.345680127845527174e+01,-1.004506004885333859e+01,5.377723021861017472e+00,-7.621372867960195308e+00,2.162218597741698289e+01,1.395974905941347011e+01,-2.045716688780650472e+01
3.620013229965369561e+00,3.587909963412239556e+00,1.952133731215731638e+00,1.808975958321142130e+01,2.221966538177598238e+01,-9.341422939908545331e+00,-1.841376310832441732e+01,-2.071377231962792465e+01,1.324517249707448485e+01,-9.339615721196935283e+00
-8.363562603359739001e+00,-1.920709629276017338e+01,-1.355281936139875132e+00,-8.958885864735002258e+00,6.175279115391719920e+00,-5.357248200705960528e+00,-1.970821089061568898e+01,2.064956639872526978e+01,1.195921029610177655e+01,1.758857227077974628e+01
7.499085416690384420e+00,5.341661767314543674e+00,-2.231098965386631772e+00,9.137395746486207671e+00,1.818181582749546266e+01,-1.200529569067051838e+01,-1.761540137330541711e+01,-2.262239668082948540e+01,1.374770343537981709e+01,-6.873992706940766695e+00
-1.443890447525815190e+01,1.220933818626146472e+00,2.163547959638075824e+01,-2.782955870183648095e+00,3.189237369474396289e+00,3.221650015016871649e+00,3.180051134292861903e+00,2.323875807786278713e+01,-1.061824797820801791e+01,2.899029681605294062e+00
-5.909953290638700452e+00,1.914744348196785495e+01,-1.023040814226525042e+00,7.240160947444074679e+00,1.382587622217038259e+01,2.626381095751363137e+00,4.612222305572093006e+00,1.531080697834112136e+01,1.783030517900045098e+01,-1.718798513361192448e+01
1.475533756660649232e+01,-6.134129101226634795e+00,4.894956530864568833e+00,2.461532400237466334e+01,-2.867427619450596765e+00,3.356574110649753351e+01,1.754598637453690202e+01,6.898598611346917764e+00,3.570891821951567291e+00,-3.866737703764127065e-01
6.023447360397322647e-01,-1.101814076621269578e+01,-1.155898334120757198e+01,-1.811153093532124458e+01,-1.235863116083902824e+01,2.124540256788092307e+01,-1.151278178392960072e+01,-5.946084021748805348e+00,2.163921679843062762e+01,-1.530728304624146752e+01
3.792788913981169685e+00,2.030965725439334957e+00,-1.865770787014653109e+01,5.181406777640762407e+00,2.647301844546814831e+00,-7.081213894061915148e+00,1.925430522473425299e+01,1.778038134835789208e+01,-2.721530847672352760e+00,-1.860183496878460074e+00
1.952333443660155510e+01,5.097066358789775764e-01,-5.737399244779759044e+00,-1.062370829166901132e+01,1.483912161221537396e+01,1.684695717679002769e+01,1.867158708350400076e+01,-8.210260434170818300e+00,-1.000596269588376508e+01,1.551965097658107240e+01
5.730290140960167200e+00,-3.266918867230917956e-01,-1.587377292003202278e+01,-2.178489932217164693e+00,6.668193667277196646e+00,1.830759023908475314e+01,-1.183671954710596808e+01,-3.722574574010239168e+00,2.039398154030304866e+01,2.832164195637832904e+01
-4.265431563020216643e-02,-1.105683085894139772e+01,-1.523852569692085268e+01,2.620572131966047280e+01,1.535844016729887906e+00,-1.107447971113759699e+00,-8.423480701366194978e+00,3.646578696784884777e+00,-1.729621096971091987e+01,1.640502883223122321e+00
2.680799324023764640e+00,-1.526684988366920059e+01,-1.629647312356882694e+01,2.772428764044302341e+01,1.283533119653389676e+00,8.307502216545368245e-01,-5.976625026760481241e+00,7.071795876850239360e+00,-1.155501479729955427e+01,1.623424410488039982e+00
-6.704125765277032301e+00,-2.118866042880442180e+01,-6.718430162616152224e+00,1.495760370892646307e+01,-1.040376445589722287e+01,4.451168870726461613e+00,-9.715030807172492899e+00,2.173678041861699839e+01,1.151184455315385691e+01,-2.295390475144284537e+01
4.928331916689408843e+00,-5.720896144935997407e-01,-1.980610166726827259e+01,6.079867497961475742e+00,3.555461805195551106e-01,-9.128852633462747335e+00,2.103189219613424044e+01,1.778397941453389208e+01,-1.327505810836838718e+00,4.035286664458009875e-01
1.358015254407608374e+01,-6.673102110034254686e+00,5.177893550689610436e+00,2.099246883441606570e+01,-3.184927170722253287e+00,3.211583171392770453e+01,2.157472880225371625e+01,3.093834938528007061e+00,1.147939881861124611e+00,-1.233317825205489493e+00
2.071593934638490708e+01,-7.741266218730987747e-01,-7.969696048859926663e+00,-9.690736998846023909e+00,1.687488789105574583e+01,1.721710290076124750e+01,1.991973870567960958e+01,-1.232995766402155979e+01,-4.283521684108634986e+00,1.489665496889584340e+01
-9.625421064315084152e+00,-8.074310481290401853e+00,6.363153648956300756e+00,-8.174230022495859060e+00,-2.292774353380707453e+00,6.695902439677617224e+00,1.354842592125202927e+01,1.796410993552787261e+01,3.312577202609595428e+00,1.341698485065554447e+00
-3.937303156640770574e+00,-2.029321896196012887e+01,2.989892448007267500e-01,8.979839812612587124e+00,-1.119808715500596641e+01,7.675825328317722906e+00,-9.627492975777833806e+00,1.661474223321930310e+01,1.455038199050098413e+01,-2.243002911752397210e+01
7.037289773855055941e+00,-6.136879705948090624e-01,-1.552193199727589423e+01,8.277793688982702847e+00,-4.168103428395467658e-01,-9.445938118574735753e+00,1.516066770058716884e+01,1.618095626026785538e+01,-5.352759323582059636e+00,-5.143882041885898815e+00
1.267183545267060296e+01,3.902053989500179121e+00,-5.399665191683304499e+00,-1.834601166000139827e+01,1.630108898675740647e+01,1.363857844710160094e+01,1.638214041114878228e+01,-1.186754416561908876e+01,-7.679471028580690195e+00,1.292666919648244317e+01
5.149454740463289326e+00,-1.478479269142385810e+01,-8.929303153706049656e+00,2.601508373061036394e+01,-4.021846612176970259e-01,-1.346831533629723410e+00,-6.530744298205076959e+00,1.643825092885071060e+00,-1.395867064634388122e+01,4.968430836679027962e+00
7.228082118676687706e+00,1.060893403546274349e+01,-5.759911513717364429e+00,-1.577611696060253621e+01,7.698887681789093884e-01,-1.024913264324045770e+01,4.891274481092510840e+00,-1.007096402699437654e+01,-9.497340330336257352e+00,6.084478608340507577e+00
2.460390115553688917e-01,-1.103210872397574072e+01,-1.027309755420320236e+01,-1.862719682240760477e+01,-5.944556030332397434e+00,2.063873045971115872e+01,-1.605141482082175841e+01,-9.638167045872917171e+00,2.445593572515923597e+01,-1.548986630660448860e+01
1.835672932718802386e+01,-7.766709134473695819e+00,4.674695902943565962e+00,2.154107642348373730e+01,-3.101392421291064405e+00,3.493735562546358864e+01,2.140467355561550278e+01,2.084201269537537260e-01,6.492621544556035573e+00,-3.014863274390555681e-01
3.702560627013876005e+00,-7.470137212866470477e+00,-7.527151594354077879e+00,-1.448869221203089808e+01,-1.043615076368044647e+01,2.104212936427440184e+01,-1.466297540074236316e+01,-4.820107465524865020e+00,1.959524238028429721e+01,-1.495980821995161847e+01
-1.017542463978918477e+01,-4.424530124548873289e+00,1.701842347229457486e-01,-9.591530998530469532e+00,-6.980828464131576538e+00,9.991582652933773900e+00,8.819079744712082558e+00,2.078038113791635055e+01,7.716714772951538404e-01,4.527529836193580515e+00
-1.193244306497849960e+00,2.642262942335850795e+00,-1.021629044735803760e+01,-8.708610873230737681e+00,7.220522975531491916e+00,1.986611547469556172e+01,-7.068718033937433809e+00,-2.139970530519106795e+00,1.788842014196937313e+01,2.456753565280320473e+01
4.800364466527325291e+00,1.527355211611773811e+01,1.024044044257990116e+00,-1.475891454033866523e+01,4.256109388256793302e+00,-1.362954250507811338e+01,4.135174286098617813e+00,-6.327106867415451141e+00,-1.555759682318175763e+01,9.378943638256490800e+00
1.750913922357207042e+01,1.057211838589136477e+00,-5.668426164072347895e+00,-1.044351749358205872e+01,1.299117633706682184e+01,1.777219691403087154e+01,1.991509715307833517e+01,-1.429850142003376590e+01,-4.371969820323378997e+00,1.722451114992423626e+01
3.635804777876302740e+00,-1.046085158155667649e+01,-1.288196872205543642e+01,2.618034373373049561e+01,2.432418623644013178e-01,-1.332535511594624245e+00,-8.346615763869547067e+00,2.235359197803183484e+00,-1.696260998366404493e+01,2.908113561789709589e+00
-1.056826982550081162e+01,-3.672428384095688614e+00,5.429400013642577960e+00,-1.020054161854536545e+01,-5.999662767699283528e+00,7.847651677666268810e+00,1.113099556576312565e+01,2.372189982977052125e+01,2.172099818443938624e+00,5.966118639549797820e+00
4.681745011146173141e+00,-1.536289774020622723e+01,-5.731493336180220055e+00,2.475559069736281259e+01,5.912669440339124449e-02,-4.593063064597957545e-02,-9.032413949871374470e+00,3.673448804795187428e+00,-9.727550776009355360e+00,7.628161955369881397e+00
8.913225444817662879e-01,-8.540881217090809940e+00,-6.062305972077012051e+00,-1.647954544871371141e+01,-9.596724379690604323e+00,2.065773787673606421e+01,-1.736690629886947335e+01,-5.393281081417420353e+00,2.153921824805386365e+01,-1.938348697240912344e+01
-3.902504591042435411e+00,-2.003965379922348333e+01,9.178877332010282331e-03,-4.516231242916142641e+00,8.373012207975140342e+00,-2.263873402178433469e+00,-2.163892186033083220e+01,2.315019472416140545e+01,1.232276579027461771e+01,1.312993084547738754e+01
-5.830649903406528445e-01,-2.217045211293887519e+01,-3.133724781593237307e-01,1.087560904604668366e+01,-9.244769827269362139e+00,7.963811990321834955e+00,-9.296531997664089886e+00,2.246132865989492089e+01,9.188225193983951655e+00,-2.097874621153433949e+01
4.389288541474734906e+00,-1.411305293284994100e+00,-2.297818145975533710e+01,9.064178503804882325e+00,-2.180121336444743818e+00,-9.970294583853693382e+00,1.812832425304993933e+01,1.486416287786703805e+01,2.748023259375739213e-01,-6.404575121495002854e+00
1.533230368077121852e+01,5.580101820670496648e-02,-7.411196641832674459e+00,-1.318677508823864741e+01,1.878011812857144491e+01,1.894090972716912447e+01,1.762150376973669452e+01,-1.356842761471705217e+01,-6.907699459160309807e+00,1.706786112607442618e+01
2.058291673169978964e+01,-3.383941972619666672e+00,-2.877641348911001096e+00,2.627695267127909773e+01,2.002527342513968467e+00,2.684704847696178476e+01,1.844748261710585169e+01,8.166410998198925242e-01,-1.478504464196500168e+00,-4.931295910845448383e+00
7.607789561314660887e+00,2.010302652855089356e-02,-1.762550367679023822e+01,8.393878901305775742e+00,2.147716397131405053e-02,-3.211046906051941097e+00,1.804039315125078602e+01,1.629337741215994129e+01,-5.939480156035513714e-01,-7.138726319954063371e+00
-1.320789222063810975e+01,-1.678633417332187072e-02,1.288859580429372542e+01,2.740077008554465898e+00,-6.416737496328095425e-02,5.876814592924549885e+00,8.899401524532549956e+00,2.388146057145499057e+01,-1.934645487339387415e+01,-2.065423428702220399e+00
1.305171735776766617e+01,-1.501456853278984260e+00,-3.198086760658518823e+00,-7.434312396147776170e+00,1.775014945392198484e+01,1.762272604761023231e+01,2.571634570370971318e+01,-6.477334244492034543e+00,-2.200128718681500395e+00,1.494473288247816001e+01
4.311887859577084647e+00,3.732573981419203157e+00,-1.430054828083540919e+01,-5.211636009957825166e+00,6.155244763703930921e+00,1.824492596600768124e+01,-7.983273973939660095e+00,-1.108796830069496231e+01,1.811164026042331088e+01,2.544349157782135507e+01
-1.159867424213916465e+01,1.583442511589456281e+01,7.680566315034109692e-03,8.773800409819463297e+00,1.312544268918578183e+01,7.217702582545355572e-01,1.762144232407937494e+00,2.169433861362198002e+01,1.738698377358562297e+01,-2.549880020227154986e+01
-1.542037897884601350e+01,2.282808859388749223e+00,1.885475567825573506e+01,-8.753796803938479476e-01,-2.155500153157746679e-01,5.677085568672245230e+00,4.116671394689669583e+00,2.226787157119038696e+01,-1.330522225623079713e+01,-4.587971291327197498e-01
-1.252652221422526324e+01,-8.751438493510901750e+00,4.260578140494434507e+00,-1.270840189730197700e+01,-4.880221679380188249e+00,1.170350874582087997e+01,1.054983184512754768e+01,1.827723277097193133e+01,2.922111596018311275e+00,-1.799147742405159622e+00
2.156950243876363160e+01,-4.086593421631030232e+00,1.611059752175481030e-02,2.817139666183483016e+01,6.108605127653003564e+00,3.359656507297781758e+01,2.546286989180472915e+01,6.143619155748399896e-01,2.783765605536811516e-01,2.125311225883667277e+00
-1.203017880189025490e+01,1.905477461416623441e+01,-1.115227218156987554e+00,1.081260979910032116e+00,1.788710620727330181e+01,4.885862671505122989e+00,2.599382489255450679e+00,1.873269386376793122e+01,2.053031058864118918e+01,-2.413081339212033782e+01
-8.345858334874797890e+00,-9.301334974550991674e+00,7.071068930167450084e+00,-1.305883806936295422e+01,-3.690473975143774954e+00,4.965640726133857541e+00,1.390717235427499432e+01,1.646274072017513390e+01,-1.389075188145472151e-01,1.249442762049407740e+00
-7.548602963823679346e+00,-2.025919136034954349e+01,-8.604604310224356345e-02,-9.640187033225032565e+00,5.701046211346143089e+00,3.138469493211214711e+00,-2.121812029079130468e+01,2.002101393725048695e+01,1.074406775927543478e+01,1.492803743694018337e+01
-8.615487281321023261e+00,2.180017624627939199e+01,1.757596615257924544e+00,1.914138396700928002e+00,1.528635850719103217e+01,-2.572013912613061670e+00,2.993117166518669325e+00,1.647904907511311023e+01,1.819303334979803921e+01,-2.308428077081553553e+01
4.683649596782486491e+00,4.992262069249063572e+00,-2.118415452709619728e+01,-9.192843505108712066e+00,6.634393092668504188e+00,1.596531909646015279e+01,-7.543110633162602774e+00,-2.324573874725499145e+00,1.385579708805829036e+01,2.142546501705209749e+01
1.396213080950697716e+01,-5.207663969627172040e-01,-6.739488602907513837e+00,-1.122299399631299011e+01,1.817841874111648437e+01,1.685137569356263754e+01,2.220483221994418699e+01,-1.150784797288680394e+01,-1.589679305076748150e+00,1.687025775503764535e+01
1.821926886653404631e+00,4.213954838832203897e+00,-1.828924847409259513e+01,-8.318261854783749243e+00,1.713505632424489278e+00,2.142358726863792029e+01,-7.800271711884811943e+00,-7.762761138284213658e+00,2.304922153112169880e+01,2.693306643336136474e+01
-1.375555586179248557e+01,1.180505939461786058e+00,1.479762922873523401e+01,-3.059854160184000138e-01,2.648983012594480435e+00,4.806817446893159484e+00,3.221739564769980468e+00,2.173355989775534169e+01,-1.430972548623733154e+01,5.327010676530491429e-01
5.020331160561381623e+00,4.703660198661617997e+00,-1.270061838692063239e+00,1.107339699325908100e+01,1.939312942612900414e+01,-1.082938795474243676e+01,-1.517067434589665709e+01,-2.292858382882766577e+01,1.111097091661095781e+01,-7.568772789663124279e+00
-1.332981135017250018e+01,-5.631567658481667848e+00,1.167234678392840941e+01,3.074794098551068888e+00,4.835456414228579192e+00,9.389384285294099186e+00,6.171587100085246469e+00,1.698798357734399289e+01,-1.334664252741238144e+01,-2.929781328281877428e+00
-1.295673712819265688e+01,3.342297996028951168e-01,1.499166561141328557e+01,-3.454845421771994385e+00,-5.250429025375040748e-01,5.575586761785508827e+00,9.887742135285808587e+00,2.145653725742833018e+01,-1.639039978980993695e+01,-3.270670099581138413e+00
-6.710782175853374554e+00,2.494854740103941282e+01,1.137473266057830168e-01,6.188021218866720297e+00,7.849432336841813296e+00,2.516854761875825908e+00,6.378917240537531619e-01,1.623653983115397992e+01,1.161492637045767218e+01,-3.035542908208974211e+01
-9.050555437720895213e+00,-2.409574354158275611e+01,2.274792143911584130e+00,-8.837402398603710907e+00,6.423521016013414631e+00,-3.000127488680157661e-01,-1.982427019071077723e+01,2.222357194751086240e+01,1.352719182326730163e+01,1.689313206855283767e+01
8.356816638511841422e-01,3.327788744282934807e+00,-1.461879458820057742e+01,-3.941874467150748629e+00,9.325498424619569349e-01,2.213924787797826355e+01,-1.858635137832412854e+00,-7.967158883717621265e+00,1.755630652359881694e+01,2.769738627078274007e+01
1.558929139191133295e+01,-1.637265703879521084e+00,-3.892334739534529575e+00,2.388047048234771097e+01,-6.781981561165590477e+00,3.186901426152945405e+01,2.581059342765356135e+01,2.807298074866633630e+00,3.987426476303297385e+00,-2.618157441314610701e+00
2.859253297468268062e+00,2.683502875588666736e+00,-1.474236178287565657e+01,-1.111411967999021932e+01,6.088970290276289887e+00,2.047393079441760477e+01,-9.214894375565297224e+00,-1.049309922696697939e+01,2.268214134132590942e+01,2.187986292093678387e+01
9.271282816234812429e+00,1.593971360176904462e+01,-2.329152665307111292e+00,-1.558388668952277634e+01,3.957731080604130369e+00,-1.495251991723987572e+01,3.946948409443365335e+00,-1.109633709397736290e+01,-1.835710825149459069e+01,6.217904498349239084e+00
3.526480677183466028e+00,-2.135683344574812459e+00,-2.119619529857572005e+01,5.380484285685513512e+00,9.269797064291993571e-01,-5.057618278270350487e+00,1.778690935864745981e+01,1.216149901217731788e+01,-2.471720410491767606e+00,-6.764536463300842684e+00
-9.925175082282390093e+00,-2.636115054985118533e+01,-4.134566618910604507e-01,-7.958184703246431013e+00,7.878245250913517239e+00,-2.084104921190205850e+00,-1.969711959424323666e+01,2.431493888202503229e+01,1.730006646699554196e+01,1.767953461887266542e+01
4.681214125700165596e+00,-1.110273274399047061e+01,-1.456269856195936363e+01,2.437023440770651206e+01,9.014780421665724575e-01,-4.202434360957195025e+00,-8.309567293738071569e+00,2.753905173625950553e+00,-1.803538845741813645e+01,-6.551843874160212522e-02
2.950121653468527505e+00,-1.057337862203376844e+01,-5.289350119606414324e+00,2.743671831026816221e+01,-5.876337260511872440e-01,2.518124202398552391e+00,-6.454112450128959289e+00,-3.099209242667537723e-01,-1.183490376519297804e+01,-3.715412067088879056e-01
5.812432305957014655e+00,2.488981783352611110e+00,-1.568697294470317161e+01,-5.161269990212050907e+00,9.989529641636975654e+00,2.272054239640656448e+01,-8.423020525473656761e+00,-9.994259358846962371e+00,1.959153261235034549e+01,2.856761315871782614e+01
1.842152327961620628e+01,-2.204234100995167811e+00,-7.440087729799056859e+00,-1.213298948969657154e+01,2.018062837352812622e+01,1.918725930423568471e+01,2.348071288712445437e+01,-1.157139297792872590e+01,-6.266006626359555298e+00,1.216756912762199683e+01
2.127904971923660682e+00,-1.480526221781285656e+01,-1.018645996804918141e+01,-1.763417929966759345e+01,-1.180793015438106153e+01,2.137119730562499242e+01,-1.169881828677597291e+01,-7.305984658726281111e+00,2.005225858673899353e+01,-1.654918676844004111e+01
6.004669683641982836e+00,-1.499464289025143060e+00,-1.767954011876932796e+01,6.030324938194099316e-01,-2.060756757260597372e+00,-9.655487577244848296e+00,1.747600816398156809e+01,1.327906739684630644e+01,-5.254743542073933016e-01,-4.791049807107036429e+00
3.066657203891334227e-01,1.995516821003872066e+00,-2.021106334693348217e+01,5.439472841681990189e+00,3.197435129747856042e+00,-4.244105762732015563e+00,2.304146486047953246e+01,1.912319516807279740e+01,-3.096829839945147711e+00,-2.013623609803764758e+00
4.154257961716067982e+00,-1.404755804686558562e+01,-1.260309755541722332e+01,2.626925666599289855e+01,2.706776711785204625e+00,-2.401728543905726987e+00,-5.868248929973667316e+00,1.959988748202829312e+00,-1.414129536933033826e+01,3.029091148865959759e+00
-1.283871188726098111e+01,-3.638766508730121862e-01,1.620616866838839343e+01,2.093595166579512501e+00,3.848254498815045110e+00,9.331434605751361744e+00,3.507301867596160250e+00,2.175081968022540835e+01,-1.405487174039682330e+01,-1.888246185563765112e+00
-1.388373659997056819e+01,-7.587363066046545201e-01,1.707729919444038202e+01,-2.342544181260658220e+00,-3.904714960804123169e-01,5.874373831379316790e+00,4.772495448727449130e+00,2.301921610853424838e+01,-1.929578378450936427e+01,2.233395926279208688e+00
-7.424589929153639467e+00,1.604546652423965014e+01,1.032048249230568038e+00,-7.494104855983527713e-01,1.897834682411309970e+01,1.811434573011029281e+00,3.075100520386804259e+00,2.141860618922742887e+01,2.412000908985397984e+01,-2.452079142514606858e+01
-6.896427676265179052e+00,-8.306112020262174767e+00,3.611810740088515104e+00,-5.078957034149745198e+00,-3.826565938804052713e+00,4.404846201135532269e+00,8.403419163492220179e+00,2.069728712963222605e+01,-8.668127428081511265e-01,2.693921236150290888e+00
-1.603870493549753462e+01,-5.023417542378957323e-01,1.932819278005739605e+01,1.238928100464329329e+00,2.082032606623773763e+00,6.123504923800220823e+00,4.385237613881508345e+00,2.470499971323195965e+01,-1.087379673003812286e+01,-3.409481463566589987e+00
1.787881547911277735e+01,-5.769290392725866745e+00,-8.188959884943813883e-02,2.625731480435049292e+01,2.864182848962351091e-01,3.000217557021909798e+01,2.270265546282906755e+01,3.618731655578513617e+00,-3.924632959504386509e+00,-2.146457281411302986e+00
-8.777393334771668165e+00,2.164728897741181513e+01,-7.825656070403075315e-01,4.016241580000106559e+00,1.504847254729900285e+01,3.418982617103735411e+00,3.297295199725885695e+00,2.338698606293306170e+01,1.777188609940909103e+01,-2.484867988480769441e+01
4.748347967026081307e+00,4.284720031246663119e+00,-1.942006984317648133e+01,5.233826517262899714e+00,-2.796031463637727921e+00,-1.040020605938064335e+01,2.191231102446866430e+01,1.149506607457147744e+01,-1.960539625800825636e+00,-6.500853688752054715e+00
-9.023890441791854400e+00,-3.619559334687632468e+00,3.855154395279315693e+00,-9.290832313742628301e+00,-2.823160229295531121e+00,8.628713637737913444e+00,6.444495915024400112e+00,2.070620022879953837e+01,4.039459398152204450e+00,-2.664218985231783243e-01
2.435283786659526228e+01,2.092479220158394604e+00,-8.056593862075745349e+00,-1.465136206811272146e+01,1.531084885831847942e+01,1.821519966606757635e+01,2.114009384289676063e+01,-1.480599732180529315e+01,-6.926195014611389311e+00,1.567171419289597623e+01
-8.837298614373002792e+00,1.939898587718571576e+01,4.154397796864230052e+00,5.174450668926781738e+00,1.507368342117452364e+01,7.714602613176535506e-02,1.426407594673735568e+00,1.960729107200396726e+01,1.738836361574999501e+01,-2.589306345859629488e+01
-5.765287349331217115e+00,-2.669780531633355380e+01,-7.556266261415580665e+00,1.142159873183049612e+01,-1.376703976271419982e+01,7.114788043365424919e+00,-9.458565003412589434e+00,1.680228428170166310e+01,1.024308553266811117e+01,-2.060538758944027293e+01
3.361261950331651427e+00,-9.594043932430004418e+00,-1.525394823877878636e+01,-1.552323094745181820e+01,-2.791424456280739985e+00,2.228169294068407424e+01,-1.321053709807121734e+01,-5.375152692591135484e+00,2.164394844436297660e+01,-1.773445824537457582e+01
-6.452682213497168640e+00,-2.222428830672107480e+01,1.302572921649260973e+00,-6.922511104136302329e+00,4.540741806724319929e-01,-1.619618228281082817e-01,-1.796821868751764484e+01,2.151782187345380493e+01,1.480830681842826380e+01,1.249630781795055157e+01
-8.302519797043993677e+00,-6.355339391163906670e-01,1.621047353419135462e+01,1.365207014414383302e+00,-4.073271413361778670e-02,6.105984407735275177e+00,5.810370282737788550e+00,2.145974275366409501e+01,-1.528571335106177287e+01,2.229525921706268843e+00
4.491660424598060142e-01,-6.821906545673892097e+00,-6.800291769302446276e+00,-1.775858939999736208e+01,-6.155186880965089813e+00,2.829463938683479185e+01,-1.296138186687894667e+01,-5.473159970054763512e+00,2.205015893334197941e+01,-8.983699906720483241e+00
-8.711015875517734486e+00,1.811246770084478896e+01,-3.216336144228880478e+00,3.803404189938452973e+00,1.484041841164850339e+01,2.409523698414141712e+00,4.324034901584202117e+00,1.302235505288260953e+01,1.571083251579826801e+01,-2.325688023184653375e+01
-6.699517640086150472e+00,-5.261561423688283945e+00,1.360069164684876952e+01,-9.674051908447123260e-01,6.046117395241751069e+00,4.924387437134856604e+00,4.031735466827909065e+00,2.159051990894716511e+01,-1.963141076266763463e+01,9.449676916662201887e-01
-1.152257181332498348e+01,-8.598662778480864688e+00,1.646192878859747966e+00,-9.057278485304808058e+00,-5.932021666983272823e+00,9.527363084467628696e+00,1.201436162025451893e+01,2.349351305646005983e+01,4.814227540579835818e+00,6.825599311629392929e+00
1.791428353838729493e+01,-5.376228327509382510e+00,6.472881448237396640e+00,2.622334165815987461e+01,9.811545138771151642e-01,3.207681042460767884e+01,1.977128508594060818e+01,1.352926779128398316e+00,3.915390795954694081e-01,-3.038277527856862115e+00
-9.186628239335025370e+00,-8.089068697779785211e+00,1.709375705928598421e+01,2.298830230834340682e+00,2.243762094679366381e+00,3.858908805801160025e+00,9.106737002719661689e+00,1.694676133304022869e+01,-1.652439414672910445e+01,-4.104645239096372578e+00
-2.394391735887626105e+00,-2.049836846806756085e+01,5.907657706539994891e-01,1.104130613774851355e+01,-1.152513688867776587e+01,1.293781893324118304e+00,-9.082124605197364531e+00,2.386302236659101794e+01,1.501510461251590733e+01,-2.296035308162291244e+01
1.727284575068721395e+01,-3.473051962822498062e+00,-4.771441661118419608e-02,2.356767839885986859e+01,-2.225937354069777108e+00,3.113531252624112611e+01,1.950477481396835344e+01,4.975750296962734076e+00,-2.837160669383686162e+00,-2.536391996170190843e+00
5.473417375949362729e+00,3.835557416359054006e+00,1.093799131236643518e-01,9.014917974293579661e+00,1.863105121540698761e+01,-9.857366168437163623e+00,-1.402378818990436571e+01,-2.375934136829698673e+01,1.466997235169189473e+01,-8.281070689877681801e+00
2.236996678117237991e+01,-5.228392962435029823e+00,3.003441539411072281e+00,2.905828359462329757e+01,3.044110922453792112e-01,3.661830428403443705e+01,1.857087061062897959e+01,-2.525571945536720930e-01,-1.006402065173840121e+00,-2.164717996338465511e+00
-4.433177280577980106e+00,-1.858324738397835318e+01,-1.964979584079669384e-01,-1.013138850835557747e+01,3.391586315853178935e+00,-2.551470329449499364e+00,-2.051654932179037871e+01,1.984450436133792195e+01,1.121284333004292399e+01,1.507429869480221996e+01
-1.367889192893417238e+01,2.646553731632520279e+00,1.643407847549813638e+01,-2.474766753608922620e+00,3.280148057524006511e+00,7.725415801820291861e+00,4.748207071605875740e+00,2.249605597050706507e+01,-1.150204780691063533e+01,-3.273927975827355841e+00
4.431009405838555182e+00,-7.349521079046906102e+00,-9.913926781406837918e+00,-1.550373169324526401e+01,-1.340548065178089132e+01,1.956662691910783636e+01,-1.283198416478406756e+01,-6.438364625778212336e+00,1.802390697075210824e+01,-1.689488583566066993e+01
-8.339049775117450380e+00,-8.905209072479122412e+00,4.197184914556061130e+00,-7.348501959818594997e+00,-6.058866805813035938e+00,9.877519934096559595e+00,1.155880851765763673e+01,2.234776941950737594e+01,3.434903105831997205e+00,4.871482228416606830e+00
-1.149732813611241866e+01,1.690462450415663653e+01,-1.764088139848231540e+00,3.517511293941811168e+00,1.610698922027615509e+01,3.689837465276522899e+00,1.934024351112631823e+00,1.714595872489903172e+01,1.654251448396788149e+01,-2.519311163645816976e+01
4.746511390431044752e+00,4.418777007270693336e-01,-2.400432444382502695e+01,2.188338344474020758e+00,-4.495044398122085560e+00,-8.219161346536708379e+00,1.763719583916273947e+01,1.513897398658270532e+01,-2.755830095929089341e-01,-5.316863866407293138e+00
-5.060446800759361707e+00,-7.980019429790537799e+00,-1.435460417891198759e+01,-1.545920481919975131e+01,-5.127229564354687241e+00,1.571407253400781556e+01,-1.245425476340084892e+01,-7.824765770600630610e+00,2.089900205023696955e+01,-1.797807269753261394e+01
-1.084162302103706033e+01,-1.133985827413767922e+01,7.648215112444422203e+00,-9.891128114876497790e+00,-7.066292567568740246e+00,6.028202771543495153e+00,1.144477328386672355e+01,2.225648371774975942e+01,2.069854499860612318e+00,-5.554617216057982088e-01
-1.021970774324034004e+01,-2.189068519111786681e+00,1.412660564667684326e+01,-4.751662093208046667e-01,3.376442730993900465e+00,9.235109297255968741e+00,3.515270962626325879e+00,2.197387112922000441e+01,-1.359306270937904770e+01,-2.054719987482367838e+00
-3.957471463927701993e+00,-4.028782009889075866e+00,-1.241245873426792201e+01,-1.727764888338551685e+01,-8.173456403472753706e+00,1.951786491697439985e+01,-1.193929882222088068e+01,-2.324000639187114636e+00,2.356148617677548529e+01,-1.702877911286050860e+01
1.506309217144393564e+01,-1.448276236336812017e+00,-3.720407492095577862e+00,-1.175835251222022748e+01,1.745149254610522149e+01,1.926634472176601776e+01,1.938748686449391556e+01,-1.325691683621659323e+01,-6.311913325576653300e+00,1.435045050157104107e+01
3.308393549972906023e+00,-1.011621444587647645e+01,-1.349568094725766620e+01,-1.763842711031863075e+01,-1.943804523963753361e+00,2.412747480440290815e+01,-1.143331807799613209e+01,-5.445507802812611153e+00,2.149483749357629847e+01,-1.616431434952860613e+01
7.757308323268544470e+00,1.317005696457859543e+01,-2.623990104638864729e+00,-1.643614165593300314e+01,-3.680161952893462374e+00,-1.808795185289493546e+01,8.402148820858608147e+00,-6.010360087434555076e+00,-2.029807778590682332e+01,9.878238202287182190e+00
1.645421368321587030e+00,-6.168694485568926744e+00,-5.256374108846729953e+00,-1.767823488632686590e+01,-6.538482173542430331e+00,1.950744927162293507e+01,-1.016744978050580173e+01,-8.856563856410655688e+00,2.121489524430633367e+01,-1.374467476644366037e+01
2.474373249402820996e+00,8.081619620161230699e+00,-2.531508282101938789e+00,-1.516249943806827893e+01,1.955585541659494941e+00,-1.045486287404941095e+01,5.668582666712380203e+00,-8.956666424701822393e+00,-1.241821630305095425e+01,4.398406426222031484e+00
-8.611580482909246825e+00,-8.013391842514357322e+00,6.917136114940860558e+00,-1.001327433358099661e+01,-6.319053103852082742e+00,1.040042646554379502e+01,1.064407042288538285e+01,1.995840894825674283e+01,2.449013545625541521e+00,6.668388468204255126e+00
-1.017656648075610626e+01,-4.483395994131187834e+00,4.903210941767343733e+00,-6.728586927521489791e+00,-6.275270254913160706e+00,1.093712351042752928e+01,1.001630103984886233e+01,1.830086811292833815e+01,3.450703065540665637e+00,1.983242244444054503e+00
1.603645451373760134e+00,-9.454286735609651160e+00,-9.827156697678788078e+00,-1.594600012653792120e+01,-1.030968256248813475e+01,2.264157182587769412e+01,-1.637874032818755765e+01,-6.239912730163598376e+00,2.109596901720181705e+01,-1.959480193238811907e+01
-1.652093514754392700e+00,-1.048872910689441440e+01,-6.221720928803329720e+00,-1.758863658645428885e+01,-9.503377018266188969e+00,2.019762001149005926e+01,-1.580367717445264830e+01,-6.076363404265467949e+00,2.103210603493790387e+01,-2.259670513218429377e+01
7.053156053356042676e+00,4.088682074240352016e+00,-1.901393086010071798e+01,8.649172597730657941e+00,-8.303927039085667872e-02,-7.007588614216057721e+00,1.965017144450353825e+01,2.021627940939596257e+01,-4.529369623299110081e+00,-2.034622043969529059e+00
-1.210711403714787515e+01,-7.477412435300995419e+00,4.945201840447175812e+00,-8.380713177930539715e+00,-3.670666294896697934e+00,6.409720111331988157e+00,1.216627674074709731e+01,2.389998429685231685e+01,7.341675894320984774e-01,3.927252364136496698e+00
-2.913432577837072213e+00,-1.779184399213046675e+01,-4.953736707065078626e+00,7.937571644586023822e+00,-7.283102626971463600e+00,1.960538264958881394e+00,-1.162152716102914418e+01,2.098975231380687489e+01,1.417711992420895584e+01,-1.885258157818309144e+01
1.533074764888058716e+00,-1.518298082866848020e+01,-9.246726541137743283e+00,-1.501169094962639505e+01,-9.727035939330312075e+00,1.559384046115046552e+01,-1.187280561773894760e+01,-5.831887365738141149e+00,1.887315275696392192e+01,-1.820836699359630018e+01
2.649492120476914181e+00,7.039351984859317790e-01,-2.219986151749025183e+01,7.146062387412991157e+00,-1.294950065560342978e+00,-9.067523272011550617e+00,2.175025468821636565e+01,1.861390435964855428e+01,-4.946873898991945850e-01,-8.163290449328390874e-01
8.647291636248377600e+00,4.854264565376513296e+00,-1.543590374642665175e+01,-7.107741339842834627e+00,3.129888211002745280e+00,1.927392110350540833e+01,-3.472316474527155972e+00,-1.097958125496976933e+01,1.836745230526869577e+01,1.920218767111249747e+01
-1.338459394220737053e+01,2.490212899239390154e-01,1.900841574795569144e+01,-3.041388676869297480e+00,4.747299360574020355e+00,6.613604996413358528e+00,7.432030579026658756e+00,2.234231068334557690e+01,-1.389129730439696075e+01,-7.562221869593048762e-01
-1.334500145364342849e+01,3.626671137612920148e+00,1.787608465493806875e+01,-4.189329339314194378e+00,2.352426032446275350e+00,5.425863725500005508e+00,5.742714793772625725e+00,1.836547532148340522e+01,-1.036753769125248503e+01,-3.320660711329216364e-01
-6.572303640267282532e+00,-5.615938809145013977e+00,4.668936613335924690e+00,-8.087746541492148111e+00,-1.045476985916276114e+01,8.987090373462926607e+00,1.161851398266937352e+01,1.736921337058040749e+01,3.231942658605264640e-01,6.165844712634319436e+00
1.875431782435559858e-01,-5.809052567382638976e+00,-1.298150241029646956e+01,-1.648382787959502238e+01,-1.579871748649546603e+00,2.013910866976581815e+01,-1.058858368217640944e+01,-4.526189467940668010e+00,2.222563552063847681e+01,-1.025898940784090918e+01
6.694812173927912724e+00,-1.096411752129827910e+01,-1.035170955371102330e+01,2.714031412716324709e+01,-1.938669150876356495e+00,1.435685546742214269e+00,-1.111004592375106803e+01,-9.138435201208158776e-02,-1.751525875491086026e+01,4.211640463815877311e+00
-1.031342185863392480e+01,1.882366900815953770e+01,-2.819974856601137336e-01,3.997782301976524622e+00,1.767507467259061826e+01,3.049363889363112978e+00,1.246889628749547896e+00,1.422797379727757772e+01,1.609673013752653148e+01,-2.325472532613620658e+01
2.390791995835585215e+00,2.751569229336026545e+00,-2.209342690388480435e+01,5.742998361253311757e+00,-4.192312297506657792e+00,-3.763241143568514246e+00,1.952919822067553923e+01,1.911552060290915733e+01,-1.774810680039492716e+00,-2.054553663479777192e+00
2.582557699888656799e+00,-9.492379553710385665e+00,-1.035243404319559879e+01,-1.737221839340895713e+01,-5.164502740304607542e+00,2.429035783219241651e+01,-1.209144123627375755e+01,-5.666204766223237321e+00,2.011540487441591551e+01,-1.970559011359839374e+01
-1.120756796074494410e+01,-9.279473529737662929e+00,3.851047371448882206e+00,-4.042966796071542745e+00,9.846866982635720245e-01,8.348906062023253583e+00,1.375140451624663029e+01,2.238923664292992655e+01,5.841982882887960749e+00,6.174814229020740619e+00
-1.358126968597096251e+01,-5.943608622991090051e-01,1.407292620975542974e+01,-1.808477230441710049e+00,7.528201221201639148e-01,9.831879808653519959e+00,2.421425720938535697e+00,2.218054403543631992e+01,-1.701385127933677666e+01,1.540840582548696602e+00
1.054443762577706245e+01,1.573011086350704524e+01,3.845434649004976002e+00,-1.273208902150614108e+01,2.873501211519252863e+00,-1.482127075130481408e+01,2.656632692112702809e+00,-1.153467658259806505e+01,-1.905287936424591066e+01,9.251533406745016563e+00
-1.035636058827839712e+01,-8.520897795231482164e+00,2.439884051104183715e+00,-9.831984266779226544e+00,-9.227200946150396987e+00,1.017224807525985852e+01,1.132744867764962038e+01,2.026041314427732232e+01,2.186361542646383160e+00,2.726821030681209290e+00
-9.665362032837617079e+00,-6.108117428784105130e+00,9.278944724019567047e+00,-9.228270884338584779e+00,-3.138093181845813540e+00,1.032401050793136221e+01,7.608144496136551638e+00,2.279915858811616403e+01,4.120118165932920462e+00,-1.271756098893695786e+00
-7.896121447368934732e+00,1.832261992799515582e+01,-1.802232350307931164e+00,4.479236271139461767e-01,1.326990997833086006e+01,4.760612966976016658e+00,3.459961567349080891e+00,2.051677435228204516e+01,2.071224950197921544e+01,-2.508764349121407733e+01
1.620412776490554307e+01,2.883789534832525980e-02,-3.436408940281141522e+00,-1.604421080683313861e+01,1.575051929446370913e+01,1.496775056605076948e+01,2.120130754861436984e+01,-1.224871370433544726e+01,-6.390354681421644756e+00,1.653500982487231852e+01
1.540986334265508440e+01,-2.333351059267993133e+00,-2.990369772620719235e+00,-1.163200064742219730e+01,1.862977811161525210e+01,2.281555208265776713e+01,2.198184699666786557e+01,-7.656736331817715957e+00,-4.452093202572998010e+00,1.518743641950847589e+01
1.617304143164285390e-01,5.085957843742773932e+00,-1.796390199845485114e+01,-7.940342194275802790e+00,4.815802284366373698e+00,2.174897161803947299e+01,-4.543341970355525561e+00,-9.284166759811769420e-01,1.996262864434620354e+01,2.683742158682544954e+01
2.098184253011482525e+01,-3.048117001603605214e+00,-3.323340862938997553e+00,2.530238717425373807e+01,-3.603972802553554011e+00,2.955412567399751111e+01,1.821804957964853244e+01,-3.091802406589767127e+00,-6.725402376916795877e-01,-1.792939726169807679e+00
-7.791272113094064089e+00,2.240642501554616928e+01,9.135974149361776320e-01,2.669439107611845330e+00,1.135363749433120972e+01,4.391010456493361636e-01,-4.291536586839391765e-01,1.296540487902282912e+01,1.651468939603498498e+01,-2.147474729026067308e+01
1.955855522506127286e+01,-8.683953546289693293e-01,-7.262550564290872757e+00,-1.316093612666442603e+01,1.557363837327613254e+01,1.893943118353721289e+01,2.031668972903044335e+01,-1.835484638071379493e+01,-9.901790776280805062e+00,1.587041423568972753e+01
2.646932094938267088e+00,2.130166255815333365e+00,-1.894420817269736546e+01,6.100504586462970558e+00,-9.586051655121413662e-01,-3.913001422770497673e+00,1.760508656106735970e+01,1.630763502564830603e+01,-1.959822679624263042e+00,-5.800320071788523713e+00
-7.856735041534643749e+00,-7.213938539747616119e+00,2.574996852034257877e+00,-1.059457103914893672e+01,1.025750076702653391e-01,1.045513610261011550e+01,1.811546444699913039e+01,2.136600502747624120e+01,1.296871844146073594e+00,3.899213215282921308e+00
3.337211427465141877e+00,8.634487851156824600e-01,-2.654911310683070980e+01,2.219751155422803102e+00,-8.135455189347988281e+00,-8.043444780449117815e+00,2.413260728131692900e+01,1.966873073364742908e+01,-9.213547919451570145e-01,-3.894149886374274061e+00
7.588442525424938800e+00,1.221115109152873757e+01,4.968706646323133747e+00,-1.375134786663435982e+01,-8.607099890465393921e-01,-9.374131844170692673e+00,4.990110702474503945e+00,-1.345753898611382127e+01,-1.696852982035471769e+01,6.144956149815386404e+00
5.574150437331297780e+00,1.291951086759964173e+00,-3.482380863642141389e+00,7.443825246486470704e+00,2.396728018151436501e+01,-1.310554623097688420e+01,-1.064586292036179493e+01,-2.191439565630594899e+01,1.354821333426893837e+01,-7.461953325034141216e+00
-1.637538142147467957e+00,-2.401601875715865120e+01,-2.186750492319472272e+00,1.366533843169212759e+01,-1.495907682660243410e+01,-1.159069267479976295e-01,-7.313232273938377048e+00,2.435437674689889320e+01,1.026206883801834380e+01,-2.304947043731286271e+01
9.561190592584425829e+00,-2.600129725022494842e+00,-7.243434686618696716e+00,-1.361267881128088497e+01,1.526609089671170771e+01,1.948552703268912722e+01,1.955177194602454094e+01,-1.301896608861142823e+01,-2.988654287880252003e+00,1.377036928222915080e+01
-9.267961090808231717e+00,-1.704789139253696462e+01,4.669721516215388668e+00,-1.459103085217272611e+00,2.531260612372655316e+00,1.802195120952367002e+00,-1.878146745152031372e+01,2.127889701297711156e+01,8.069492673850552578e+00,1.652660407124583131e+01
4.402740172787077633e+00,-9.007096601912505385e-01,3.532684361519197735e-01,1.528552294251300836e+01,2.237203388926837277e+01,-1.127057245317474354e+01,-1.614396340030807764e+01,-2.369784070127569464e+01,1.406389957906280941e+01,-9.307032151135368636e+00
-3.505237269421771273e+00,-1.909890347432080659e+01,-3.268131687830627019e+00,1.300961025869210097e+01,-8.618961484418806052e+00,3.441913448964834199e+00,-7.726031672372351444e+00,2.323556862125804301e+01,1.637825530187573264e+01,-2.406860049614534702e+01
8.079905240121070253e-01,-1.063886664724233277e+01,-1.192985151307665959e+01,-1.520168773146599506e+01,-6.509035268196122992e+00,2.220491262302288149e+01,-1.100075766573684000e+01,-8.215832052464893565e+00,2.145641291276502116e+01,-1.281476944195649814e+01
-1.003236999061424939e+01,-2.608310854859189476e+01,4.552762265198800229e+00,-5.715646120629642724e+00,3.017100100537358554e+00,-8.755971552127017610e-01,-1.993679640221580129e+01,2.812754113028329428e+01,6.674844429333721685e+00,1.378322309717773564e+01
5.247802804762282669e+00,-1.169772226029926188e+01,-8.597071445814334467e+00,2.573157416554634125e+01,1.014123639997255077e+00,6.478636049865597046e-01,-6.540205287381427368e+00,5.488367445121661525e+00,-1.246440929951627830e+01,-2.538554578514599314e+00
-8.211616421992831150e+00,-2.278686620043641398e+01,1.884828798283262774e+00,-6.953372159155330579e+00,1.744695748554776049e+00,2.049105391320177993e+00,-2.142078533580545852e+01,1.887410349281316257e+01,1.170738920089637780e+01,1.876542843077861988e+01
6.076931351398179082e+00,-4.297328265619955623e+00,-6.462040872888845655e+00,-1.559076861367395850e+01,-7.045148607226570547e+00,1.270093760543353234e+01,-1.718356566285291009e+01,-5.661273762887937266e+00,2.307907521048545618e+01,-1.969637926424940844e+01
2.024002733791093078e+00,5.503448217083461991e-01,-2.047774035862180853e+01,6.270099525954547559e+00,-1.088508812344733290e+00,-8.497657999041740240e+00,2.112567139613959810e+01,1.795294671281673970e+01,-1.352486101375178773e+00,-4.388149608427779569e+00
-6.759400141241877158e+00,2.106934867677014722e+01,-9.413068049943036364e-01,6.321950572198636875e-01,1.265430675579738917e+01,4.717017934433153314e+00,5.214590725932723991e-01,1.591677479659961492e+01,1.466000903879627160e+01,-2.563098164773150600e+01
-5.122176556139945269e+00,-2.613553469636365989e+01,-5.568943569042255959e+00,1.855274750100324610e+01,-1.330878248632860661e+01,6.192016199658110231e+00,-5.427306966968467705e+00,2.197509833111762134e+01,1.112789316245286386e+01,-2.500805926738076934e+01
1.497252257777452655e+01,-3.152260847361118223e+00,-5.783823621277822014e+00,-1.219049122340328672e+01,1.651124096897597937e+01,2.331742849591868705e+01,1.830126823367903199e+01,-1.598404401464955527e+01,-3.899782011779281188e+00,1.456582379423230478e+01
1.691565639296782830e+00,-1.167186886313346328e+01,-1.140333063118537993e+01,-1.569405455248531567e+01,-8.532395109182218107e+00,1.501407046853625005e+01,-1.344704472140394458e+01,-1.206367679579111396e+01,2.303561706646131668e+01,-1.690940081192175981e+01
-1.369629296981857713e+01,7.173534179702538705e-01,2.090603895806752988e+01,-1.250305917031140801e+00,5.672582175886678790e+00,2.867911100240442934e+00,2.203409712630035155e+00,1.939499893143322851e+01,-1.346222356661038688e+01,-3.096706524237074487e-01
4.032806668380435333e+00,5.309641245985829094e+00,-2.395943386068743575e+00,1.269702537288238275e+01,2.225892161296886229e+01,-1.432863135938316290e+01,-1.518880693127937498e+01,-2.467665856714963368e+01,1.199390224468792709e+01,-7.347013417347469044e+00
-1.043046923471247034e+01,1.887191395746519618e+01,-2.096540599068684063e+00,6.715452004791996998e+00,2.064371974253045749e+01,5.584827910678334284e+00,3.700226082514119774e+00,2.054127282310943770e+01,1.716632091079643985e+01,-2.183943933043973118e+01
4.979484535703067039e+00,-1.405949464558729645e+01,-1.510380947761728621e+01,2.640195350101178207e+01,3.178173203278610970e+00,3.321092584035004958e+00,-6.136297259113522529e+00,6.790809522481279004e+00,-1.611062502433267696e+01,7.222994179902546108e+00
2.082724139249411266e+01,-8.426175525178610570e+00,1.744269861444100345e+00,2.359907288096431444e+01,-1.926710538686795759e+00,3.323889519122076308e+01,1.940542861581779022e+01,2.154321260948268701e+00,3.243931116669366954e+00,-2.211774016847802393e+00
1.570285514603134480e+01,4.840028435038996601e-01,-8.064786485530781590e+00,-1.074164999530755793e+01,1.671513998361987063e+01,1.950002689232379183e+01,1.662353522034272046e+01,-1.753076771989445604e+01,-4.526849267133483679e+00,1.640829727177970909e+01
1.805601972194797455e-01,-1.877537945128345154e+00,-2.076365899343458921e+01,6.287882196852138783e+00,-1.621476770538434753e+00,-7.432496469654366500e+00,2.336708254616855029e+01,1.848148119812406520e+01,1.163865315841318582e+00,-8.751994712892230410e-02
-3.470665112721603052e+00,1.921522726290184835e+01,3.818067657023936912e-01,-6.775717074121797578e-01,1.664603325583744464e+01,6.397684770527261033e-01,4.913295770586163513e+00,1.589100968200531483e+01,1.848485280053420610e+01,-2.112243860421169472e+01
4.614600523580954849e+00,2.021517751338818059e+00,-1.192575822888402026e+00,7.200719979346649424e+00,2.369296848676948031e+01,-1.203703129701443864e+01,-1.281694499174566104e+01,-2.153564928967167802e+01,1.133281917551466655e+01,-1.167408750821796914e+01
-1.227346095176501173e+01,-2.609539842504377205e+00,1.370150228935185588e+01,3.106936737252476433e-01,5.636703462664123698e+00,7.777457577662714172e+00,9.364555258163695939e-01,2.515369138313692332e+01,-1.967787973578855798e+01,-1.750802057711067228e+00
-6.141496443177336673e+00,-5.684145127777213702e+00,8.823716243530668635e+00,-9.816099435625467606e+00,-5.399360452454156523e+00,5.159626424368774167e+00,1.007026546991810179e+01,2.076367160211994545e+01,5.584284377283141865e+00,5.101898865313971854e+00
-7.750032046511623918e+00,-1.732688788273995328e+01,2.701995871007985439e+00,-2.876680444538695980e+00,3.739923354249302445e+00,1.040322320722440352e+00,-2.347596943018655935e+01,2.341510659216641344e+01,1.104636701150218947e+01,1.504331061208763742e+01
-7.387006492981150529e+00,-2.215394458879846340e+01,4.990300537328429265e-02,-9.089367660012767303e+00,9.883088145815794867e-01,2.571662631916187713e+00,-1.637126888546296399e+01,2.062216691350795728e+01,9.418133485842641761e+00,1.216470258770862323e+01
4.200580691808954548e+00,1.735963375949526100e+00,-1.916510019472738691e+00,1.153420699021604889e+01,2.320155744363109918e+01,-4.831823046975974201e+00,-1.463989627793658421e+01,-2.428070827734116222e+01,1.513982675259254762e+01,-5.282045485329298629e+00
2.499850384572652739e+00,9.869309794089762278e-01,-1.903693158267691254e+00,5.442502381661183719e+00,2.026465209284256730e+01,-1.272530870996916619e+01,-1.170007570622406234e+01,-2.826545763147233004e+01,1.211362883483774944e+01,-7.170010965848794271e+00
-1.172353631553578346e+01,-5.553359237013058447e+00,1.346374960140035881e+01,2.230370402471319125e+00,4.707884230889364474e+00,1.574282313847032766e+00,8.129709454178206229e+00,2.093281523761594443e+01,-1.848588071464515181e+01,-2.059941305702973846e+00
1.806291917514539591e+01,-2.051333571778296339e+00,9.403108316181438830e-01,2.203720969528114892e+01,-6.508603281632526771e-01,3.118753927093386125e+01,2.168262793995501880e+01,3.885269754155257438e+00,5.346471286737012996e+00,-4.129409820005701448e+00
4.666605415949287572e-02,-8.710059216606234500e+00,-2.994077340866472703e+00,-2.201665232539589212e+01,-5.709876103134524428e+00,1.912366563848070555e+01,-1.662161718665282351e+01,-1.382535286119666473e+00,2.219216765066851238e+01,-1.475986584719352379e+01
2.193204369684348265e+01,-6.120952016935647499e+00,8.881150887116199266e-01,2.346360711138961719e+01,-3.825453404909743949e+00,3.447857749975089092e+01,1.964393141576752555e+01,2.422875458307490959e+00,4.804312738194112420e+00,-1.695823406214921558e+00
1.849281212817007258e+01,-8.031813836839043930e+00,2.930065820303561885e+00,2.354850532278054587e+01,2.039650862237078588e+00,2.970803236282256776e+01,2.202705368123014296e+01,4.247640151771066463e+00,2.329582852789047642e+00,-5.989664942240357171e+00
1.843686528775741706e+01,-4.715494885870483266e+00,-7.914606024456485311e-01,2.683127349152465158e+01,4.369531064424324596e-01,2.635439614623979665e+01,1.657085661098746598e+01,5.191756074637073226e+00,-8.386535374215587924e-01,5.926264629635633607e-01
2.878645441230085922e+00,-1.205989870597180236e+01,-9.112815661365370801e+00,-1.487962341044240056e+01,-1.075115000329671844e+01,2.040834683817956119e+01,-1.254927599311231390e+01,-5.691271712437259822e+00,1.988663430026881329e+01,-1.564532799609580138e+01
-9.832997753914533234e+00,-4.631617114661880308e+00,1.603674590249015353e+01,1.411169366242719603e+00,2.782452975256474392e+00,2.415962190106583751e+00,-7.046472370445946432e-01,1.829266260032608216e+01,-1.700737868545917664e+01,-8.376795240755703364e-01
2.241479717934264482e+00,9.500398718639448958e+00,-1.568403201882727593e+01,-1.020781167808955914e+01,1.931185705400363162e+00,1.586810376693718894e+01,-7.850600049958520010e+00,-1.033531178180446730e+01,1.770087689589061597e+01,2.419803821776459785e+01
2.020618149940919039e+00,-1.039087640830720183e+01,-5.329094451596040116e+00,2.155845081986387868e+01,1.428910520963896369e+00,2.952332161453718129e+00,-7.748859631084010324e+00,5.065752879341461679e+00,-1.335572644978617518e+01,2.318806303981344463e-01
-8.650394952124349501e+00,-2.056508565582621273e+01,2.129299220904115053e+00,-6.867106720308147949e+00,1.458777293799833341e+00,-1.523460768864419945e+00,-1.763231186876070566e+01,2.335110817511351300e+01,9.617267340156324451e+00,1.459988252925062646e+01
